عبارت,فرکانس کل,تعداد پرونده‌ی متمایز,دسته‌ی پیشنهادی,نزدیک‌ترین واژه‌ی موجود (امتیاز),پیشنهاد نهایی
دادگاه,20482,2330,role,رئیس دادگاه (0.79),واژه‌ی جدید
دادنامه,10656,2286,concept,دادرسی (0.76),واژه‌ی جدید
شماره,9150,2269,object,شماره پرونده (0.84),واژه‌ی جدید
صادر,6725,2249,role,صادرکننده (0.77),واژه‌ی جدید
صادره,5704,2114,role,صادرکننده (0.73),واژه‌ی جدید
عمومی,5575,2095,object,خدمات عمومی (0.74),واژه‌ی جدید
اینکه,6870,2065,object,قضیه (0.67),واژه‌ی جدید
خواسته,6402,2026,object,طلب (0.77),واژه‌ی جدید
خواهان,11578,2020,object,طلب (0.75),واژه‌ی جدید
اعلام,6194,2013,object,اعلامیه حراج (0.75),واژه‌ی جدید
استان,4292,2006,concept,شرکت (0.65),واژه‌ی جدید
نظر,6230,2004,role,صاحب‌نظر (0.77),واژه‌ی جدید
قابل,3598,2002,concept,قابل اجرا بودن (0.72),واژه‌ی جدید
دادنامه شماره,3611,1968,object,شماره پرونده (0.75),واژه‌ی جدید
آقای,9126,1961,role,نویسنده (0.71),واژه‌ی جدید
نسبت به,5016,1910,concept,نسبت (0.78),واژه‌ی جدید
مستشار,2280,1906,role,مشاور (0.80),واژه‌ی جدید
رئیس,3004,1871,role,رئیس دادگاه (0.79),واژه‌ی جدید
خصوص,4153,1864,concept,طی شرایط خاص (0.70),واژه‌ی جدید
دادگاه عمومی,3597,1858,role,دیوان عدالت اداری (0.77),واژه‌ی جدید
توجه,4741,1844,principle,احتیاط (0.78),واژه‌ی جدید
قطعی,2394,1831,concept,احکام قطعی (0.81),واژه‌ی جدید
روز,2934,1818,object,رکورد (0.55),واژه‌ی جدید
نماید,4911,1817,object,تبصره (0.61),واژه‌ی جدید
تجدیدنظر استان,3354,1806,concept,تجدیدنظر (0.83),واژه‌ی جدید
در خصوص,3697,1797,principle,طبق قانون (0.74),واژه‌ی جدید
توجه به,4350,1795,principle,احتیاط (0.77),واژه‌ی جدید
خوانده,8736,1783,object,تعرفه (0.60),واژه‌ی جدید
تهران,8117,1764,role,شهرداری (0.60),واژه‌ی جدید
طرفیت,3152,1753,action,تبعیت (0.70),واژه‌ی جدید
ابلاغ,2923,1747,action,استعلام (0.67),واژه‌ی جدید
ضمن,3217,1723,principle,طبق قانون (0.73),واژه‌ی جدید
دادگاه تجدیدنظر,2661,1721,role,دیوان عدالت اداری (0.78),واژه‌ی جدید
با توجه,4079,1717,principle,طبق قانون (0.73),واژه‌ی جدید
استناد,3503,1714,action,ارجاع (0.76),واژه‌ی جدید
به طرفیت,2996,1711,role,بی‌طرف (0.67),واژه‌ی جدید
بوده,5652,1709,object,بلیت (0.59),واژه‌ی جدید
وارد,3144,1697,action,واردات (0.74),واژه‌ی جدید
حقوقی,3932,1696,concept,شخص حقوقی (0.80),واژه‌ی جدید
مورخ,5239,1675,action,تقویم (0.66),واژه‌ی جدید
به اینکه,3486,1655,concept,علت (0.68),واژه‌ی جدید
ظرف,2206,1648,concept,ظرفیت (0.65),واژه‌ی جدید
استان تهران,3123,1643,role,مجلس شورای اسلامی (0.60),واژه‌ی جدید
موجب,3430,1638,concept,سبب (0.79),واژه‌ی جدید
تاریخ,6177,1633,object,رکورد (0.68),واژه‌ی جدید
قطعی است,1685,1609,concept,احکام قطعی (0.70),واژه‌ی جدید
مورد,5210,1603,object,نمونه (0.71),واژه‌ی جدید
خانم,4991,1601,concept,شخص (0.69),واژه‌ی جدید
عدم,4956,1599,action,عدم حضور (0.77),واژه‌ی جدید
حکم به,3170,1593,object,حکم (0.85),واژه‌ی جدید
شعبه,5860,1560,object,شعبه دادگاه (0.79),واژه‌ی جدید
صدور,3932,1551,concept,اطلاق (0.73),واژه‌ی جدید
مواد,3212,1547,role,مصالح (0.68),واژه‌ی جدید
به خواسته,2155,1537,object,طلب (0.71),واژه‌ی جدید
الف,6246,1499,role,مضمون (0.63),واژه‌ی جدید
محتویات,2157,1481,role,مضمون (0.70),واژه‌ی جدید
جهت,3768,1450,concept,جهت‌گیری (0.81),واژه‌ی جدید
موضوع,3533,1434,object,قضیه (0.74),واژه‌ی جدید
مذکور,3785,1425,object,یادداشت (0.69),واژه‌ی جدید
نظر به,2366,1409,role,صاحب‌نظر (0.73),واژه‌ی جدید
صادره از,2114,1404,action,صادر کردن گواهی (0.68),واژه‌ی جدید
به دادنامه,1797,1404,concept,دادرسی (0.72),واژه‌ی جدید
محترم,2806,1402,role,صاحب‌حق (0.70),واژه‌ی جدید
به موجب,2544,1388,principle,طبق قانون (0.77),واژه‌ی جدید
عمومی حقوقی,2310,1382,principle,حقوق عمومی (0.81),واژه‌ی جدید
بیست,1839,1361,role,مباشر (0.62),واژه‌ی جدید
محتویات پرونده,1911,1360,object,پرونده (0.79),واژه‌ی جدید
نمی,3284,1358,concept,غیرمستقل (0.58),واژه‌ی جدید
با وکالت,2820,1351,concept,وکالت (0.80),واژه‌ی جدید
می نماید,2596,1323,role,موصی له (0.67),واژه‌ی جدید
حضوری,1490,1310,action,عدم حضور (0.74),واژه‌ی جدید
وی,3643,1298,role,شاهد (0.63),واژه‌ی جدید
ابلاغ قابل,1509,1296,concept,قابل اجرا بودن (0.67),واژه‌ی جدید
تجدیدنظرخواه,2737,1269,concept,تجدیدنظر (0.89),alias پیشنهادی برای «تجدیدنظر»
گردد,2758,1260,object,عین (0.57),واژه‌ی جدید
داشته,3546,1250,role,صاحب‌نظر (0.63),واژه‌ی جدید
طرفین,3147,1248,principle,بی‌طرفی (0.68),واژه‌ی جدید
نیست,2314,1239,action,نفی (0.65),واژه‌ی جدید
تشخیص,1846,1233,action,ارزیابی (0.71),واژه‌ی جدید
به استناد,2030,1219,principle,طبق قانون (0.77),واژه‌ی جدید
بیست روز,1492,1212,object,هفتگی (0.54),واژه‌ی جدید
شرح,2416,1183,action,تفسیر (0.68),واژه‌ی جدید
مستنداً,1832,1175,principle,طبق قانون (0.74),واژه‌ی جدید
صدور حکم,2066,1159,action,صادر کردن حکم (0.91),alias پیشنهادی برای «صادر کردن حکم»
شود,2662,1156,action,حصول (0.61),واژه‌ی جدید
مستنداً به,1790,1156,principle,طبق قانون (0.75),واژه‌ی جدید
مبنی,1938,1149,principle,لحاظ (0.66),واژه‌ی جدید
صورت,2470,1132,object,وجه (0.78),واژه‌ی جدید
ندارد,2092,1124,action,عدم حضور (0.69),واژه‌ی جدید
دادگاه با,1550,1121,action,ورود به دادگاه (0.78),واژه‌ی جدید
از ابلاغ,1318,1110,concept,اطلاق (0.67),واژه‌ی جدید
داده,2493,1109,role,ديان (0.65),واژه‌ی جدید
مبنی بر,1834,1104,principle,طبق قانون (0.75),واژه‌ی جدید
رأی صادره,1675,1102,concept,نظر دادگاه (0.76),واژه‌ی جدید
بدوی,2222,1100,object,دیه (0.56),واژه‌ی جدید
دعوی خواهان,1735,1090,role,اصحاب دعوی (0.87),واژه‌ی جدید
عنایت,1600,1069,concept,وصایت (0.72),واژه‌ی جدید
اعلام می,1608,1065,object,اعلامیه حراج (0.72),واژه‌ی جدید
ارائه,1873,1054,action,پیشنهاد (0.78),واژه‌ی جدید
فوق,2022,1053,concept,تجاوز (0.65),واژه‌ی جدید
روز پس,1208,1048,action,طی نامه (0.57),واژه‌ی جدید
دلیل,1713,1043,concept,علت (0.91),alias پیشنهادی برای «علت»
مراتب,1500,1041,action,طبقه‌بندی (0.60),واژه‌ی جدید
با عنایت,1522,1037,principle,طبق قانون (0.71),واژه‌ی جدید
عنایت به,1516,1037,concept,وصایت (0.70),واژه‌ی جدید
مقررات,1776,1036,action,وضع مقررات (0.82),واژه‌ی جدید
نشده,1802,1027,concept,غیرمستند (0.67),واژه‌ی جدید
محاکم,1369,1019,action,محاکمه (0.83),واژه‌ی جدید
ریال,3389,1017,object,واحد پول (0.67),واژه‌ی جدید
اوراق,1407,1011,object,اوراق قرضه (0.82),واژه‌ی جدید
های,2722,1008,concept,هبه (0.69),واژه‌ی جدید
مطالبه,2586,991,object,طلب (0.78),واژه‌ی جدید
می گردد,1871,989,action,رجوع (0.67),واژه‌ی جدید
از تاریخ,1806,988,concept,خارج از موضوع (0.65),واژه‌ی جدید
مطابق,1687,983,principle,طبق قانون (0.82),واژه‌ی جدید
مبلغ,3336,981,action,پرداخت (0.72),واژه‌ی جدید
مدنی,1585,974,principle,حقوق مدنی (0.79),واژه‌ی جدید
حقوقی تهران,1703,965,object,خدمات حقوقی (0.70),واژه‌ی جدید
صادره حضوری,1012,964,action,صادر کردن گواهی (0.72),واژه‌ی جدید
به شرح,1828,960,principle,طبق قانون (0.66),واژه‌ی جدید
خواهان را,1203,948,object,طلب (0.76),واژه‌ی جدید
به پرداخت,2029,940,action,پرداخت (0.89),alias پیشنهادی برای «پرداخت»
تهران که,1006,939,principle,لحاظ (0.54),واژه‌ی جدید
فرزند,3277,928,role,کودک (0.78),واژه‌ی جدید
تقاضای,2022,927,object,طلب (0.83),واژه‌ی جدید
درخواست,1823,920,object,طلب (0.88),alias پیشنهادی برای «طلب»
تجدیدنظرخواسته,1384,916,concept,تجدیدنظر (0.86),واژه‌ی جدید
اظهارات,1665,914,object,اظهارنامه (0.77),واژه‌ی جدید
در تاریخ,2839,914,role,مضمون (0.65),واژه‌ی جدید
عنوان,2024,911,role,مضمون (0.74),واژه‌ی جدید
در پرونده,1425,910,object,پرونده (0.82),واژه‌ی جدید
اجرای,2056,904,concept,زمان اجرا (0.77),واژه‌ی جدید
اساس,1412,900,object,اساسنامه (0.73),واژه‌ی جدید
نمی باشد,1441,898,action,نفی (0.65),واژه‌ی جدید
انجام,2297,892,concept,ایجاد تعهد (0.72),واژه‌ی جدید
تقدیمی,1347,891,action,عرضه (0.67),واژه‌ی جدید
نبوده,1473,877,concept,نبود صلاحیت (0.66),واژه‌ی جدید
وجود,1576,875,concept,ظهور (0.67),واژه‌ی جدید
رسمی,3020,874,concept,رسمیت (0.72),واژه‌ی جدید
به مواد,1076,871,principle,طبق قانون (0.62),واژه‌ی جدید
ادعای,1587,870,concept,ادعا (0.89),alias پیشنهادی برای «ادعا»
سوی,1662,868,concept,سب (0.58),واژه‌ی جدید
تقدیم,1868,864,concept,تبرع (0.73),واژه‌ی جدید
حکم بر,1412,864,object,حکم (0.87),alias پیشنهادی برای «حکم»
خواهی,1844,863,object,طلب (0.71),واژه‌ی جدید
ایراد,1373,860,action,ایقاع (0.63),واژه‌ی جدید
حسب,1519,859,principle,طبق قانون (0.79),واژه‌ی جدید
بند,1935,857,action,توقیف (0.68),واژه‌ی جدید
دو,1950,855,role,ديان (0.61),واژه‌ی جدید
امور,1538,854,concept,احوال (0.67),واژه‌ی جدید
اول,2244,853,role,مباشر (0.65),واژه‌ی جدید
موجب آن,899,850,concept,سبب (0.78),واژه‌ی جدید
اقدام,1675,848,action,تصرف (0.74),واژه‌ی جدید
از سوی,1547,846,principle,طبق قانون (0.69),واژه‌ی جدید
اند,2368,843,object,سند (0.59),واژه‌ی جدید
کشور,2104,839,role,دولت (0.70),واژه‌ی جدید
ظرف بیست,1008,832,principle,طبق قانون (0.62),واژه‌ی جدید
علی,1203,824,role,ولی (0.61),واژه‌ی جدید
غیر,1417,817,concept,غیرمستقل (0.85),واژه‌ی جدید
وکالت آقای,1325,816,concept,وکالت (0.75),واژه‌ی جدید
چنین,1380,815,object,عین (0.64),واژه‌ی جدید
ننموده,1098,814,concept,نحله (0.64),واژه‌ی جدید
واقع,1465,811,object,قضیه (0.73),واژه‌ی جدید
بودن,1540,808,concept,صالح بودن (0.72),واژه‌ی جدید
سال,2305,807,concept,شرکت (0.66),واژه‌ی جدید
خسارات,1460,806,concept,خسارت (0.87),alias پیشنهادی برای «خسارت»
دادنامه تجدیدنظرخواسته,1189,805,action,تجدید دادرسی (0.75),واژه‌ی جدید
توسط,1478,804,principle,طبق قانون (0.71),واژه‌ی جدید
نداشته,1329,797,concept,نبود صلاحیت (0.65),واژه‌ی جدید
نقض دادنامه,961,796,action,نقض (0.79),واژه‌ی جدید
به مراتب,968,795,principle,لحاظ (0.66),واژه‌ی جدید
در محاکم,900,792,action,محاکمه (0.78),واژه‌ی جدید
موجه,1004,792,role,موجر (0.68),واژه‌ی جدید
امر,1468,786,concept,اماره (0.65),واژه‌ی جدید
اظهار,2048,785,object,اظهارنامه (0.83),واژه‌ی جدید
خانواده,1784,784,concept,رابطه خانوادگی (0.79),واژه‌ی جدید
طی,1846,776,action,طی نامه (0.81),واژه‌ی جدید
تعیین,1788,773,concept,حق تعیین (0.83),واژه‌ی جدید
صادر شده,1125,765,role,صادرکننده (0.74),واژه‌ی جدید
مدت,1500,763,concept,بذل مدت (0.75),واژه‌ی جدید
ملاحظه,1051,762,principle,ملاحظه قانونی (0.83),واژه‌ی جدید
انقلاب,1239,762,object,حق‌التحریر (0.63),واژه‌ی جدید
عمل,1230,761,concept,عهد عمل (0.76),واژه‌ی جدید
دیوان,2012,760,role,دیوان عدالت اداری (0.71),واژه‌ی جدید
زوجه,6800,757,concept,نفقه (0.70),واژه‌ی جدید
قسمت,1364,756,object,قضیه (0.72),واژه‌ی جدید
اصل,1459,754,concept,اصیل (0.75),واژه‌ی جدید
نامه,2589,750,action,طی نامه (0.79),واژه‌ی جدید
به شماره,1307,750,object,شماره پرونده (0.76),واژه‌ی جدید
خواهان صادر,848,748,action,صادر کردن حکم (0.72),واژه‌ی جدید
بین,1345,744,concept,بینونت (0.63),واژه‌ی جدید
ضمن رد,823,744,action,رد (0.81),واژه‌ی جدید
در حق,1102,742,concept,حق (0.78),واژه‌ی جدید
طبق,1387,742,principle,طبق قانون (0.85),واژه‌ی جدید
این رأی,905,737,object,رأی (0.82),واژه‌ی جدید
می شود,1290,735,concept,مظنه (0.65),واژه‌ی جدید
بابت,1740,732,principle,لحاظ (0.72),واژه‌ی جدید
زمان,1517,727,concept,زمان اجرا (0.70),واژه‌ی جدید
خوانده به,1111,726,action,فراخواندن (0.62),واژه‌ی جدید
احراز,1098,721,action,احراز هویت (0.81),واژه‌ی جدید
نظریه,1682,719,concept,نظریه مشورتی (0.76),واژه‌ی جدید
عالی,1667,716,role,صاحب‌حق (0.63),واژه‌ی جدید
بنا,1003,716,object,نام (0.61),واژه‌ی جدید
در دادگاه,886,715,action,ورود به دادگاه (0.82),واژه‌ی جدید
زوج,5148,714,concept,ازدواج (0.70),واژه‌ی جدید
رعایت,1034,710,principle,رعایت حقوق (0.86),واژه‌ی جدید
به محتویات,844,702,role,مضمون (0.69),واژه‌ی جدید
ای,1463,698,role,مضمون (0.65),واژه‌ی جدید
مطروحه,1062,695,concept,مضاربه (0.61),واژه‌ی جدید
طرفیت آقای,865,692,role,صاحب‌نظر (0.64),واژه‌ی جدید
تجدید,1692,691,action,تجدید نظر (0.82),واژه‌ی جدید
حاضر,1302,689,role,مخاطب (0.67),واژه‌ی جدید
تهران می,755,687,role,شهرداری (0.56),واژه‌ی جدید
رای صادره,1010,686,concept,نظر دادگاه (0.78),واژه‌ی جدید
از دادنامه,872,683,action,طی روند دادرسی (0.72),واژه‌ی جدید
ناحیه,1191,682,object,محل (0.66),واژه‌ی جدید
حضور,1391,682,action,عدم حضور (0.79),واژه‌ی جدید
بر اساس,963,680,principle,طبق قانون (0.79),واژه‌ی جدید
گرفته,1116,679,action,گرفتن (0.83),واژه‌ی جدید
در مورد,1324,678,concept,خارج از موضوع (0.73),واژه‌ی جدید
ایشان,1748,676,role,موصی له (0.61),واژه‌ی جدید
میلیون,1881,676,object,واحد پول (0.63),واژه‌ی جدید
عالی کشور,1506,671,principle,قضائی (0.57),واژه‌ی جدید
کند,1386,670,role,هیات (0.57),واژه‌ی جدید
دلیلی,875,670,object,دلایل توجیهی (0.74),واژه‌ی جدید
در امور,927,666,principle,طبق قانون (0.67),واژه‌ی جدید
دیوان عالی,1548,666,role,دیوان عدالت اداری (0.89),alias پیشنهادی برای «دیوان عدالت اداری»
مورخه,1405,666,action,تقویم (0.69),واژه‌ی جدید
معترض,971,665,action,اعتراض (0.89),alias پیشنهادی برای «اعتراض»
بی,989,665,role,بی‌طرف (0.64),واژه‌ی جدید
استناد به,888,664,action,ارجاع (0.73),واژه‌ی جدید
همان,1072,663,concept,هم‌راهی (0.65),واژه‌ی جدید
به لحاظ,1108,663,principle,لحاظ (0.84),واژه‌ی جدید
در جلسه,1008,662,object,جلسه (0.90),alias پیشنهادی برای «جلسه»
تشکیل,1271,661,action,تأسیس (0.73),واژه‌ی جدید
خصوص دعوی,753,661,concept,دعوی (0.80),واژه‌ی جدید
موازین,792,658,principle,موازنه (0.62),واژه‌ی جدید
هیچ,1092,656,action,نفی (0.59),واژه‌ی جدید
مفاد,1010,655,concept,منافع اقتصادی (0.77),واژه‌ی جدید
صادر گردیده,775,655,action,صادر کردن گواهی (0.71),واژه‌ی جدید
دوم,1609,653,action,داوری (0.56),واژه‌ی جدید
خواهد,984,650,concept,تمایل (0.62),واژه‌ی جدید
بدون,1092,646,concept,غیرمستقل (0.72),واژه‌ی جدید
دادخواست تقدیمی,772,644,object,دادخواست (0.86),واژه‌ی جدید
طرح,1189,641,action,پیشنهاد (0.65),واژه‌ی جدید
بطرفیت,942,641,role,بی‌طرف (0.76),واژه‌ی جدید
را وارد,730,636,action,ورود اطلاعات (0.78),واژه‌ی جدید
گزارش,1099,632,action,گزارش‌گیری (0.84),واژه‌ی جدید
از ناحیه,1058,631,principle,طبق قانون (0.66),واژه‌ی جدید
قابل تجدیدنظرخواهی,682,628,concept,قابل تجدیدنظر (0.97),alias پیشنهادی برای «قابل تجدیدنظر»
مشترک,2179,626,concept,فصل مشترک (0.76),واژه‌ی جدید
ارسال,1091,622,action,نقل (0.71),واژه‌ی جدید
توضیح,864,620,object,دلایل توجیهی (0.77),واژه‌ی جدید
رد دعوی,946,620,concept,دعوی نفی مالکیت (0.77),واژه‌ی جدید
ثابت,803,620,object,ثابت‌نامه (0.82),واژه‌ی جدید
تجدیدنظرخواهی آقای,652,619,concept,تجدیدنظر (0.80),واژه‌ی جدید
درخصوص,1071,616,principle,طبق قانون (0.74),واژه‌ی جدید
مقرر,1154,614,action,برآورد (0.69),واژه‌ی جدید
به عنوان,1248,614,principle,طبق قانون (0.72),واژه‌ی جدید
مصوب,940,612,object,تصویب‌نامه (0.75),واژه‌ی جدید
دفتر,1164,610,object,دفترخانه (0.85),واژه‌ی جدید
وکیل خواهان,1175,608,role,وکیل (0.82),واژه‌ی جدید
موکل,2295,607,role,مودع (0.69),واژه‌ی جدید
استماع,1113,603,action,ضبط (0.72),واژه‌ی جدید
زندگی,2190,602,concept,حق زندگی (0.70),واژه‌ی جدید
خسارات دادرسی,875,598,object,هزینه‌های دادرسی (0.79),واژه‌ی جدید
اوراق پرونده,706,598,object,پرونده (0.80),واژه‌ی جدید
عنه,797,598,role,موصی له (0.67),واژه‌ی جدید
مندرج,967,596,object,منقول (0.77),واژه‌ی جدید
برابر,1083,595,concept,همزمانی (0.69),واژه‌ی جدید
رسیدگی به,1062,591,action,رسیدگی (0.95),alias پیشنهادی برای «رسیدگی»
موجود,784,590,action,وضع (0.67),واژه‌ی جدید
حیث,848,589,concept,حیازت (0.70),واژه‌ی جدید
نشده است,812,587,concept,غیرمستند (0.66),واژه‌ی جدید
محترم تجدیدنظر,650,586,concept,تجدیدنظر (0.86),واژه‌ی جدید
با استناد,750,586,principle,طبق قانون (0.78),واژه‌ی جدید
سه,1266,585,role,ثالث (0.73),واژه‌ی جدید
رابطه,954,580,concept,رابطه حقوقی (0.82),واژه‌ی جدید
نامبرده,1079,580,concept,بی‌نام (0.71),واژه‌ی جدید
فراهم,691,578,action,تأمین (0.73),واژه‌ی جدید
اسناد,1461,575,object,اسناد رسمی (0.87),واژه‌ی جدید
طرف,1052,574,role,بی‌طرف (0.75),واژه‌ی جدید
دهد,842,573,object,دیه (0.65),واژه‌ی جدید
مندرج در,904,573,role,مضمون (0.72),واژه‌ی جدید
بنا به,716,571,principle,طبق قانون (0.77),واژه‌ی جدید
بوده است,1018,570,concept,ملزم بودن (0.65),واژه‌ی جدید
ها,1720,570,concept,هبه (0.73),واژه‌ی جدید
این شعبه,783,568,object,شعبه دادگاه (0.68),واژه‌ی جدید
امور مدنی,724,565,principle,حقوق مدنی (0.84),واژه‌ی جدید
لذا دادگاه,663,564,concept,نظر دادگاه (0.69),واژه‌ی جدید
بطلان دعوی,846,564,concept,بطلان (0.78),واژه‌ی جدید
موجبات,635,563,concept,سبب (0.71),واژه‌ی جدید
مرحله,721,560,action,گام (0.63),واژه‌ی جدید
فاقد,830,559,concept,نبود صلاحیت (0.74),واژه‌ی جدید
ثبتی,1647,555,action,ثبت (0.90),alias پیشنهادی برای «ثبت»
در صورت,797,552,principle,فقط در صورت (0.82),واژه‌ی جدید
کلاسه,880,552,concept,کلاس (0.83),واژه‌ی جدید
به دادگاه,794,550,concept,به‌محکومیت (0.77),واژه‌ی جدید
قرائت,820,548,concept,استقراء (0.68),واژه‌ی جدید
دلالت,768,547,concept,کفالت (0.70),واژه‌ی جدید
انقلاب در,756,545,action,تغییر (0.59),واژه‌ی جدید
نگردیده,737,542,role,بزه‌دیده (0.65),واژه‌ی جدید
از شعبه,749,539,object,شعبه دادگاه (0.73),واژه‌ی جدید
تجدیدنظرخوانده,1011,539,concept,تجدیدنظر (0.85),واژه‌ی جدید
بخش,1200,538,object,بخش‌نامه (0.82),واژه‌ی جدید
دانسته,718,537,object,تعرفه (0.69),واژه‌ی جدید
اثبات,1109,537,concept,ثبوت (0.89),alias پیشنهادی برای «ثبوت»
تواند,765,537,concept,مظنه (0.61),واژه‌ی جدید
نکرده,731,534,concept,نبود صلاحیت (0.61),واژه‌ی جدید
همین,765,533,role,مضمون (0.60),واژه‌ی جدید
فیه,762,527,role,مضمون (0.59),واژه‌ی جدید
خصوص دادخواست,595,527,object,دادخواست (0.86),واژه‌ی جدید
به بطلان,831,527,concept,بطلان (0.84),واژه‌ی جدید
تجدیدنظرخواهی در,573,526,concept,تجدیدنظر (0.87),واژه‌ی جدید
اصول,606,520,principle,قوانین (0.64),واژه‌ی جدید
ذیل,783,518,action,زیرنظر (0.60),واژه‌ی جدید
ابرازی,676,515,action,خوداظهاری (0.76),واژه‌ی جدید
او,1521,515,role,ولی (0.59),واژه‌ی جدید
روز از,575,515,concept,خارج از موضوع (0.60),واژه‌ی جدید
محرز,625,515,role,مکره (0.64),واژه‌ی جدید
مهلت,755,514,concept,صلاحیت (0.68),واژه‌ی جدید
بعد,1144,514,principle,طبق قانون (0.63),واژه‌ی جدید
ملک,1864,513,object,فرع ملک (0.72),واژه‌ی جدید
دادگاه به,596,513,concept,به‌محکومیت (0.75),واژه‌ی جدید
قبل,890,513,concept,پیش‌فروش (0.65),واژه‌ی جدید
رأی قطعی,531,512,object,رای نهایی (0.86),واژه‌ی جدید
تاریخ ابلاغ,574,511,concept,اطلاق (0.62),واژه‌ی جدید
به عمل,708,510,concept,عهد عمل (0.71),واژه‌ی جدید
موصوف,785,510,role,موصی (0.76),واژه‌ی جدید
عضو,775,506,concept,رکن دعوی (0.75),واژه‌ی جدید
سپس,794,505,concept,سبب (0.56),واژه‌ی جدید
را صادر,638,503,action,صادر کردن گواهی (0.63),واژه‌ی جدید
یافته,671,500,action,یافتن (0.78),واژه‌ی جدید
پرونده به,807,499,object,پرونده (0.84),واژه‌ی جدید
آن حکم,520,498,object,حکم (0.80),واژه‌ی جدید
حال,783,496,concept,احوال (0.68),واژه‌ی جدید
پاسخ,906,496,action,رد (0.82),واژه‌ی جدید
شرایط,775,495,concept,شرط (0.81),واژه‌ی جدید
ضمن نقض,544,493,action,نقض (0.86),واژه‌ی جدید
این دادگاه,699,491,concept,نظر دادگاه (0.71),واژه‌ی جدید
خواهان در,635,490,role,اصحاب دعوی (0.78),واژه‌ی جدید
بالا,536,487,concept,خارج از موضوع (0.61),واژه‌ی جدید
صادره قطعی,501,487,concept,احکام قطعی (0.76),واژه‌ی جدید
دادگستری,723,486,role,واحد دادگستری (0.81),واژه‌ی جدید
پرداخت مبلغ,815,486,action,پرداخت (0.88),alias پیشنهادی برای «پرداخت»
مرقوم,810,486,role,ضامن (0.58),واژه‌ی جدید
طرفیت خانم,589,484,action,پشتیبانی (0.61),واژه‌ی جدید
اخذ,881,482,action,گرفتن (0.85),واژه‌ی جدید
از حیث,635,480,principle,طبق قانون (0.72),واژه‌ی جدید
بیان,910,479,concept,ادعا (0.66),واژه‌ی جدید
میزان,896,478,concept,حد (0.73),واژه‌ی جدید
جمله,631,476,role,مضمون (0.71),واژه‌ی جدید
قرائت گزارش,493,476,action,گزارش‌گیری (0.76),واژه‌ی جدید
زوجیت,929,475,concept,ازدواج (0.75),واژه‌ی جدید
است،,965,475,principle,طبق قانون (0.63),واژه‌ی جدید
اولاً,619,474,concept,مشروط (0.62),واژه‌ی جدید
اصلی,1219,474,role,مضمون (0.69),واژه‌ی جدید
به وکالت,694,473,concept,وکالت (0.81),واژه‌ی جدید
وفق,632,473,principle,طبق قانون (0.67),واژه‌ی جدید
نتیجه,701,473,concept,علت (0.69),واژه‌ی جدید
خواسته را,615,472,object,طلب (0.75),واژه‌ی جدید
آقای الف,1014,472,concept,شخص (0.66),واژه‌ی جدید
حق خواهان,543,471,role,صاحب‌حق (0.76),واژه‌ی جدید
اخیر,577,471,concept,خارج از موضوع (0.65),واژه‌ی جدید
رییس,600,470,role,رئیس دادگاه (0.69),واژه‌ی جدید
متضمن,526,470,role,مضمون (0.73),واژه‌ی جدید
ماه,871,469,object,مالیات (0.64),واژه‌ی جدید
مربوط,676,469,role,وابسته (0.71),واژه‌ی جدید
لازم,710,468,concept,لازمه (0.87),alias پیشنهادی برای «لازمه»
دادگاه محترم,646,467,concept,نظر دادگاه (0.75),واژه‌ی جدید
محسوب,608,466,principle,لحاظ (0.70),واژه‌ی جدید
آمده,689,466,object,رسید (0.75),واژه‌ی جدید
ماده,733,466,object,عقار (0.65),واژه‌ی جدید
مطرح,697,463,role,مدعی (0.65),واژه‌ی جدید
مزبور,898,462,role,مغبون (0.62),واژه‌ی جدید
لوایح,625,462,object,لایحه (0.71),واژه‌ی جدید
آقایان,798,462,action,پیشنهاد (0.64),واژه‌ی جدید
صحیح,579,462,role,صاحب‌حق (0.72),واژه‌ی جدید
مدارک,718,462,object,مدرک (0.79),واژه‌ی جدید
اداره,1116,460,role,دولت (0.73),واژه‌ی جدید
دلایل,609,459,concept,علت (0.88),alias پیشنهادی برای «علت»
خواندگان,1939,458,role,مأذون (0.57),واژه‌ی جدید
مستندا,639,457,object,مستندات (0.77),واژه‌ی جدید
زوجین,1212,457,concept,ازدواج (0.72),واژه‌ی جدید
شعبه در,497,456,object,شعبه دادگاه (0.74),واژه‌ی جدید
از قرائت,466,454,concept,استقراء (0.68),واژه‌ی جدید
بالا تشکیل,463,453,concept,ایجاد تعهد (0.56),واژه‌ی جدید
خواه,1120,453,concept,تمایل (0.66),واژه‌ی جدید
منزل,1288,452,object,محل (0.62),واژه‌ی جدید
آیین,612,452,object,آئین نامه (0.68),واژه‌ی جدید
خواهان به,582,451,object,طلب (0.79),واژه‌ی جدید
جهات,569,450,concept,جهت‌گیری (0.65),واژه‌ی جدید
دادگاه در,640,450,action,ورود به دادگاه (0.78),واژه‌ی جدید
ثانیاً,591,450,object,تبصره (0.62),واژه‌ی جدید
دیگری,659,449,role,ثالث (0.64),واژه‌ی جدید
عادی,1072,449,concept,شخص طبیعی (0.59),واژه‌ی جدید
سایر,679,448,concept,خارج از موضوع (0.63),واژه‌ی جدید
انتقال,1454,448,action,نقل (0.82),واژه‌ی جدید
می‌باشد,1231,446,concept,قانونی بودن (0.65),واژه‌ی جدید
میلیون ریال,927,445,object,واحد پول (0.67),واژه‌ی جدید
به مبلغ,751,444,action,پرداخت (0.71),واژه‌ی جدید
الذکر,612,444,action,یادآوری (0.74),واژه‌ی جدید
ندانسته,509,442,concept,غیرمستند (0.61),واژه‌ی جدید
می دهد,586,441,role,وام‌دهنده (0.69),واژه‌ی جدید
لیکن,614,441,role,ولی (0.73),واژه‌ی جدید
دعوای,991,440,concept,کشمکش حقوقی (0.79),واژه‌ی جدید
دارای,685,439,concept,برخورداری (0.70),واژه‌ی جدید
بوده که,596,439,concept,ملزم بودن (0.62),واژه‌ی جدید
تجدیدنظرخواه به,516,439,concept,تجدیدنظر (0.84),واژه‌ی جدید
آئین,591,439,object,آئین نامه (0.82),واژه‌ی جدید
تاریخ بالا,448,438,action,تقویم (0.62),واژه‌ی جدید
مشاوره نموده,446,438,action,مشاوره (0.83),واژه‌ی جدید
علیه,880,438,concept,ضد حقوق بشر (0.77),واژه‌ی جدید
خصوص تجدیدنظرخواهی,455,438,concept,تجدیدنظر (0.80),واژه‌ی جدید
مستند,656,437,object,مستندات (0.76),واژه‌ی جدید
بخواسته,561,436,action,واخواست (0.68),واژه‌ی جدید
من,1904,434,concept,منقص (0.64),واژه‌ی جدید
اقامه,624,434,action,اقاله (0.83),واژه‌ی جدید
خارج,687,434,concept,خارج از قلمرو (0.76),واژه‌ی جدید
مندرجات,544,434,action,طبقه‌بندی (0.65),واژه‌ی جدید
نه,711,433,action,نفی (0.68),واژه‌ی جدید
پرونده کلاسه,601,432,object,پرونده (0.80),واژه‌ی جدید
قبول,771,431,action,پذیرش (0.87),واژه‌ی جدید
وکالت از,651,430,concept,وکالت (0.79),واژه‌ی جدید
کارشناس,1124,428,role,مشاور (0.74),واژه‌ی جدید
تحت,666,428,action,زیر پای حقوق (0.73),واژه‌ی جدید
ردیف,1884,428,action,رد (0.71),واژه‌ی جدید
همچنین,679,428,role,مضمون (0.59),واژه‌ی جدید
اعاده,982,427,action,اعاده اعتبار (0.84),واژه‌ی جدید
داده است,657,427,concept,شخص (0.67),واژه‌ی جدید
موارد,691,427,object,نمونه (0.68),واژه‌ی جدید
مربوط به,600,425,concept,خارج از موضوع (0.69),واژه‌ی جدید
آئین دادرسی,557,423,concept,آیین دادرسی (0.93),alias پیشنهادی برای «آیین دادرسی»
دادخواستی,484,421,object,دادخواست (0.92),alias پیشنهادی برای «دادخواست»
امکان,933,421,action,پیشنهاد (0.70),واژه‌ی جدید
ممیز,470,420,concept,تمایز (0.67),واژه‌ی جدید
دادگاههای,583,419,role,دیوان عدالت اداری (0.74),واژه‌ی جدید
بعد از,825,419,principle,طبق قانون (0.65),واژه‌ی جدید
استفاده,690,418,action,استعمال (0.95),alias پیشنهادی برای «استعمال»
شرعی,596,418,principle,شرع (0.72),واژه‌ی جدید
از جمله,545,418,principle,لحاظ (0.64),واژه‌ی جدید
قرار رد,651,417,action,قرار (0.74),واژه‌ی جدید
یکی,585,417,concept,شخص (0.70),واژه‌ی جدید
خوانده در,558,417,role,محکوم‌علیه (0.61),واژه‌ی جدید
شهرستان,784,416,principle,محیط (0.63),واژه‌ی جدید
اعتبار,644,416,action,اعاده اعتبار (0.74),واژه‌ی جدید
تومان,1112,415,object,واحد پول (0.66),واژه‌ی جدید
دادنامه معترض,487,414,action,اعتراض (0.75),واژه‌ی جدید
زندگی مشترک,1152,412,concept,ازدواج (0.75),واژه‌ی جدید
وقت,833,412,concept,ضیق وقت (0.71),واژه‌ی جدید
دریافت,767,412,action,وصول (0.81),واژه‌ی جدید
فلذا,549,411,concept,سبب (0.59),واژه‌ی جدید
ابراز,508,410,action,خوداظهاری (0.76),واژه‌ی جدید
دادگاه دعوی,436,410,concept,دعوی (0.87),واژه‌ی جدید
معترض عنه,506,409,action,اعتراض (0.82),واژه‌ی جدید
مالی,799,408,concept,مالیت (0.81),واژه‌ی جدید
منطبق,467,408,object,منقول (0.72),واژه‌ی جدید
مرجع,640,408,role,مرجع قضائی (0.71),واژه‌ی جدید
ادامه,697,408,concept,خارج از موضوع (0.68),واژه‌ی جدید
عضو ممیز,453,407,concept,رکن دعوی (0.64),واژه‌ی جدید
را فراهم,426,407,concept,ایجاد تعهد (0.68),واژه‌ی جدید
مستشار دادگاه,418,407,role,رئیس دادگاه (0.71),واژه‌ی جدید
محاکم محترم,434,407,action,محاکمه (0.74),واژه‌ی جدید
مبادرت,649,406,concept,اجرت (0.62),واژه‌ی جدید
تشکیل گردید,419,405,action,تأسیس (0.68),واژه‌ی جدید
اعلام نموده,606,404,object,اعلامیه حراج (0.67),واژه‌ی جدید
به رد,572,404,action,رد (0.86),واژه‌ی جدید
قبل از,670,404,concept,پیش‌فروش (0.65),واژه‌ی جدید
محکومیت خوانده,508,403,concept,محکومیت (0.87),واژه‌ی جدید
دادگاه خانواده,542,401,object,قانون خانواده (0.78),واژه‌ی جدید
تجدیدنظرخواسته را,461,400,concept,تجدیدنظر (0.83),واژه‌ی جدید
می‌نماید,790,400,role,موصی له (0.67),واژه‌ی جدید
که موجبات,409,399,concept,سبب (0.76),واژه‌ی جدید
فی,696,399,role,مضمون (0.60),واژه‌ی جدید
در مقام,559,397,role,مقام (0.79),واژه‌ی جدید
دعوی مطروحه,507,395,action,اقامه دعوی (0.84),واژه‌ی جدید
وقوع,678,394,concept,وقوع جرم (0.86),واژه‌ی جدید
جهت رسیدگی,580,394,action,رسیدگی (0.88),alias پیشنهادی برای «رسیدگی»
موازین قانونی,430,393,concept,فضای قانونی (0.68),واژه‌ی جدید
صادر می,512,393,role,صادرکننده (0.75),واژه‌ی جدید
تجدیدنظر خواسته,596,393,concept,تجدیدنظر (0.85),واژه‌ی جدید
بدین,509,392,object,دیه (0.63),واژه‌ی جدید
شعبه ارجاع,415,390,action,ارجاع (0.84),واژه‌ی جدید
اقدام به,620,388,action,تصرف (0.75),واژه‌ی جدید
ابطال,1273,388,role,مبطل (0.67),واژه‌ی جدید
خواسته خواهان,474,387,object,طلب (0.79),واژه‌ی جدید
صرف,492,386,principle,لحاظ (0.68),واژه‌ی جدید
قابلیت,517,383,concept,قابلیت اجرایی (0.81),واژه‌ی جدید
قانون آئین,492,383,object,آئین نامه (0.74),واژه‌ی جدید
این امر,538,382,object,قضیه (0.61),واژه‌ی جدید
نموده اند,641,381,action,تصرف (0.63),واژه‌ی جدید
دارم,791,381,action,گرفتن (0.67),واژه‌ی جدید
اینکه در,470,380,principle,طبق قانون (0.66),واژه‌ی جدید
به دیوان,424,380,concept,به‌محکومیت (0.66),واژه‌ی جدید
به صدور,556,380,action,صادر کردن حکم (0.72),واژه‌ی جدید
ننموده است,453,380,concept,غیرمستند (0.62),واژه‌ی جدید
الوکاله,609,379,object,حق‌الوکاله (0.85),واژه‌ی جدید
یکی از,510,377,concept,شخص (0.61),واژه‌ی جدید
طرفی,469,377,role,بی‌طرف (0.74),واژه‌ی جدید
کننده,502,377,role,وام‌دهنده (0.74),واژه‌ی جدید
مبادرت به,604,376,object,موصى به (0.65),واژه‌ی جدید
نموده چنین,376,375,principle,لحاظ (0.60),واژه‌ی جدید
دادگاه بدوی,598,375,object,شعبه دادگاه (0.66),واژه‌ی جدید
احتساب,487,374,object,مالیات (0.70),واژه‌ی جدید
که خواهان,434,374,role,اصحاب دعوی (0.71),واژه‌ی جدید
وصف,543,374,role,مضمون (0.67),واژه‌ی جدید
خواسته صدور,411,374,object,طلب (0.73),واژه‌ی جدید
مستندا به,511,372,principle,طبق قانون (0.75),واژه‌ی جدید
به شعبه,616,372,object,شعبه دادگاه (0.72),واژه‌ی جدید
موجبات نقض,377,372,action,نقض (0.77),واژه‌ی جدید
تحویل,1065,372,action,تحویل حکم (0.84),واژه‌ی جدید
آنان,676,372,role,اهل (0.62),واژه‌ی جدید
ناشی,615,371,concept,سبب (0.71),واژه‌ی جدید
معرفی,750,371,action,پیشنهاد (0.77),واژه‌ی جدید
دادگاههای عمومی,495,370,principle,حقوق عمومی (0.75),واژه‌ی جدید
وکلای,752,369,role,وکیل (0.79),واژه‌ی جدید
اشکال,403,367,concept,نقص (0.70),واژه‌ی جدید
در زمان,610,365,principle,طبق قانون (0.70),واژه‌ی جدید
نداده,429,365,concept,نبود صلاحیت (0.67),واژه‌ی جدید
خانواده تهران,527,365,concept,رابطه خانوادگی (0.63),واژه‌ی جدید
دادگاه حقوقی,471,364,object,بنیاد حقوقی (0.77),واژه‌ی جدید
نظر استان,441,362,concept,نظر دادگاه (0.69),واژه‌ی جدید
وکیل خوانده,580,362,role,وکیل (0.76),واژه‌ی جدید
گونه,492,361,concept,نوع جرم (0.64),واژه‌ی جدید
قید,541,361,action,وضع قید (0.83),واژه‌ی جدید
سوم,705,361,role,ثالث (0.77),واژه‌ی جدید
ریال بابت,743,359,principle,لحاظ (0.61),واژه‌ی جدید
قانون آیین,464,359,concept,آیین دادرسی (0.68),واژه‌ی جدید
شعبه محترم,423,359,object,شعبه دادگاه (0.73),واژه‌ی جدید
فوق الذکر,477,358,concept,خارج از موضوع (0.68),واژه‌ی جدید
موجود در,402,357,concept,شخص (0.66),واژه‌ی جدید
این رای,419,357,object,رأی (0.78),واژه‌ی جدید
ناشی از,578,356,concept,سبب (0.78),واژه‌ی جدید
اظهار داشته,843,355,object,اظهارنامه (0.76),واژه‌ی جدید
فرجام خواهی,831,355,action,فرجام (0.73),واژه‌ی جدید
از طرف,565,354,principle,طبق قانون (0.72),واژه‌ی جدید
کار,691,353,role,کارمند (0.71),واژه‌ی جدید
استناد مواد,394,353,object,مستندات (0.67),واژه‌ی جدید
مراجعه,571,353,action,رجوع (0.79),واژه‌ی جدید
راجع,555,352,action,رجوع (0.75),واژه‌ی جدید
مهریه,1677,351,object,ارثیه (0.68),واژه‌ی جدید
از طرفی,433,351,role,بی‌طرف (0.72),واژه‌ی جدید
ما,615,351,concept,تعریف (0.65),واژه‌ی جدید
انضمام,497,350,principle,شمولیت (0.81),واژه‌ی جدید
ان,1546,349,object,اعیان (0.65),واژه‌ی جدید
با احتساب,439,349,principle,طبق قانون (0.75),واژه‌ی جدید
کارشناسی,788,349,concept,نظریه کارشناسی (0.81),واژه‌ی جدید
تأیید می,364,349,action,تأیید (0.91),alias پیشنهادی برای «تأیید»
قابل اعتراض,383,348,concept,حق اعتراض (0.82),واژه‌ی جدید
دادرسی دادگاههای,458,348,concept,دادرسی (0.84),واژه‌ی جدید
کشور ارسال,373,348,action,نقل (0.62),واژه‌ی جدید
راجع به,544,347,concept,خارج از موضوع (0.70),واژه‌ی جدید
به نظر,422,347,role,صاحب‌نظر (0.72),واژه‌ی جدید
دادنامه تجدیدنظر,490,347,action,تجدید دادرسی (0.79),واژه‌ی جدید
هنگام,423,346,action,طی آگهی (0.67),واژه‌ی جدید
حکایت,447,346,action,ذکر (0.68),واژه‌ی جدید
وکالت خانم,492,345,concept,وکالت (0.73),واژه‌ی جدید
دادرس,387,345,concept,دادرسی (0.86),واژه‌ی جدید
تجدیدنظر در,375,345,concept,تجدیدنظر (0.95),alias پیشنهادی برای «تجدیدنظر»
به نام,619,345,object,نام (0.83),واژه‌ی جدید
شش,598,345,concept,خمس (0.62),واژه‌ی جدید
وارد تشخیص,404,344,action,ورود اطلاعات (0.68),واژه‌ی جدید
نمایند,484,344,role,نماینده (0.81),واژه‌ی جدید
اعمال,642,344,action,تصرف (0.69),واژه‌ی جدید
تلقی,462,343,principle,لحاظ (0.66),واژه‌ی جدید
بلکه,427,343,principle,لحاظ (0.62),واژه‌ی جدید
خواهد بود,449,342,action,پیش‌گویی (0.60),واژه‌ی جدید
مانحن,411,341,concept,منقص (0.60),واژه‌ی جدید
به انضمام,475,340,action,پیوست (0.71),واژه‌ی جدید
استنادی,509,338,action,ارجاع (0.71),واژه‌ی جدید
به خوانده,509,338,role,مخاطب (0.63),واژه‌ی جدید
اقای,1722,337,role,صاحب‌حق (0.69),واژه‌ی جدید
داشته است,530,336,concept,شخص (0.71),واژه‌ی جدید
قواعد,383,336,principle,قوانین (0.80),واژه‌ی جدید
خویش,546,336,action,خوداظهاری (0.67),واژه‌ی جدید
طریق,483,336,principle,لحاظ (0.59),واژه‌ی جدید
یاد,534,335,action,یادآوری (0.78),واژه‌ی جدید
می تواند,432,335,concept,مظنه (0.65),واژه‌ی جدید
به خواهان,464,334,object,طلب (0.71),واژه‌ی جدید
بر اینکه,415,334,principle,طبق قانون (0.67),واژه‌ی جدید
کیفری,1014,333,concept,کیفر (0.85),واژه‌ی جدید
باب,540,333,concept,سب (0.60),واژه‌ی جدید
مکلف,411,332,role,مكفول (0.71),واژه‌ی جدید
چند,443,332,concept,عده (0.73),واژه‌ی جدید
قضایی,516,331,principle,قضائی (0.81),واژه‌ی جدید
دلیلی بر,383,331,object,دلایل توجیهی (0.83),واژه‌ی جدید
قرار گرفته,463,330,action,وضع (0.72),واژه‌ی جدید
بر محکومیت,420,330,concept,به‌محکومیت (0.92),alias پیشنهادی برای «به‌محکومیت»
اختیار,504,329,concept,حق انتخاب (0.69),واژه‌ی جدید
اصدار,391,329,action,پشتیبانی (0.65),واژه‌ی جدید
خواسته مطالبه,404,328,object,طلب (0.80),واژه‌ی جدید
به دلیل,470,328,concept,علت (0.83),واژه‌ی جدید
ختم,434,328,action,تعلیق (0.60),واژه‌ی جدید
رد تجدیدنظرخواهی,343,328,object,رای تجدیدنظر (0.76),واژه‌ی جدید
اعتباری,395,328,action,اعاده اعتبار (0.70),واژه‌ی جدید
محاکم تجدیدنظر,377,328,concept,تجدیدنظر (0.74),واژه‌ی جدید
اصلاح,559,326,action,اصلاح ذات‌البین (0.77),واژه‌ی جدید
عهده,441,325,concept,ذمه (0.69),واژه‌ی جدید
لغایت,622,325,concept,کفایت (0.66),واژه‌ی جدید
به جهت,467,324,concept,سبب (0.72),واژه‌ی جدید
ردیف اول,871,324,action,توقیف (0.60),واژه‌ی جدید
چنین رأی,373,323,object,رأی (0.76),واژه‌ی جدید
می کند,642,323,concept,شخص (0.67),واژه‌ی جدید
مصدق,407,322,concept,مباح (0.60),واژه‌ی جدید
نخستین,458,321,action,تأسیس (0.58),واژه‌ی جدید
وضعیت,509,321,concept,وضعیت اقتصادی (0.86),واژه‌ی جدید
علاوه,421,320,object,تبصره (0.63),واژه‌ی جدید
را تأیید,357,319,action,تأیید (0.91),alias پیشنهادی برای «تأیید»
پیش,495,319,action,پیش‌گویی (0.82),واژه‌ی جدید
بموجب,618,318,principle,طبق قانون (0.82),واژه‌ی جدید
هزار,690,318,role,پیک (0.57),واژه‌ی جدید
مقررات قانونی,392,318,principle,قوانین (0.77),واژه‌ی جدید
حقی,474,318,concept,حق (0.82),واژه‌ی جدید
مذکور در,424,318,action,طی آگهی (0.67),واژه‌ی جدید
این مرحله,338,318,action,طی مراحل قانونی (0.61),واژه‌ی جدید
زوجه در,593,315,concept,ازدواج (0.64),واژه‌ی جدید
رأی دادگاه,381,315,concept,نظر دادگاه (0.88),alias پیشنهادی برای «نظر دادگاه»
تهران است,340,315,object,یادداشت (0.59),واژه‌ی جدید
ایجاد,455,315,action,تأسیس (0.80),واژه‌ی جدید
الوکاله وکیل,431,314,object,حق‌الوکاله (0.81),واژه‌ی جدید
به صورت,481,314,principle,طبق قانون (0.74),واژه‌ی جدید
تنظیمی,492,314,action,تنظیم (0.90),alias پیشنهادی برای «تنظیم»
در مانحن,376,313,concept,مظنه (0.56),واژه‌ی جدید
باشند,428,313,role,اهل (0.62),واژه‌ی جدید
جلسه دادرسی,427,313,concept,دادرسی (0.83),واژه‌ی جدید
بشرح,603,312,object,دلایل توجیهی (0.71),واژه‌ی جدید
ابرام,356,311,concept,ارحام (0.61),واژه‌ی جدید
بر بطلان,412,311,concept,بطلان (0.82),واژه‌ی جدید
طرح دعوی,456,309,action,اقامه دعوی (0.86),واژه‌ی جدید
فرجام خواسته,670,309,action,فرجام (0.73),واژه‌ی جدید
صادره ظرف,322,309,action,صادر کردن گواهی (0.68),واژه‌ی جدید
همسرش,487,308,concept,ازدواج (0.65),واژه‌ی جدید
از قانون,399,307,object,قانون (0.80),واژه‌ی جدید
خواهی در,337,307,object,طلب (0.68),واژه‌ی جدید
عیناً,320,307,object,عین (0.79),واژه‌ی جدید
به بند,373,306,action,وضع قید (0.71),واژه‌ی جدید
شرح دادخواست,356,306,object,دادخواست (0.81),واژه‌ی جدید
واحد,509,306,object,واحد پول (0.86),واژه‌ی جدید
است دادگاه,373,304,action,ورود به دادگاه (0.74),واژه‌ی جدید
الزام به,469,304,action,الزام (0.85),واژه‌ی جدید
طی دادنامه,490,303,action,طی نامه (0.82),واژه‌ی جدید
فقط,442,303,principle,فقط در صورت (0.77),واژه‌ی جدید
مانحن فیه,367,302,concept,منقص (0.56),واژه‌ی جدید
خوانده ردیف,1179,302,action,فراخوانی (0.61),واژه‌ی جدید
شدن,468,302,action,حصول (0.68),واژه‌ی جدید
وارد نیست,338,302,concept,مداخله (0.64),واژه‌ی جدید
قسمت اخیر,327,300,object,رای نهایی (0.63),واژه‌ی جدید
قبال,417,299,action,گرفتن (0.60),واژه‌ی جدید
وارد است,311,299,concept,مداخله (0.72),واژه‌ی جدید
ملاحظه اوراق,302,298,principle,ملاحظه قانونی (0.75),واژه‌ی جدید
مجدد,478,298,concept,دعوی مجدد (0.68),واژه‌ی جدید
یاد شده,471,298,action,یادآوری (0.79),واژه‌ی جدید
متن,392,298,role,مضمون (0.81),واژه‌ی جدید
در قبال,414,297,principle,طبق قانون (0.71),واژه‌ی جدید
را اعلام,376,297,object,اعلامیه حراج (0.70),واژه‌ی جدید
دادرسی در,369,296,concept,دادرسی (0.89),alias پیشنهادی برای «دادرسی»
نظر خواهی,416,296,object,رای مشورتی (0.81),واژه‌ی جدید
فقره,566,296,object,تبصره (0.65),واژه‌ی جدید
تحقق,502,295,action,حصول (0.72),واژه‌ی جدید
زوجه به,477,295,concept,نفقه (0.61),واژه‌ی جدید
الزام خوانده,366,295,action,الزام (0.80),واژه‌ی جدید
حتی,435,294,concept,هم‌راهی (0.57),واژه‌ی جدید
مقوم,381,294,role,ضامن (0.65),واژه‌ی جدید
نوع,444,293,concept,نوع جرم (0.79),واژه‌ی جدید
خوانده را,334,293,action,فراخواندن (0.60),واژه‌ی جدید
پرونده را,402,293,object,پرونده (0.81),واژه‌ی جدید
رای قطعی,311,293,object,رای نهایی (0.89),alias پیشنهادی برای «رای نهایی»
دعوی آقای,313,292,concept,دعوی (0.83),واژه‌ی جدید
دعوی صادر,339,291,concept,دعوی (0.83),واژه‌ی جدید
تجدیدنظرخواهی خانم,298,291,concept,تجدیدنظر (0.79),واژه‌ی جدید
تشخیص داده,322,291,action,کشف جرم (0.67),واژه‌ی جدید
صادر نموده,417,290,role,صادرکننده (0.72),واژه‌ی جدید
ناظر,382,290,concept,نهاد ناظر (0.84),واژه‌ی جدید
خانه,635,290,object,دفترخانه (0.64),واژه‌ی جدید
مراتب فوق,325,289,action,طبقه‌بندی (0.59),واژه‌ی جدید
مشخص,406,289,concept,صراحت (0.70),واژه‌ی جدید
تمام,498,288,concept,کامل (0.78),واژه‌ی جدید
احکام,499,288,object,حکم (0.80),واژه‌ی جدید
قابل تجدید,312,288,concept,قابل تجدیدنظر (0.82),واژه‌ی جدید
زوج به,527,288,concept,ازدواج (0.65),واژه‌ی جدید
ایام,796,287,concept,احوال (0.66),واژه‌ی جدید
با حضور,438,287,action,عدم حضور (0.71),واژه‌ی جدید
واقع در,450,287,action,وضع (0.64),واژه‌ی جدید
دادخواستی به,305,287,object,دادخواست (0.89),alias پیشنهادی برای «دادخواست»
عنه را,310,285,role,موصی له (0.67),واژه‌ی جدید
شور,295,284,concept,زور (0.56),واژه‌ی جدید
تقاضای صدور,359,284,object,طلب (0.75),واژه‌ی جدید
مابین,485,284,action,طی تفاهم (0.59),واژه‌ی جدید
با رعایت,321,284,principle,رعایت قانون (0.80),واژه‌ی جدید
ایین,719,283,concept,ایمان (0.57),واژه‌ی جدید
کل,432,283,object,دفتر کل (0.68),واژه‌ی جدید
داشته که,392,283,role,صاحب‌نظر (0.63),واژه‌ی جدید
ایین دادرسی,686,282,concept,آیین دادرسی (0.80),واژه‌ی جدید
دلالت بر,365,282,concept,صراحت (0.72),واژه‌ی جدید
ردّ,524,281,action,رد (0.89),alias پیشنهادی برای «رد»
گزارش آقای,287,281,action,گزارش‌گیری (0.77),واژه‌ی جدید
قانون ایین,677,280,object,قانون (0.67),واژه‌ی جدید
ظرف مدت,321,280,principle,طبق قانون (0.71),واژه‌ی جدید
شعبه اول,528,280,object,شعبه دادگاه (0.72),واژه‌ی جدید
بی اعتباری,311,280,concept,بی‌کفایتی (0.79),واژه‌ی جدید
تشریفات,316,279,principle,آداب و رسوم (0.65),واژه‌ی جدید
اثر,390,279,action,نفوذ (0.62),واژه‌ی جدید
منطبق با,302,279,principle,طبق قانون (0.71),واژه‌ی جدید
قرار عدم,493,279,action,قرار (0.77),واژه‌ی جدید
صرفاً,397,279,principle,فقط در صورت (0.77),واژه‌ی جدید
ظرف مهلت,317,279,action,طی ماده قانونی (0.71),واژه‌ی جدید
محمد,350,279,concept,اماره (0.58),واژه‌ی جدید
عمومی خانواده,333,279,principle,حقوق عمومی (0.70),واژه‌ی جدید
بعدی,345,278,action,پیش‌بینی (0.63),واژه‌ی جدید
مال,546,278,concept,مالیت (0.72),واژه‌ی جدید
از طریق,402,278,action,طی ماده قانونی (0.73),واژه‌ی جدید
اعتراضیه,331,278,action,اعتراض (0.84),واژه‌ی جدید
نظر از,317,277,role,صاحب‌نظر (0.73),واژه‌ی جدید
بنام,496,276,object,نام (0.79),واژه‌ی جدید
همان قانون,329,276,principle,طبق قانون (0.73),واژه‌ی جدید
ریال به,381,276,object,واحد پول (0.60),واژه‌ی جدید
حدود,503,275,action,تعیین حدود (0.83),واژه‌ی جدید
پزشکی,1181,275,concept,صحت (0.69),واژه‌ی جدید
نکاحیه,475,274,concept,نکاح (0.75),واژه‌ی جدید
تصریح,393,272,concept,صراحت (0.72),واژه‌ی جدید
محکوم به,399,272,concept,به‌محکومیت (0.91),alias پیشنهادی برای «به‌محکومیت»
مبایعه,939,272,object,مبایعه‌نامه (0.83),واژه‌ی جدید
دادرسی مدنی,482,271,principle,حقوق مدنی (0.79),واژه‌ی جدید
بعمل,397,271,action,وضع (0.64),واژه‌ی جدید
پنج,460,271,concept,خمس (0.89),alias پیشنهادی برای «خمس»
مبنای,352,271,object,اساسنامه (0.62),واژه‌ی جدید
دعوا,542,271,action,فراخواندن (0.73),واژه‌ی جدید
پدر,610,271,role,والدین (0.75),واژه‌ی جدید
مجموع,320,270,action,جمع‌بندی (0.68),واژه‌ی جدید
محترم بدوی,306,270,role,صاحب‌حق (0.62),واژه‌ی جدید
مقوم به,344,270,role,متعهدله (0.71),واژه‌ی جدید
متوجه,410,270,action,حصول (0.67),واژه‌ی جدید
در اجرای,369,269,concept,زمان اجرا (0.74),واژه‌ی جدید
فروش,619,269,concept,خرید و فروش (0.83),واژه‌ی جدید
استوار,275,268,principle,ثبات (0.66),واژه‌ی جدید
واخواهی,660,268,action,واخواست (0.80),واژه‌ی جدید
نکرده است,312,267,action,عدم حضور (0.63),واژه‌ی جدید
المثل,1163,267,concept,اجرت المثل (0.77),واژه‌ی جدید
می‌گردد,490,267,action,رجوع (0.67),واژه‌ی جدید
امر به,353,266,concept,اماره (0.64),واژه‌ی جدید
مربوطه,376,266,role,وابسته (0.70),واژه‌ی جدید
ارائه ننموده,296,265,concept,نبود صلاحیت (0.66),واژه‌ی جدید
نگردیده است,306,265,action,عدم حضور (0.64),واژه‌ی جدید
همسر,505,265,concept,ازدواج (0.68),واژه‌ی جدید
بلحاظ,430,264,principle,لحاظ (0.63),واژه‌ی جدید
یعنی,375,264,concept,تعریف (0.69),واژه‌ی جدید
نمی تواند,329,264,concept,غیرممکن (0.78),واژه‌ی جدید
مستشاران,269,264,role,مشاور (0.69),واژه‌ی جدید
ارجاع امر,349,263,action,ارجاع (0.82),واژه‌ی جدید
رعایت اصول,269,263,principle,رعایت قانون (0.86),واژه‌ی جدید
ماهوی,319,263,concept,سهو (0.58),واژه‌ی جدید
اطلاع,542,263,action,استعلام (0.76),واژه‌ی جدید
باشد،,370,263,principle,طبق قانون (0.64),واژه‌ی جدید
صادرشده,328,263,role,صادرکننده (0.79),واژه‌ی جدید
خسارت دادرسی,327,262,object,هزینه دادرسی (0.81),واژه‌ی جدید
بر صحت,299,261,concept,صحت (0.74),واژه‌ی جدید
این خصوص,339,261,principle,طبق قانون (0.63),واژه‌ی جدید
مسلم,316,261,concept,شخص (0.62),واژه‌ی جدید
مؤثر,319,261,concept,مداخله (0.65),واژه‌ی جدید
اجازه,380,260,object,مجوز (0.86),واژه‌ی جدید
گرفته است,328,260,action,گرفتن (0.80),واژه‌ی جدید
دعوت,424,260,action,فراخوانی (0.80),واژه‌ی جدید
به علت,408,260,concept,علت (0.86),واژه‌ی جدید
ارجاع شده,372,259,action,ارجاع (0.87),alias پیشنهادی برای «ارجاع»
تأدیه,536,259,action,تقیید (0.69),واژه‌ی جدید
لایحه اعتراضیه,309,259,object,لایحه (0.77),واژه‌ی جدید
انطباق,292,258,concept,ارتفاق (0.71),واژه‌ی جدید
در دادنامه,339,258,action,طی روند دادرسی (0.73),واژه‌ی جدید
استنباط,311,258,action,استنطاق (0.80),واژه‌ی جدید
حاصل,352,258,action,حصول (0.68),واژه‌ی جدید
از اینکه,303,258,concept,علت (0.66),واژه‌ی جدید
نیست که,279,257,object,غير منقول (0.59),واژه‌ی جدید
اموال,607,257,action,تحویل اموال (0.76),واژه‌ی جدید
به قسمت,275,257,object,موصى به (0.68),واژه‌ی جدید
رد اعتراض,263,257,action,اعتراض (0.83),واژه‌ی جدید
موجهی,270,257,object,دلایل توجیهی (0.66),واژه‌ی جدید
تهیه,458,256,action,گرفتن (0.68),واژه‌ی جدید
اصل خواسته,335,256,principle,اصل مالکیت (0.70),واژه‌ی جدید
آپارتمان,849,256,object,شماره املاک (0.62),واژه‌ی جدید
مشارالیه,334,255,concept,مضاربه (0.58),واژه‌ی جدید
مرحله از,264,255,action,طی مراحل قانونی (0.62),واژه‌ی جدید
با تقدیم,393,254,concept,تبرع (0.72),واژه‌ی جدید
حل,462,254,action,علاج (0.68),واژه‌ی جدید
خواسته الزام,303,254,action,الزام (0.82),واژه‌ی جدید
روز قابل,289,254,concept,قابل اجرا بودن (0.56),واژه‌ی جدید
ثابت تشخیص,265,254,object,ثابت‌نامه (0.67),واژه‌ی جدید
ام,611,253,object,وام (0.68),واژه‌ی جدید
سند نکاحیه,429,253,concept,نکاح (0.72),واژه‌ی جدید
فی مابین,433,253,action,طی تفاهم (0.66),واژه‌ی جدید
معاون,312,253,role,نایب (0.69),واژه‌ی جدید
هیئت,429,252,role,هیات (0.84),واژه‌ی جدید
خارج از,351,252,concept,خارج از قلمرو (0.87),واژه‌ی جدید
میگردد,407,251,action,رجوع (0.65),واژه‌ی جدید
دائم,467,250,concept,غیرقابل تغییر (0.62),واژه‌ی جدید
اعلام داشته,374,250,object,اظهارنامه (0.69),واژه‌ی جدید
آنچه,302,250,role,مضمون (0.65),واژه‌ی جدید
با موازین,271,249,principle,طبق قانون (0.69),واژه‌ی جدید
گواهی عدم,574,248,object,گواهی (0.74),واژه‌ی جدید
ختم رسیدگی,308,248,action,رسیدگی (0.79),واژه‌ی جدید
موجب دادنامه,370,248,concept,سبب (0.65),واژه‌ی جدید
صدور قرار,311,247,action,قرار (0.85),واژه‌ی جدید
فرعی,494,247,object,فرع ملک (0.72),واژه‌ی جدید
عمومی تهران,328,246,object,خدمات عمومی (0.71),واژه‌ی جدید
چهار,375,246,concept,خمس (0.62),واژه‌ی جدید
متعلق,357,246,principle,لحاظ (0.68),واژه‌ی جدید
را جهت,280,246,concept,جهت‌گیری (0.69),واژه‌ی جدید
وارد نمی,265,246,action,ورود اطلاعات (0.69),واژه‌ی جدید
گفته,558,246,concept,ادعا (0.67),واژه‌ی جدید
اصدار یافته,277,245,action,حصول (0.62),واژه‌ی جدید
اول دادگاه,452,245,action,ورود به دادگاه (0.70),واژه‌ی جدید
اشاره,342,245,action,ارجاع (0.78),واژه‌ی جدید
صورت گرفته,313,245,action,مأخوذ (0.69),واژه‌ی جدید
جریان,340,244,object,قضیه (0.64),واژه‌ی جدید
نخواهد,307,244,concept,تمایل (0.60),واژه‌ی جدید
با رد,263,244,action,رد (0.85),واژه‌ی جدید
تجدیدنظراستان,283,244,concept,تجدیدنظر (0.80),واژه‌ی جدید
دانگ,846,244,role,ديان (0.62),واژه‌ی جدید
اتهام,689,243,concept,ادعا (0.81),واژه‌ی جدید
توضیحات,293,243,object,دلایل توجیهی (0.75),واژه‌ی جدید
به زوجه,422,243,role,موصی له (0.64),واژه‌ی جدید
وجود ندارد,292,242,action,عدم حضور (0.72),واژه‌ی جدید
نحوه,343,242,action,نحوه رسیدگی (0.74),واژه‌ی جدید
نمودن,344,242,action,یافتن (0.69),واژه‌ی جدید
ردیف دوم,552,242,action,رد (0.62),واژه‌ی جدید
گیرد,308,242,action,گرفتن (0.71),واژه‌ی جدید
ید,615,242,action,خلع ید (0.75),واژه‌ی جدید
زن,433,242,concept,زنا (0.81),واژه‌ی جدید
اند که,326,241,concept,عده (0.65),واژه‌ی جدید
بین طرفین,322,240,action,طی تفاهم (0.71),واژه‌ی جدید
به میزان,353,240,principle,طبق قانون (0.71),واژه‌ی جدید
را ایجاب,247,240,action,ایجاب (0.82),واژه‌ی جدید
به تاریخ,434,240,principle,طبق قانون (0.63),واژه‌ی جدید
در نتیجه,306,240,concept,علت (0.67),واژه‌ی جدید
چرا,315,240,concept,علت (0.81),واژه‌ی جدید
عدم امکان,568,239,concept,غیرممکن (0.83),واژه‌ی جدید
استدلال دادگاه,257,239,action,استدلال (0.83),واژه‌ی جدید
حکایت از,297,239,action,ذکر (0.62),واژه‌ی جدید
بر صدور,255,239,action,صادر کردن حکم (0.72),واژه‌ی جدید
وی را,307,239,role,موصی له (0.61),واژه‌ی جدید
تهران به,395,238,action,گرفتن (0.54),واژه‌ی جدید
به وی,311,238,object,موصى به (0.64),واژه‌ی جدید
ادعای خواهان,300,238,concept,ادعا (0.82),واژه‌ی جدید
مقابل,289,237,concept,لامقابل (0.73),واژه‌ی جدید
اعلام شده,310,237,concept,اقرار (0.68),واژه‌ی جدید
رئیس شعبه,254,237,role,رئیس دادگاه (0.75),واژه‌ی جدید
آنکه,326,237,role,شخص ثالث (0.62),واژه‌ی جدید
منظور,296,236,concept,مقصود (0.75),واژه‌ی جدید
تجدیدنظراستان تهران,270,236,concept,تجدیدنظر (0.73),واژه‌ی جدید
تهران می‌باشد,260,236,object,یادداشت (0.57),واژه‌ی جدید
قراردادی,481,235,object,قرارداد (0.90),alias پیشنهادی برای «قرارداد»
خدشه,258,235,concept,ضایعه (0.74),واژه‌ی جدید
وی به,271,235,role,موصی له (0.68),واژه‌ی جدید
پزشکی قانونی,855,235,principle,قانونی (0.67),واژه‌ی جدید
بر عدم,270,235,action,عدم حضور (0.69),واژه‌ی جدید
از رسیدگی,248,234,action,رسیدگی (0.88),alias پیشنهادی برای «رسیدگی»
بعنوان,436,234,principle,طبق قانون (0.68),واژه‌ی جدید
شقوق,238,234,concept,شراکت (0.60),واژه‌ی جدید
توضیح داده,276,234,object,دلایل توجیهی (0.70),واژه‌ی جدید
رو,297,233,role,راشی (0.61),واژه‌ی جدید
این پرونده,279,233,object,پرونده (0.76),واژه‌ی جدید
واقع شده,315,233,action,وضع (0.68),واژه‌ی جدید
دادرسی به,271,233,concept,دادرسی (0.86),واژه‌ی جدید
به عدم,276,233,action,عدم حضور (0.69),واژه‌ی جدید
نمی‌باشد,349,233,action,نفی (0.65),واژه‌ی جدید
اعتراض در,254,232,action,اعتراض (0.90),alias پیشنهادی برای «اعتراض»
رسمی شماره,517,232,object,شماره پرونده (0.72),واژه‌ی جدید
دارند,324,232,action,گرفتن (0.66),واژه‌ی جدید
باقی,296,231,role,ولی (0.58),واژه‌ی جدید
میلیون تومان,512,231,object,واحد پول (0.67),واژه‌ی جدید
داد,454,230,concept,دادرسی (0.74),واژه‌ی جدید
بی حقی,340,230,concept,بی‌تکلیفی (0.77),واژه‌ی جدید
حساب,481,230,action,گشایش حساب (0.81),واژه‌ی جدید
در حال,339,229,concept,شخص (0.72),واژه‌ی جدید
تجدیدنظرخواهی دادنامه,230,229,action,تجدید دادرسی (0.81),واژه‌ی جدید
هرگونه,284,228,concept,لازمه (0.62),واژه‌ی جدید
پرونده در,291,228,object,پرونده (0.87),واژه‌ی جدید
دادنامه صادره,303,228,object,اظهارنامه (0.71),واژه‌ی جدید
خریداری,319,228,role,خریدار (0.83),واژه‌ی جدید
یکدیگر,309,228,action,همکاری (0.68),واژه‌ی جدید
حاضر به,333,228,action,پیشنهاد (0.69),واژه‌ی جدید
بدوی را,256,228,role,موصی له (0.54),واژه‌ی جدید
رسیده,297,227,object,رسید (0.86),واژه‌ی جدید
رفع,408,227,action,وضع (0.68),واژه‌ی جدید
در جهت,307,226,concept,جهت‌گیری (0.74),واژه‌ی جدید
زوجه را,376,226,concept,نفقه (0.60),واژه‌ی جدید
مطالب,328,226,role,مضمون (0.79),واژه‌ی جدید
اینکه خواهان,244,226,object,طلب (0.75),واژه‌ی جدید
ثالثاً,270,226,role,ثالث (0.74),واژه‌ی جدید
اولیه,342,226,concept,مشروط (0.62),واژه‌ی جدید
اشعار,262,226,concept,احوال (0.60),واژه‌ی جدید
تعهدات,479,225,concept,تعهد (0.89),alias پیشنهادی برای «تعهد»
املاک,485,225,object,شماره املاک (0.77),واژه‌ی جدید
اینجانب,522,225,object,یادداشت (0.71),واژه‌ی جدید
وی در,271,225,role,موصی له (0.64),واژه‌ی جدید
تسلیم,385,225,concept,تعهد (0.68),واژه‌ی جدید
نیامده,239,225,action,عدم حضور (0.66),واژه‌ی جدید
اظهارات طرفین,262,225,object,دفاعیات (0.65),واژه‌ی جدید
دعوی به,258,225,concept,دعوی (0.89),alias پیشنهادی برای «دعوی»
آنها,390,225,role,اهل (0.60),واژه‌ی جدید
باستناد,352,224,action,استنابه (0.61),واژه‌ی جدید
حمایت,333,224,action,پشتیبانی (0.84),واژه‌ی جدید
زوجه از,343,224,concept,ازدواج (0.60),واژه‌ی جدید
حوزه,330,224,concept,زمینه حقوقی (0.61),واژه‌ی جدید
که موجب,257,224,concept,سبب (0.78),واژه‌ی جدید
میباشد,402,223,principle,طبق قانون (0.62),واژه‌ی جدید
ساله,402,223,concept,عده (0.61),واژه‌ی جدید
اجرای حکم,322,223,action,نحوه اجرای حکم (0.88),alias پیشنهادی برای «نحوه اجرای حکم»
منوط,273,223,object,منقول (0.67),واژه‌ی جدید
فرعی از,434,223,object,فرع ملک (0.67),واژه‌ی جدید
کتبی,263,222,object,شهادت کتبی (0.76),واژه‌ی جدید
تحقیق,447,222,action,پژوهش (0.84),واژه‌ی جدید
دعوی تجدیدنظرخواه,230,222,object,رای تجدیدنظر (0.82),واژه‌ی جدید
اینکه خوانده,247,222,concept,استقراء (0.62),واژه‌ی جدید
کرده اند,317,222,concept,عده (0.65),واژه‌ی جدید
قبلی,390,222,action,پیش‌دستی (0.64),واژه‌ی جدید
رابطه زوجیت,268,222,concept,رابطه خانوادگی (0.77),واژه‌ی جدید
به تمکین,497,222,action,تمکین (0.89),alias پیشنهادی برای «تمکین»
شور قرائت,225,221,action,گوش به زنگ بودن (0.60),واژه‌ی جدید
که خوانده,262,221,role,موصی له (0.56),واژه‌ی جدید
قطعه,504,221,object,پرونده (0.67),واژه‌ی جدید
ده,353,221,object,دیه (0.66),واژه‌ی جدید
دستگاه,435,220,object,عقار (0.72),واژه‌ی جدید
محقق,280,220,action,پژوهش (0.67),واژه‌ی جدید
نگرفته,270,220,role,مبطل (0.65),واژه‌ی جدید
بطرفیت آقای,256,220,principle,بی‌طرفی (0.70),واژه‌ی جدید
انجام شده,321,220,action,ایفای تعهد (0.69),واژه‌ی جدید
نداشته است,289,220,action,عدم حضور (0.71),واژه‌ی جدید
قاعده,321,220,principle,قوانین (0.67),واژه‌ی جدید
منعکس,311,219,concept,منافی (0.70),واژه‌ی جدید
متعلق به,321,219,role,وابسته (0.68),واژه‌ی جدید
می‌شود,420,219,concept,مظنه (0.65),واژه‌ی جدید
شکلی,244,218,concept,نوع جرم (0.54),واژه‌ی جدید
توضیح که,241,217,object,دلایل توجیهی (0.70),واژه‌ی جدید
مدت بیست,246,217,concept,بذل مدت (0.67),واژه‌ی جدید
حاکی,282,217,role,شاکی (0.70),واژه‌ی جدید
برگ,471,217,object,مدرک (0.57),واژه‌ی جدید
نزد,329,217,principle,طبق قانون (0.61),واژه‌ی جدید
تجدیدنظر خوانده,407,217,concept,تجدیدنظر (0.83),واژه‌ی جدید
دایر,277,216,role,ديان (0.69),واژه‌ی جدید
ارجاع گردیده,286,216,action,ارجاع (0.86),واژه‌ی جدید
تحقیقات,399,216,action,پژوهش (0.80),واژه‌ی جدید
براساس,301,216,principle,طبق قانون (0.78),واژه‌ی جدید
اشخاص,345,216,role,اشخاص حقیقی (0.89),alias پیشنهادی برای «اشخاص حقیقی»
خواهان اظهار,260,215,object,طلب (0.75),واژه‌ی جدید
تقاضای رسیدگی,259,215,action,رسیدگی (0.84),واژه‌ی جدید
علاوه بر,270,215,principle,طبق قانون (0.62),واژه‌ی جدید
با بررسی,236,215,action,بررسی (0.81),واژه‌ی جدید
زوج در,362,215,concept,ازدواج (0.68),واژه‌ی جدید
باتوجه,324,214,principle,طبق قانون (0.74),واژه‌ی جدید
را دارم,312,214,concept,شخص (0.67),واژه‌ی جدید
نفر,380,214,concept,شخص (0.72),واژه‌ی جدید
خواندگان به,334,214,role,اصحاب دعوی (0.66),واژه‌ی جدید
داند,247,214,role,ديان (0.62),واژه‌ی جدید
همراه,309,214,role,شریک (0.67),واژه‌ی جدید
از آقای,298,214,concept,شخص (0.69),واژه‌ی جدید
عدم پرداخت,412,214,concept,ناقص بودن قرارداد (0.76),واژه‌ی جدید
دادگاه مستنداً,225,214,action,رسیدگی (0.73),واژه‌ی جدید
ورود,355,213,action,ورود اطلاعات (0.86),واژه‌ی جدید
هر دو,311,213,concept,همزمانی (0.58),واژه‌ی جدید
مذکور به,247,213,role,محکوم‌علیه (0.69),واژه‌ی جدید
فرجامی,324,212,action,فرجام (0.57),واژه‌ی جدید
فرزند مشترک,565,212,concept,فصل مشترک (0.72),واژه‌ی جدید
را نقض,242,212,action,نقض (0.85),واژه‌ی جدید
لهذا,241,211,concept,علت (0.70),واژه‌ی جدید
باتوجه به,317,211,principle,طبق قانون (0.74),واژه‌ی جدید
مورد اعتراض,248,211,action,اعتراض (0.90),alias پیشنهادی برای «اعتراض»
خواهان از,250,211,object,طلب (0.78),واژه‌ی جدید
اسلامی,329,211,concept,دین (0.63),واژه‌ی جدید
حل اختلاف,384,211,role,شورای حل اختلاف (0.84),واژه‌ی جدید
تجدیدنظرخواه در,226,211,concept,تجدیدنظر (0.83),واژه‌ی جدید
دادگاه تجدید,261,211,action,تجدید دادرسی (0.82),واژه‌ی جدید
زمانی,284,210,concept,زمان اجرا (0.58),واژه‌ی جدید
داشته اند,266,210,concept,عده (0.66),واژه‌ی جدید
اداره ثبت,373,210,action,ثبت (0.82),واژه‌ی جدید
قواعد دادرسی,211,210,concept,دادرسی (0.78),واژه‌ی جدید
خاص,300,210,role,گروه خاص (0.83),واژه‌ی جدید
معلوم,293,210,concept,عرف (0.72),واژه‌ی جدید
شوهر,349,210,concept,ازدواج (0.68),واژه‌ی جدید
دادنامه فرجام,366,209,action,فرجام (0.75),واژه‌ی جدید
این قسمت,328,209,concept,شخص (0.61),واژه‌ی جدید
در دادخواست,269,209,object,دادخواست (0.86),واژه‌ی جدید
عیناً تأیید,215,209,action,تأیید (0.83),واژه‌ی جدید
دادنامه بدوی,282,208,concept,دادرسی (0.65),واژه‌ی جدید
لکن,323,208,role,ولی (0.64),واژه‌ی جدید
رأی می,228,208,object,رأی (0.84),واژه‌ی جدید
مینماید,327,207,object,مایملک (0.60),واژه‌ی جدید
عبارت,318,207,principle,لحاظ (0.65),واژه‌ی جدید
رسیدگی را,252,207,action,رسیدگی (0.91),alias پیشنهادی برای «رسیدگی»
دادگاه های,270,207,object,شعبه دادگاه (0.75),واژه‌ی جدید
ناظر به,249,207,concept,نهاد ناظر (0.78),واژه‌ی جدید
پذیرفته,268,207,action,پذیرش (0.82),واژه‌ی جدید
محکوم می,240,207,role,محکوم‌علیه (0.81),واژه‌ی جدید
مستحق,353,207,role,صاحب‌حق (0.70),واژه‌ی جدید
مانده,246,206,concept,معلق (0.65),واژه‌ی جدید
لایحه ای,315,206,object,لایحه (0.93),alias پیشنهادی برای «لایحه»
اولا,238,206,object,موصى به (0.63),واژه‌ی جدید
محمول بر,228,206,concept,محمول (0.85),واژه‌ی جدید
مگر,243,206,principle,فقط در صورت (0.69),واژه‌ی جدید
صدور رأی,289,206,object,رأی (0.83),واژه‌ی جدید
پرداخت نفقه,537,205,concept,نفقه (0.82),واژه‌ی جدید
در لایحه,295,205,object,لایحه (0.87),واژه‌ی جدید
طور,259,205,concept,شرط (0.58),واژه‌ی جدید
که زوجه,287,205,concept,نفقه (0.62),واژه‌ی جدید
اعلام می‌نماید,248,205,object,اعلامیه حراج (0.67),واژه‌ی جدید
مردود,255,204,concept,معدوم (0.67),واژه‌ی جدید
هنگام شور,206,204,concept,طی شرایط خاص (0.62),واژه‌ی جدید
خواهد شد,236,204,concept,قابل اجرا بودن (0.60),واژه‌ی جدید
ثمن معامله,484,204,object,ثمن (0.79),واژه‌ی جدید
دادنامه مذکور,226,203,object,اظهارنامه (0.68),واژه‌ی جدید
خواهان با,232,203,object,طلب (0.77),واژه‌ی جدید
قسمتی,275,203,object,یادداشت (0.72),واژه‌ی جدید
ایجاب نماید,209,203,action,ایجاب (0.76),واژه‌ی جدید
خلاصه,270,203,action,جمع‌بندی (0.73),واژه‌ی جدید
هذا,237,203,object,تصویر (0.63),واژه‌ی جدید
مادر,463,203,role,والدین (0.72),واژه‌ی جدید
نیاورده,216,202,concept,غیراصولی (0.64),واژه‌ی جدید
مشمول,264,202,concept,مشمولین قانون (0.73),واژه‌ی جدید
در منزل,293,202,concept,شخص (0.64),واژه‌ی جدید
نحو,243,202,concept,نسب (0.62),واژه‌ی جدید
دعوی را,241,202,concept,دعوی (0.91),alias پیشنهادی برای «دعوی»
دادگاه تجدیدنظراستان,225,202,role,دیوان عدالت اداری (0.72),واژه‌ی جدید
فروشنده,491,202,role,خریدار (0.84),واژه‌ی جدید
ترک,450,202,object,ترکه (0.83),واژه‌ی جدید
رد درخواست,229,201,action,انکار (0.72),واژه‌ی جدید
با اعلام,279,201,action,طی آگهی (0.72),واژه‌ی جدید
مقرر در,278,201,action,برآورد (0.67),واژه‌ی جدید
پرونده جهت,277,201,object,پرونده (0.83),واژه‌ی جدید
طرفین در,239,201,action,طی روند دادرسی (0.68),واژه‌ی جدید
قرار ارجاع,245,200,action,ارجاع (0.81),واژه‌ی جدید
پنجاه,323,200,concept,خمس (0.78),واژه‌ی جدید
هیأت شعبه,211,200,object,شعبه دادگاه (0.74),واژه‌ی جدید
در دفتر,302,200,object,دفترخانه (0.76),واژه‌ی جدید
ترتیب,262,200,action,وضع (0.65),واژه‌ی جدید
سید,275,200,object,سند (0.61),واژه‌ی جدید
هستند,286,199,concept,عده (0.66),واژه‌ی جدید
فرجام خواه,587,199,action,فرجام (0.75),واژه‌ی جدید
دعوای خواهان,272,199,role,اصحاب دعوی (0.80),واژه‌ی جدید
خواهان بدوی,274,199,object,طلب (0.66),واژه‌ی جدید
اجرا,246,199,concept,زمان اجرا (0.76),واژه‌ی جدید
به تنظیم,398,199,action,تنظیم (0.81),واژه‌ی جدید
تاکنون,265,199,concept,پیشرفت (0.60),واژه‌ی جدید
خواستار,264,199,object,طلب (0.75),واژه‌ی جدید
مبانی,217,198,concept,زیرساخت‌های حقوقی (0.64),واژه‌ی جدید
موثر,268,198,concept,قابل اجرا بودن (0.61),واژه‌ی جدید
نبوده است,242,198,action,عدم حضور (0.66),واژه‌ی جدید
لحاظ عدم,228,198,principle,لحاظ (0.82),واژه‌ی جدید
زمین,639,198,concept,اقلیم (0.65),واژه‌ی جدید
وارده,339,197,concept,مداخله (0.73),واژه‌ی جدید
سکه,713,197,action,قبض (0.56),واژه‌ی جدید
تنها,236,197,principle,فقط در صورت (0.63),واژه‌ی جدید
که دادگاه,250,197,concept,نظر دادگاه (0.72),واژه‌ی جدید
می باشند,256,197,role,کسانی که تحت سرپرستی قرار دارند (0.63),واژه‌ی جدید
صورتی,236,197,object,قضیه (0.53),واژه‌ی جدید
قابل واخواهی,205,197,concept,قابل اجرا بودن (0.71),واژه‌ی جدید
نمی شود,257,197,concept,غیرممکن (0.80),واژه‌ی جدید
دادگاه‌های,326,197,object,شعبه دادگاه (0.75),واژه‌ی جدید
نظر کارشناس,264,196,concept,نظر کارشناسان حقوقی (0.82),واژه‌ی جدید
در سال,340,196,role,مضمون (0.60),واژه‌ی جدید
برخلاف,250,196,concept,خلاف (0.72),واژه‌ی جدید
دادخواست آقای,203,196,object,دادخواست (0.86),واژه‌ی جدید
به الزام,231,196,action,الزام (0.87),alias پیشنهادی برای «الزام»
را عیناً,198,196,object,عین (0.70),واژه‌ی جدید
مکلف به,218,195,role,ملزم (0.75),واژه‌ی جدید
استفاده از,293,195,action,استعمال (0.91),alias پیشنهادی برای «استعمال»
اجاره,929,195,object,عقد اجاره (0.87),واژه‌ی جدید
دادگاه ضمن,198,194,action,طی روند دادرسی (0.78),واژه‌ی جدید
عضو معاون,233,194,role,نایب (0.70),واژه‌ی جدید
نماید که,228,194,role,موصی له (0.66),واژه‌ی جدید
مندرجات پرونده,220,194,object,پرونده (0.77),واژه‌ی جدید
خواسته به,243,193,object,طلب (0.77),واژه‌ی جدید
محاسبه,291,193,action,برآورد (0.81),واژه‌ی جدید
در سند,338,193,object,سند (0.83),واژه‌ی جدید
مهلت بیست,208,193,concept,زمان طرح دعوی (0.65),واژه‌ی جدید
تحمل,342,193,concept,تحمل مسئولیت (0.82),واژه‌ی جدید
داشته باشد,218,193,object,موصى به (0.68),واژه‌ی جدید
این موضوع,246,193,object,قضیه (0.67),واژه‌ی جدید
پرداخت هزینه,257,193,object,هزینه (0.86),واژه‌ی جدید
طرفیت خوانده,205,192,action,تبعیت (0.64),واژه‌ی جدید
موافق,218,192,action,تأیید (0.82),واژه‌ی جدید
با وصف,226,192,principle,طبق قانون (0.70),واژه‌ی جدید
عمل آمده,238,192,action,تصرف (0.69),واژه‌ی جدید
های عمومی,247,192,object,خدمات عمومی (0.77),واژه‌ی جدید
منوط به,231,192,role,متعهدله (0.71),واژه‌ی جدید
مذکور را,227,192,object,تبصره (0.66),واژه‌ی جدید
فراهم نماید,200,192,concept,ایجاد تعهد (0.72),واژه‌ی جدید
امتناع,257,191,action,ممانعت (0.76),واژه‌ی جدید
اجرای احکام,282,191,action,نحوه اجرای حکم (0.81),واژه‌ی جدید
اعم,235,191,object,وام (0.66),واژه‌ی جدید
به اظهارات,208,191,action,تحریر اظهارات (0.72),واژه‌ی جدید
قانون مرقوم,214,191,object,قانون جریمه (0.63),واژه‌ی جدید
موازین شرعی,212,191,principle,شرع (0.63),واژه‌ی جدید
قطعیت,227,190,concept,قاطعیت حکم (0.75),واژه‌ی جدید
جامع,213,190,concept,کامل (0.60),واژه‌ی جدید
چهارم,306,190,role,ثالث (0.67),واژه‌ی جدید
عدم استماع,302,190,action,عدم حضور (0.76),واژه‌ی جدید
به دلالت,231,190,concept,صراحت (0.70),واژه‌ی جدید
سابق,299,190,concept,سابقه کیفری (0.71),واژه‌ی جدید
رضایت,274,190,concept,توافق (0.71),واژه‌ی جدید
منتقل,309,190,action,نقل (0.80),واژه‌ی جدید
ضمن عقد,415,190,action,طی تفاهم (0.76),واژه‌ی جدید
مطابقت,201,189,concept,همزمانی (0.74),واژه‌ی جدید
در صورتی,224,189,principle,فقط در صورت (0.81),واژه‌ی جدید
اقدامات,274,189,action,تصرف (0.73),واژه‌ی جدید
صفحه,394,189,role,مضمون (0.74),واژه‌ی جدید
وارد ندانسته,192,189,action,ورود غیرمجاز (0.61),واژه‌ی جدید
صدور گواهی,302,188,action,صادر کردن گواهی (0.94),alias پیشنهادی برای «صادر کردن گواهی»
به طلاق,364,188,concept,طلاق (0.84),واژه‌ی جدید
ثانیا,220,188,concept,زنا (0.58),واژه‌ی جدید
عقد نکاح,427,188,object,عقد ازدواج (0.92),alias پیشنهادی برای «عقد ازدواج»
کیفیت,211,188,concept,ظرفیت (0.66),واژه‌ی جدید
هیچ یک,200,188,action,نفی (0.60),واژه‌ی جدید
صرف نظر,218,188,concept,تجدیدنظر (0.71),واژه‌ی جدید
شرح که,195,188,action,تفسیر (0.57),واژه‌ی جدید
مصون,196,187,concept,محصور (0.63),واژه‌ی جدید
حضور در,280,187,action,عدم حضور (0.73),واژه‌ی جدید
با لحاظ,238,187,principle,لحاظ (0.87),واژه‌ی جدید
قانون حمایت,282,187,object,قانون حمایتی (0.93),alias پیشنهادی برای «قانون حمایتی»
خانم الف,367,187,concept,شخص (0.64),واژه‌ی جدید
مطالبه خسارت,337,187,concept,خسارت (0.81),واژه‌ی جدید
پرونده نظر,190,187,object,پرونده (0.78),واژه‌ی جدید
شعبه دوم,325,187,object,شعبه دادگاه (0.71),واژه‌ی جدید
رای دادگاه,251,187,concept,نظر دادگاه (0.88),alias پیشنهادی برای «نظر دادگاه»
کافی,236,187,concept,خودکار (0.58),واژه‌ی جدید
ایران,328,186,principle,حقوق بشر (0.72),واژه‌ی جدید
مفهوم,217,186,concept,تعریف (0.80),واژه‌ی جدید
به موضوع,232,186,concept,خارج از موضوع (0.75),واژه‌ی جدید
ایرادی,195,185,action,رد (0.65),واژه‌ی جدید
که بموجب,210,185,principle,طبق قانون (0.77),واژه‌ی جدید
درخصوص تجدیدنظرخواهی,190,185,concept,تجدیدنظر (0.83),واژه‌ی جدید
را ثابت,189,185,object,ثابت‌نامه (0.66),واژه‌ی جدید
وحدت,298,185,role,واحد دادگستری (0.66),واژه‌ی جدید
جمیع,198,185,role,مجمع عمومی (0.65),واژه‌ی جدید
مراجعه به,234,185,action,رجوع (0.74),واژه‌ی جدید
در پاسخ,254,185,action,رد (0.73),واژه‌ی جدید
با خوانده,209,184,action,طی آگهی (0.63),واژه‌ی جدید
لایحه تقدیمی,242,184,object,لایحه (0.82),واژه‌ی جدید
از پرداخت,302,184,action,پرداخت (0.86),واژه‌ی جدید
مطابق مقررات,202,184,principle,طبق قانون (0.85),واژه‌ی جدید
بار,274,184,object,برات (0.58),واژه‌ی جدید
ارائه نشده,203,184,concept,غیرمستند (0.68),واژه‌ی جدید
موجهی که,186,184,object,دلایل توجیهی (0.69),واژه‌ی جدید
تجویز,274,183,action,پیشنهاد (0.87),واژه‌ی جدید
دادگاه قرار,205,183,action,قرار (0.81),واژه‌ی جدید
پرونده مشاوره,188,183,action,مشاوره (0.81),واژه‌ی جدید
هر چند,202,183,principle,فقط در صورت (0.59),واژه‌ی جدید
تادیه,441,183,action,تقیید (0.63),واژه‌ی جدید
علیهذا,208,183,concept,سبب (0.54),واژه‌ی جدید
طرفین به,205,183,role,اصحاب دعوی (0.68),واژه‌ی جدید
از زوج,259,183,concept,ازدواج (0.66),واژه‌ی جدید
اعتباری دادنامه,186,183,object,ضمانت‌نامه (0.68),واژه‌ی جدید
مساحت,486,183,concept,ظرفیت (0.69),واژه‌ی جدید
اعلام کرده,285,183,object,اعلامیه حراج (0.66),واژه‌ی جدید
توجهاً,214,183,principle,احتیاط (0.75),واژه‌ی جدید
مخدوش,200,182,concept,تلف (0.70),واژه‌ی جدید
کلیه خسارات,214,182,concept,خسارت (0.70),واژه‌ی جدید
قیمت,473,182,object,هزینه (0.78),واژه‌ی جدید
مورد معامله,381,182,object,معامله (0.85),واژه‌ی جدید
بابت اصل,229,181,concept,اصیل (0.69),واژه‌ی جدید
این استدلال,223,181,action,استدلال (0.82),واژه‌ی جدید
اعتراض به,220,181,action,اعتراض (0.94),alias پیشنهادی برای «اعتراض»
داوران,338,181,action,داوری (0.87),alias پیشنهادی برای «داوری»
حاکی از,215,181,object,شواهد (0.69),واژه‌ی جدید
جاری,220,181,object,هزینه‌های جاری (0.75),واژه‌ی جدید
خلع,486,181,action,خلع ید (0.74),واژه‌ی جدید
اضافه,261,181,object,تبصره (0.70),واژه‌ی جدید
مرحوم,702,181,concept,شخص (0.71),واژه‌ی جدید
واگذار,291,181,action,واگذاری (0.91),alias پیشنهادی برای «واگذاری»
ضرر,292,180,concept,زیان (0.84),واژه‌ی جدید
ارائه شده,221,180,action,پیشنهاد (0.75),واژه‌ی جدید
از دادگاه,263,180,action,ورود به دادگاه (0.78),واژه‌ی جدید
در بخش,259,180,object,بخش‌نامه (0.68),واژه‌ی جدید
جزء,283,180,concept,جزيه (0.70),واژه‌ی جدید
رویه,280,180,principle,رویه قضائی (0.75),واژه‌ی جدید
اعم از,221,180,principle,لحاظ (0.58),واژه‌ی جدید
پایان,283,180,action,ايداع (0.70),واژه‌ی جدید
بند الف,230,180,object,تبصره (0.59),واژه‌ی جدید
به رأی,231,180,object,رأی (0.86),واژه‌ی جدید
قرار داده,225,180,action,قرار (0.71),واژه‌ی جدید
تهران در,196,180,concept,خارج از موضوع (0.60),واژه‌ی جدید
از شقوق,179,179,concept,خارج از موضوع (0.58),واژه‌ی جدید
چرا که,218,178,concept,علت (0.72),واژه‌ی جدید
مدارک ابرازی,189,178,object,اظهارنامه (0.78),واژه‌ی جدید
دادگاه‌های عمومی,270,178,principle,حقوق عمومی (0.77),واژه‌ی جدید
امکان سازش,485,177,action,سازش (0.81),واژه‌ی جدید
در شعبه,240,177,object,شعبه دادگاه (0.73),واژه‌ی جدید
طی لایحه,274,177,object,لایحه (0.84),واژه‌ی جدید
سی,311,177,role,پیک (0.59),واژه‌ی جدید
شورای,299,177,role,شورای حل اختلاف (0.75),واژه‌ی جدید
احتساب خسارات,209,177,object,هزینه خسارت (0.78),واژه‌ی جدید
نامه شماره,274,177,object,شماره پرونده (0.76),واژه‌ی جدید
دعوی خانم,183,176,concept,دعوی (0.84),واژه‌ی جدید
حالی,224,176,concept,احوال (0.65),واژه‌ی جدید
اعلامی,225,176,object,اعلامیه حراج (0.75),واژه‌ی جدید
مستلزم,212,176,concept,لازمه (0.73),واژه‌ی جدید
دعاوی,281,176,action,فصل دعاوی (0.79),واژه‌ی جدید
دادرسی دادگاه,216,176,concept,دادرسی (0.87),واژه‌ی جدید
نظر در,183,176,role,صاحب‌نظر (0.76),واژه‌ی جدید
اینکه به,192,176,principle,طبق قانون (0.64),واژه‌ی جدید
مراتب مذکور,190,176,principle,لحاظ (0.61),واژه‌ی جدید
که وکیل,209,175,role,وکیل (0.81),واژه‌ی جدید
استماع اظهارات,214,175,object,اظهارنامه (0.71),واژه‌ی جدید
قسمت از,254,175,concept,شخص (0.64),واژه‌ی جدید
دادن,223,175,action,بذل (0.72),واژه‌ی جدید
سابقه,319,175,concept,سابقه حقوقی (0.87),alias پیشنهادی برای «سابقه حقوقی»
صریح,215,175,concept,صراحت (0.85),واژه‌ی جدید
مسکن,358,175,object,بنیاد مسکن (0.75),واژه‌ی جدید
خوانده از,203,175,object,موصى به (0.62),واژه‌ی جدید
آن وارد,178,175,action,واردات (0.65),واژه‌ی جدید
به نظریه,225,174,concept,نظریه مشورتی (0.67),واژه‌ی جدید
مقتضی,215,174,concept,معوض (0.68),واژه‌ی جدید
که حسب,209,174,principle,طبق قانون (0.75),واژه‌ی جدید
دادگاه پس,202,174,concept,پروسه دادرسی (0.64),واژه‌ی جدید
حمایت خانواده,258,174,object,قانون حمایتی (0.76),واژه‌ی جدید
با احراز,192,174,principle,طبق قانون (0.75),واژه‌ی جدید
بابت هزینه,213,174,object,هزینه (0.82),واژه‌ی جدید
قسمتی از,227,174,object,یادداشت (0.66),واژه‌ی جدید
لزوم,222,174,concept,لازمه (0.77),واژه‌ی جدید
اعتراض معترض,175,174,action,اعتراض (0.91),alias پیشنهادی برای «اعتراض»
اجمالاً,258,174,action,جمع‌بندی (0.64),واژه‌ی جدید
قانونی صادر,178,173,principle,قانونی (0.84),واژه‌ی جدید
خالی,181,173,concept,باطل (0.63),واژه‌ی جدید
متر,419,173,principle,معیار (0.63),واژه‌ی جدید
مدعی است,202,173,role,مدعی (0.83),واژه‌ی جدید
قانونی است,204,172,concept,قانونی بودن (0.89),alias پیشنهادی برای «قانونی بودن»
در مرحله,215,172,action,طی روند دادرسی (0.70),واژه‌ی جدید
علی هذا,194,172,principle,طبق قانون (0.63),واژه‌ی جدید
رغم,204,172,principle,لحاظ (0.63),واژه‌ی جدید
توجهاً به,197,172,principle,احتیاط (0.73),واژه‌ی جدید
جلسه دادگاه,231,172,action,ورود به دادگاه (0.82),واژه‌ی جدید
ضمیمه,276,171,action,ضم (0.81),واژه‌ی جدید
دادرسی صادر,180,171,concept,دادرسی (0.81),واژه‌ی جدید
خودش,272,171,concept,شخص (0.72),واژه‌ی جدید
فیمابین,244,171,object,عقار (0.54),واژه‌ی جدید
مستند به,235,171,object,مستندات (0.74),واژه‌ی جدید
در حالی,219,171,action,طی روند دادرسی (0.70),واژه‌ی جدید
از نظر,207,171,principle,لحاظ (0.72),واژه‌ی جدید
به همین,189,171,concept,علت (0.65),واژه‌ی جدید
یک دستگاه,285,171,concept,شخص (0.69),واژه‌ی جدید
گذشته,233,171,concept,سابقه حقوقی (0.68),واژه‌ی جدید
ممکن,216,170,concept,مظنه (0.69),واژه‌ی جدید
مدافعات,212,170,action,دفاع (0.81),واژه‌ی جدید
المثل ایام,353,170,concept,اجرت المثل (0.68),واژه‌ی جدید
بنابراین دادگاه,181,170,concept,نظر دادگاه (0.68),واژه‌ی جدید
قانونی در,197,170,principle,قانونی (0.87),alias پیشنهادی برای «قانونی»
اساسی,194,170,object,قانون اساسی (0.69),واژه‌ی جدید
اصول دادرسی,171,170,concept,دادرسی (0.78),واژه‌ی جدید
در مقابل,191,170,concept,لامقابل (0.69),واژه‌ی جدید
واعلام,196,169,action,استعلام (0.75),واژه‌ی جدید
بیان داشته,253,169,concept,صراحت (0.68),واژه‌ی جدید
جانب,234,169,role,بی‌طرف (0.69),واژه‌ی جدید
پرونده،,181,169,object,پرونده (0.85),واژه‌ی جدید
فعلی,236,169,action,وضع (0.64),واژه‌ی جدید
به طور,212,169,principle,طبق قانون (0.73),واژه‌ی جدید
بندهای,204,169,action,وضع قید (0.61),واژه‌ی جدید
واخواهی در,178,169,action,واخواست (0.75),واژه‌ی جدید
ارجاع می,229,169,action,ارجاع (0.89),alias پیشنهادی برای «ارجاع»
دست,279,169,action,پیش‌دستی (0.66),واژه‌ی جدید
خواهی آقای,184,169,object,طلب (0.70),واژه‌ی جدید
توان,216,169,concept,ظرفیت (0.70),واژه‌ی جدید
هرچند,212,169,principle,فقط در صورتی که (0.59),واژه‌ی جدید
پرونده صادر,171,169,object,پرونده (0.80),واژه‌ی جدید
شرح خواسته,192,168,object,طلب (0.69),واژه‌ی جدید
تبادل,209,168,object,معاوضه (0.72),واژه‌ی جدید
اظهار داشت,384,168,concept,صراحت (0.69),واژه‌ی جدید
هزار تومان,354,168,object,واحد پول (0.67),واژه‌ی جدید
نمودند,249,168,action,تصرف (0.60),واژه‌ی جدید
به مدت,239,168,concept,بذل مدت (0.71),واژه‌ی جدید
نقض آن,183,168,action,نقض (0.89),alias پیشنهادی برای «نقض»
پرداخت خسارت,237,168,action,جبران خسارت (0.90),alias پیشنهادی برای «جبران خسارت»
شروع,271,168,object,کمک (0.71),واژه‌ی جدید
در دفترخانه,311,168,object,دفترخانه (0.85),واژه‌ی جدید
دادرسی دادگاه‌های,250,168,concept,دادرسی (0.83),واژه‌ی جدید
دادسرای,401,167,concept,دادرسی (0.81),واژه‌ی جدید
نظریه کارشناس,244,167,concept,نظریه کارشناسی (0.83),واژه‌ی جدید
همگی,254,167,object,هفتگی (0.61),واژه‌ی جدید
حاصله,201,167,concept,ضایعه (0.62),واژه‌ی جدید
تعیین شده,230,167,concept,حق تعیین (0.71),واژه‌ی جدید
وجاهت,189,167,role,ذوالوجاهة (0.70),واژه‌ی جدید
تکرار,268,167,action,یادآوری (0.71),واژه‌ی جدید
متعهد,301,167,role,متعهدله (0.86),واژه‌ی جدید
اتخاذ,216,167,object,تصمیم (0.79),واژه‌ی جدید
دلیل یا,167,167,concept,سبب (0.76),واژه‌ی جدید
کسی,255,167,concept,شخص (0.67),واژه‌ی جدید
است وارد,168,167,object,رسید (0.69),واژه‌ی جدید
تمامی,208,166,concept,کامل (0.71),واژه‌ی جدید
مشترک را,231,166,role,شریک (0.71),واژه‌ی جدید
خوانده با,182,166,action,گرفتن (0.60),واژه‌ی جدید
با نقض,199,166,action,نقض (0.86),واژه‌ی جدید
شروط,388,166,concept,شرط (0.87),واژه‌ی جدید
یافته است,185,166,action,یافتن (0.75),واژه‌ی جدید
درخصوص دعوی,183,166,action,اقامه دعوی (0.86),واژه‌ی جدید
داور,642,166,action,داوری (0.85),واژه‌ی جدید
به داوری,198,166,action,داوری (0.83),واژه‌ی جدید
به آقای,262,166,action,استعلام (0.71),واژه‌ی جدید
آورد,179,166,object,رسید (0.66),واژه‌ی جدید
دادنامه را,171,166,concept,دادرسی (0.72),واژه‌ی جدید
بیش,226,166,concept,بیشینه مجازات (0.62),واژه‌ی جدید
موکله,506,165,action,محاکمه (0.72),واژه‌ی جدید
نحوی,182,165,action,خوداظهاری (0.61),واژه‌ی جدید
خرید,263,165,role,خریدار (0.86),واژه‌ی جدید
مستفاد,182,165,action,مأخوذ (0.71),واژه‌ی جدید
دوم دادگاه,275,165,action,تجدید دادرسی (0.67),واژه‌ی جدید
هیچ گونه,212,165,concept,نبود صلاحیت (0.62),واژه‌ی جدید
عدد,399,164,concept,عده (0.78),واژه‌ی جدید
ندارم,307,164,action,انکار (0.66),واژه‌ی جدید
در وقت,267,164,principle,طبق قانون (0.72),واژه‌ی جدید
به نحو,194,164,principle,طبق قانون (0.74),واژه‌ی جدید
را ندارد,188,164,concept,نبود صلاحیت (0.67),واژه‌ی جدید
عادی مورخ,240,164,concept,شخص طبیعی (0.59),واژه‌ی جدید
از پلاک,285,164,object,پلاک (0.86),واژه‌ی جدید
ارزش,331,163,principle,معیار (0.65),واژه‌ی جدید
نظریه کتبی,190,163,concept,نظریه مشورتی (0.74),واژه‌ی جدید
دفاعیه,190,163,object,دفاعیات (0.89),alias پیشنهادی برای «دفاعیات»
رسیدگی در,184,163,action,رسیدگی (0.91),alias پیشنهادی برای «رسیدگی»
بر بی,201,163,object,برات (0.60),واژه‌ی جدید
که نقض,167,163,action,نقض (0.83),واژه‌ی جدید
داده شده,191,163,action,پرداخت (0.66),واژه‌ی جدید
دایر بر,205,163,role,مباشر (0.62),واژه‌ی جدید
به عقد,214,163,concept,عقد (0.82),واژه‌ی جدید
منتخب,230,162,concept,حق انتخاب (0.70),واژه‌ی جدید
تشکیل جلسه,247,162,object,جلسه (0.89),alias پیشنهادی برای «جلسه»
ابراز ننموده,163,162,action,انکار (0.65),واژه‌ی جدید
این رو,205,162,object,موصى به (0.60),واژه‌ی جدید
را غیر,166,162,concept,غیرمستقل (0.68),واژه‌ی جدید
سکونت,276,162,concept,حق سکنی (0.76),واژه‌ی جدید
الی,253,162,role,ولی (0.64),واژه‌ی جدید
قانون مذکور,187,162,action,طی ماده قانونی (0.72),واژه‌ی جدید
استوار می,164,162,principle,ثبات (0.64),واژه‌ی جدید
تجدیدنظر خواه,316,162,concept,تجدیدنظر (0.85),واژه‌ی جدید
از جهت,202,162,principle,لحاظ (0.75),واژه‌ی جدید
مستندات ابرازی,185,162,object,مستندات (0.76),واژه‌ی جدید
فوت,432,162,concept,موت (0.78),واژه‌ی جدید
علیرغم,202,161,principle,طبق قانون (0.61),واژه‌ی جدید
چنین رای,173,161,object,رأی (0.72),واژه‌ی جدید
به اتهام,287,161,role,متهم (0.77),واژه‌ی جدید
رسد,183,161,object,رسید (0.85),واژه‌ی جدید
بطرفیت خانم,186,161,principle,بی‌طرفی (0.67),واژه‌ی جدید
تائید,230,161,action,تأیید (0.94),alias پیشنهادی برای «تأیید»
به مفاد,173,161,role,ذی‌نفع (0.71),واژه‌ی جدید
حسن,217,160,concept,نفس (0.55),واژه‌ی جدید
خوانده دعوی,234,160,concept,دعوی (0.79),واژه‌ی جدید
آنجا,216,160,object,محل (0.58),واژه‌ی جدید
گذشت,210,160,action,گذراندن (0.73),واژه‌ی جدید
جدید,267,160,role,مباشر (0.67),واژه‌ی جدید
از خوانده,184,160,role,مخاطب (0.61),واژه‌ی جدید
به مندرجات,163,160,principle,لحاظ (0.66),واژه‌ی جدید
رای می,180,159,object,رأی (0.79),واژه‌ی جدید
موضوع را,190,159,concept,خارج از موضوع (0.70),واژه‌ی جدید
دادگاه از,173,159,concept,نظر دادگاه (0.73),واژه‌ی جدید
وقت رسیدگی,225,159,action,رسیدگی (0.82),واژه‌ی جدید
واقعی,240,159,concept,شخصیت حقیقی (0.72),واژه‌ی جدید
روابط,214,159,concept,رابطه خانوادگی (0.75),واژه‌ی جدید
شود که,197,159,action,حصول (0.63),واژه‌ی جدید
اقدام نماید,193,158,action,تصرف (0.72),واژه‌ی جدید
اظهارنظر,224,158,role,صاحب‌نظر (0.76),واژه‌ی جدید
مارالذکر,169,158,action,یادآوری (0.54),واژه‌ی جدید
که متضمن,177,158,role,مضمون (0.64),واژه‌ی جدید
مرکزی,226,158,concept,سب (0.63),واژه‌ی جدید
مصادیق,220,158,concept,استحقاق (0.65),واژه‌ی جدید
اساساً,192,158,principle,لحاظ (0.63),واژه‌ی جدید
خالی از,162,158,action,عدم حضور (0.64),واژه‌ی جدید
درخصوص دادخواست,170,157,object,دادخواست (0.87),واژه‌ی جدید
تجدیدنظرخواهی با,158,157,concept,تجدیدنظر (0.85),واژه‌ی جدید
که مورد,180,157,object,قضیه (0.64),واژه‌ی جدید
شناسنامه,486,157,object,گذرنامه (0.79),واژه‌ی جدید
صحت تشخیص,164,157,concept,صحت انتساب (0.71),واژه‌ی جدید
داشتن,209,156,action,گرفتن (0.73),واژه‌ی جدید
نیست زیرا,181,156,action,عدم حضور (0.63),واژه‌ی جدید
رونوشت,195,156,object,یادداشت (0.59),واژه‌ی جدید
استماع دعوی,223,156,action,اقامه دعوی (0.81),واژه‌ی جدید
منجر,187,156,concept,سبب (0.64),واژه‌ی جدید
درج,225,156,action,ثبت (0.74),واژه‌ی جدید
بیش از,213,156,concept,عده (0.62),واژه‌ی جدید
طلاق به,271,156,concept,طلاق (0.86),واژه‌ی جدید
انعقاد,252,155,concept,توافق (0.66),واژه‌ی جدید
جلب نظر,198,155,action,جلب (0.81),واژه‌ی جدید
حال حاضر,193,155,role,مباشر (0.66),واژه‌ی جدید
در دیوان,203,155,concept,وضعیت دیوان‌سالاری (0.67),واژه‌ی جدید
نماید رای,167,155,object,رأی (0.80),واژه‌ی جدید
وفق مقررات,167,155,principle,طبق قانون (0.86),واژه‌ی جدید
بر مبنای,198,155,principle,طبق قانون (0.77),واژه‌ی جدید
از جانب,212,155,principle,طبق قانون (0.69),واژه‌ی جدید
شامل,213,155,principle,شمول (0.69),واژه‌ی جدید
مرکز,282,155,object,محل (0.65),واژه‌ی جدید
مطروحه را,170,155,object,موصى به (0.58),واژه‌ی جدید
به پلاک,225,155,object,پلاک (0.84),واژه‌ی جدید
تجدیدنظرخواه را,163,155,concept,تجدیدنظر (0.83),واژه‌ی جدید
شخصی,218,155,concept,شخص (0.85),واژه‌ی جدید
به زوج,225,154,concept,ازدواج (0.64),واژه‌ی جدید
شعبه سوم,264,154,object,شعبه دادگاه (0.69),واژه‌ی جدید
دادیار,220,154,concept,دادرسی (0.77),واژه‌ی جدید
به مساحت,263,154,concept,ظرفیت (0.65),واژه‌ی جدید
کنند,196,154,concept,عده (0.64),واژه‌ی جدید
بر الزام,183,154,action,الزام (0.83),واژه‌ی جدید
سازمان,534,153,role,سازمان‌های بین‌المللی (0.74),واژه‌ی جدید
سند ازدواج,231,153,object,سند مالکیت (0.73),واژه‌ی جدید
معین,212,153,object,عین (0.67),واژه‌ی جدید
تایید می,159,153,action,تأیید (0.87),alias پیشنهادی برای «تأیید»
پنجم,270,153,concept,خمس (0.82),واژه‌ی جدید
منعقد,202,153,concept,عقد (0.68),واژه‌ی جدید
سر,265,153,role,صاحب‌حق (0.64),واژه‌ی جدید
حضوری بوده,155,153,action,عدم حضور (0.72),واژه‌ی جدید
دادنامه موصوف,164,153,role,متهم (0.71),واژه‌ی جدید
کردم,304,153,role,قیم (0.57),واژه‌ی جدید
از عدم,193,152,action,عدم حضور (0.70),واژه‌ی جدید
تأخیر تأدیه,346,152,concept,تأخیر (0.86),واژه‌ی جدید
مسترد,196,152,action,انکار (0.78),واژه‌ی جدید
حقی خواهان,174,152,concept,حق (0.71),واژه‌ی جدید
ازدواج شماره,208,152,concept,ازدواج (0.77),واژه‌ی جدید
علم,273,152,concept,دین (0.68),واژه‌ی جدید
راستای,188,151,concept,جهت‌گیری (0.69),واژه‌ی جدید
می داند,169,151,concept,عرف (0.67),واژه‌ی جدید
زیر,195,151,action,زیرنظر (0.68),واژه‌ی جدید
ای که,203,151,role,صاحب‌حق (0.57),واژه‌ی جدید
بخشی,191,151,object,بخش‌نامه (0.69),واژه‌ی جدید
به عهده,191,151,concept,ذمه (0.70),واژه‌ی جدید
می‌دارد,199,151,concept,مظنه (0.62),واژه‌ی جدید
استدلال که,175,150,action,استدلال (0.82),واژه‌ی جدید
مشارالیها,208,150,concept,مصاهره (0.59),واژه‌ی جدید
قطع,180,150,concept,منقطع (0.76),واژه‌ی جدید
خواهان محکوم,160,150,role,محکوم‌علیه (0.84),واژه‌ی جدید
حسین,174,150,object,عین (0.55),واژه‌ی جدید
منجر به,180,150,concept,سبب (0.76),واژه‌ی جدید
شرح لایحه,180,150,object,لایحه (0.81),واژه‌ی جدید
نماید رأی,165,150,object,رأی (0.84),واژه‌ی جدید
متعاقب,169,149,action,تعقیب (0.69),واژه‌ی جدید
خسارت تأخیر,324,149,concept,تأخیر (0.84),واژه‌ی جدید
شده اند,198,149,concept,عده (0.64),واژه‌ی جدید
در متن,178,149,concept,خارج از موضوع (0.73),واژه‌ی جدید
پرونده از,160,149,object,پرونده (0.85),واژه‌ی جدید
مدنی ضمن,160,149,concept,احوال مدنی (0.75),واژه‌ی جدید
بنده,371,148,concept,شخص (0.64),واژه‌ی جدید
مجدد به,169,148,concept,دعوی مجدد (0.71),واژه‌ی جدید
مدلول,171,148,object,ادله (0.65),واژه‌ی جدید
در راستای,185,148,principle,طبق قانون (0.75),واژه‌ی جدید
با هیچ,149,148,concept,بی‌دلیل (0.65),واژه‌ی جدید
تعلق,200,148,concept,رابطه حقوقی (0.72),واژه‌ی جدید
شایسته,166,148,principle,شایسته‌سالاری (0.74),واژه‌ی جدید
کردن,195,148,action,تصرف (0.67),واژه‌ی جدید
مجدداً,205,148,action,تجدید دادرسی (0.70),واژه‌ی جدید
علی رغم,170,148,principle,طبق قانون (0.62),واژه‌ی جدید
علقه,167,148,concept,نفقه (0.75),واژه‌ی جدید
حضوری ظرف,149,147,action,عدم حضور (0.67),واژه‌ی جدید
مسکونی,242,147,concept,حق سکنی (0.59),واژه‌ی جدید
صیغه طلاق,364,147,concept,طلاق (0.77),واژه‌ی جدید
زوج از,225,147,concept,ازدواج (0.64),واژه‌ی جدید
دادنامه مورد,168,147,object,دادخواست (0.73),واژه‌ی جدید
از موارد,204,147,concept,خارج از موضوع (0.66),واژه‌ی جدید
به انجام,192,147,concept,وفاء به عهد (0.68),واژه‌ی جدید
مراتب دادگاه,150,147,action,سازمان‌دهی دادگاه‌ها (0.67),واژه‌ی جدید
صورتجلسه,223,146,object,صورت‌جلسه تفکیکی (0.81),واژه‌ی جدید
مواجه,165,146,role,مخاطب (0.67),واژه‌ی جدید
که زوج,221,146,concept,ازدواج (0.64),واژه‌ی جدید
شهادت شهود,247,146,object,شهادت کتبی (0.79),واژه‌ی جدید
به اثبات,181,146,concept,ثبوت (0.83),واژه‌ی جدید
با وجود,176,146,principle,طبق قانون (0.68),واژه‌ی جدید
اش,281,146,concept,ارش (0.75),واژه‌ی جدید
نامه عادی,255,146,action,طی نامه (0.72),واژه‌ی جدید
دفاعی,158,146,action,دفاع (0.92),alias پیشنهادی برای «دفاع»
او را,262,146,role,موصی له (0.65),واژه‌ی جدید
نفع,186,145,role,ذی‌نفع (0.79),واژه‌ی جدید
بهار,376,145,concept,فصل مشترک (0.60),واژه‌ی جدید
خواهی نموده,176,145,concept,تمایل (0.68),واژه‌ی جدید
جلسه مورخ,182,145,object,جلسه (0.84),واژه‌ی جدید
صادره در,165,145,action,صادر کردن گواهی (0.71),واژه‌ی جدید
بدین شرح,161,145,principle,طبق قانون (0.61),واژه‌ی جدید
اصحاب,193,145,role,اصحاب دعوی (0.70),واژه‌ی جدید
بایستی,184,145,concept,لازمه (0.70),واژه‌ی جدید
اینکه زوجه,187,145,concept,نفقه (0.63),واژه‌ی جدید
فروخته,216,144,concept,خرید و فروش (0.71),واژه‌ی جدید
منتفی,183,144,action,نفی (0.86),واژه‌ی جدید
اجرای صیغه,338,144,concept,صیغه (0.89),alias پیشنهادی برای «صیغه»
صورت جلسه,220,144,object,صورت‌جلسه تفکیکی (0.84),واژه‌ی جدید
نمی گردد,167,144,concept,ناتوانی (0.62),واژه‌ی جدید
اظهارات وکیل,163,144,role,وکیل (0.76),واژه‌ی جدید
اینکه حسب,157,144,principle,طبق قانون (0.79),واژه‌ی جدید
محکمه محترم,150,144,object,محکمه (0.80),واژه‌ی جدید
صادر واعلام,165,143,action,صادر کردن گواهی (0.69),واژه‌ی جدید
هیات شعبه,158,143,role,هیات (0.77),واژه‌ی جدید
به دعوی,189,143,concept,دعوی (0.84),واژه‌ی جدید
توجیه,153,143,object,دلایل توجیهی (0.86),واژه‌ی جدید
از طرفین,186,143,action,طی تفاهم (0.70),واژه‌ی جدید
تعداد,259,143,concept,عده (0.77),واژه‌ی جدید
از مصادیق,183,143,object,شواهد (0.64),واژه‌ی جدید
حکم طلاق,238,143,concept,طلاق (0.82),واژه‌ی جدید
مصوب سال,191,143,object,تصویب‌نامه (0.74),واژه‌ی جدید
وظایف,200,143,concept,وظایف حقوقی (0.82),واژه‌ی جدید
زوجه با,192,143,action,مرافقه (0.64),واژه‌ی جدید
طول,196,142,concept,حد (0.64),واژه‌ی جدید
پاسخ استعلام,171,142,action,استعلام (0.87),alias پیشنهادی برای «استعلام»
مستفاد از,156,142,principle,لحاظ (0.61),واژه‌ی جدید
تعیین وقت,189,142,concept,زمان اجرا (0.74),واژه‌ی جدید
گرفت,204,142,action,گرفتن (0.79),واژه‌ی جدید
یک باب,235,142,object,مباحات (0.63),واژه‌ی جدید
طرفیت آقایان,168,142,concept,تمایل (0.59),واژه‌ی جدید
مطالبه وجه,221,142,concept,وجه ملزم (0.73),واژه‌ی جدید
شش دانگ,260,142,concept,خمس (0.54),واژه‌ی جدید
واجد,172,141,role,واهب (0.67),واژه‌ی جدید
اقدامی,154,141,concept,فعل مجرمانه (0.58),واژه‌ی جدید
را پرداخت,196,141,action,پرداخت (0.82),واژه‌ی جدید
نخواهد بود,164,141,concept,غیرممکن (0.64),واژه‌ی جدید
غیر وارد,156,141,concept,غیرمستند (0.78),واژه‌ی جدید
از جهات,147,141,principle,لحاظ (0.70),واژه‌ی جدید
را نداشته,167,141,concept,نبود صلاحیت (0.71),واژه‌ی جدید
هیئت شعبه,146,141,object,شعبه دادگاه (0.74),واژه‌ی جدید
به حکم,182,141,object,حکم (0.76),واژه‌ی جدید
آزادی,335,141,concept,حریت (0.81),واژه‌ی جدید
ادامه زندگی,234,141,concept,حق زندگی (0.64),واژه‌ی جدید
منتهی,174,141,concept,منقطع (0.72),واژه‌ی جدید
وکالت آقایان,176,141,concept,وکالت (0.73),واژه‌ی جدید
دادخواست خانم,146,141,object,دادخواست (0.86),واژه‌ی جدید
هفت,205,141,object,هفتگی (0.68),واژه‌ی جدید
تا زمان,202,141,concept,زمان اجرا (0.65),واژه‌ی جدید
را تایید,158,140,action,تأیید (0.86),واژه‌ی جدید
به هنگام,156,140,principle,طبق قانون (0.65),واژه‌ی جدید
به جهات,156,140,concept,جهت‌گیری (0.68),واژه‌ی جدید
اتخاذ تصمیم,169,140,concept,تصمیم‌گیری (0.94),alias پیشنهادی برای «تصمیم‌گیری»
احمدی,154,140,object,یادداشت (0.56),واژه‌ی جدید
مطابق قانون,148,140,principle,طبق قانون (0.97),alias پیشنهادی برای «طبق قانون»
به بی,169,140,concept,سب (0.61),واژه‌ی جدید
نظربه,190,140,role,صاحب‌نظر (0.63),واژه‌ی جدید
در نظر,150,140,role,صاحب‌نظر (0.72),واژه‌ی جدید
تمکین از,239,140,action,تمکین (0.86),واژه‌ی جدید
مصون از,145,139,action,جلوگیری (0.67),واژه‌ی جدید
صرفا,190,139,principle,فقط در صورت (0.76),واژه‌ی جدید
منعکس در,174,139,object,منقول (0.67),واژه‌ی جدید
مضبوط,171,139,action,جدیت (0.62),واژه‌ی جدید
بر خلاف,178,139,concept,خلاف (0.76),واژه‌ی جدید
محکومیت تجدیدنظرخواه,156,139,concept,محکومیت (0.85),واژه‌ی جدید
ندارد لذا,143,139,action,عدم حضور (0.67),واژه‌ی جدید
لذا تقاضای,166,139,object,طلب (0.69),واژه‌ی جدید
انشاء,178,139,action,تأسیس (0.70),واژه‌ی جدید
محکوم شده,172,139,role,محکوم (0.91),alias پیشنهادی برای «محکوم»
صد,230,139,concept,سب (0.59),واژه‌ی جدید
النهایه,150,138,concept,اشاعه (0.64),واژه‌ی جدید
موجه نیست,140,138,concept,غیرقابل اثبات (0.73),واژه‌ی جدید
عمل نیامده,142,138,concept,غیرقابل اعمال (0.70),واژه‌ی جدید
در قرارداد,241,138,object,قرارداد (0.83),واژه‌ی جدید
معاملات,236,138,object,معامله (0.83),واژه‌ی جدید
وحدت رویه,226,138,principle,رویه قضائی (0.69),واژه‌ی جدید
صدر,161,138,role,مشتری (0.56),واژه‌ی جدید
این حیث,162,138,principle,طبق قانون (0.61),واژه‌ی جدید
محترم تجدید,150,138,action,تجدید نظر (0.75),واژه‌ی جدید
آثار,183,138,object,شواهد (0.59),واژه‌ی جدید
اعتراض تجدیدنظرخواه,151,138,concept,تجدیدنظر (0.82),واژه‌ی جدید
سن,263,138,object,سند (0.68),واژه‌ی جدید
انضمام خسارات,166,137,object,هزینه خسارت (0.68),واژه‌ی جدید
دفاتر,179,137,object,دفترخانه (0.75),واژه‌ی جدید
وقوع عقد,198,137,concept,عقد (0.83),واژه‌ی جدید
ابرام می,141,137,concept,ارحام (0.56),واژه‌ی جدید
معنونه,160,137,concept,تعریف (0.67),واژه‌ی جدید
تنظیمی در,185,137,action,تنظیم (0.81),واژه‌ی جدید
ارتباط,198,137,action,همکاری (0.70),واژه‌ی جدید
استناد بند,163,137,action,ارجاع (0.67),واژه‌ی جدید
زوج را,178,137,concept,ازدواج (0.64),واژه‌ی جدید
حق فسخ,320,137,action,فسخ (0.89),alias پیشنهادی برای «فسخ»
لذا بنا,141,137,concept,سبب (0.58),واژه‌ی جدید
ضمن ردّ,144,137,action,رد (0.77),واژه‌ی جدید
این توضیح,153,136,object,دلایل توجیهی (0.68),واژه‌ی جدید
ماهیانه,269,136,object,هفتگی (0.64),واژه‌ی جدید
تجدیدنظرخواهی را,137,136,concept,تجدیدنظر (0.84),واژه‌ی جدید
به جامع,147,136,concept,کامل (0.62),واژه‌ی جدید
را داشته,163,136,concept,شخص (0.63),واژه‌ی جدید
وجاهت قانونی,151,136,concept,قانونی بودن (0.71),واژه‌ی جدید
متولد,249,136,role,نویسنده (0.67),واژه‌ی جدید
گردد که,154,136,action,ذکر (0.60),واژه‌ی جدید
به منزل,225,136,action,ورود به ملک (0.70),واژه‌ی جدید
علقه زوجیت,151,136,concept,نفقه (0.70),واژه‌ی جدید
دانستن,149,135,action,یافتن (0.73),واژه‌ی جدید
اکنون,166,135,role,مباشر (0.64),واژه‌ی جدید
فرجام خوانده,254,135,action,فرجام (0.79),واژه‌ی جدید
ضرورت,165,135,concept,نیاز (0.76),واژه‌ی جدید
نقدی,237,135,concept,جزای نقدی (0.75),واژه‌ی جدید
تقاضا,161,135,object,طلب (0.79),واژه‌ی جدید
مطلب,148,135,role,مضمون (0.78),واژه‌ی جدید
معامله را,202,135,object,معامله (0.86),واژه‌ی جدید
از باب,163,134,principle,طبق قانون (0.67),واژه‌ی جدید
تقدیم نموده,156,134,concept,تبرع (0.70),واژه‌ی جدید
با مقررات,138,134,principle,طبق قانون (0.81),واژه‌ی جدید
رییس شعبه,148,134,role,رئیس دادگاه (0.71),واژه‌ی جدید
نرخ,252,134,object,هزینه (0.68),واژه‌ی جدید
اشتغال,247,134,object,شغل (0.79),واژه‌ی جدید
ضمناً,163,134,concept,غیرمستقیم (0.69),واژه‌ی جدید
متعدد,183,134,concept,عده (0.66),واژه‌ی جدید
لذا دعوی,142,134,action,اقامه دعوی (0.75),واژه‌ی جدید
تحصیل,235,134,action,گذراندن (0.69),واژه‌ی جدید
دفتر اسناد,233,134,object,دفتر اسناد رسمی (0.89),alias پیشنهادی برای «دفتر اسناد رسمی»
دلیلی که,141,134,concept,علت (0.82),واژه‌ی جدید
ازجمله,181,134,principle,لحاظ (0.66),واژه‌ی جدید
پیوست پرونده,172,133,object,پیوست‌نامه (0.81),واژه‌ی جدید
اعلام گردیده,162,133,action,برآورد (0.69),واژه‌ی جدید
فرجامخواهی,339,133,action,فرجام (0.72),واژه‌ی جدید
یادشده,183,133,action,یادآوری (0.75),واژه‌ی جدید
قانون فوق,134,133,concept,قانون منع تجاوز (0.71),واژه‌ی جدید
دلائل,152,133,object,دلایل توجیهی (0.81),واژه‌ی جدید
ملاک,176,133,object,بلاک (0.58),واژه‌ی جدید
اظهارات خواهان,144,133,role,اصحاب دعوی (0.71),واژه‌ی جدید
معوقه,280,133,concept,مانع (0.72),واژه‌ی جدید
رفتار,309,133,action,تصرف (0.78),واژه‌ی جدید
وکیل زوجه,278,133,role,وکیل (0.76),واژه‌ی جدید
اعاده می,138,133,action,اعاده اعتبار (0.79),واژه‌ی جدید
جهیزیه,401,132,concept,ازدواج (0.65),واژه‌ی جدید
یکصد,214,132,object,واحد پول (0.64),واژه‌ی جدید
خوانده آقای,159,132,role,موصی له (0.64),واژه‌ی جدید
تاخیر تادیه,319,132,concept,تأخیر (0.83),واژه‌ی جدید
به استرداد,206,132,action,استرداد (0.89),alias پیشنهادی برای «استرداد»
این اساس,151,132,principle,طبق قانون (0.60),واژه‌ی جدید
هیچیک,144,132,concept,بی‌دلیل (0.58),واژه‌ی جدید
منع,242,132,action,جلوگیری (0.78),واژه‌ی جدید
اینکه تجدیدنظرخواه,135,132,concept,تجدیدنظر (0.85),واژه‌ی جدید
استدعاست,162,132,action,فراخوانی (0.70),واژه‌ی جدید
مورد استدعاست,162,132,object,طلب (0.74),واژه‌ی جدید
تبادل لوایح,156,132,action,تعویض سند (0.63),واژه‌ی جدید
به مجموع,138,132,principle,لحاظ (0.64),واژه‌ی جدید
از همان,166,132,principle,طبق قانون (0.65),واژه‌ی جدید
ادعایی,174,131,concept,ادعا (0.92),alias پیشنهادی برای «ادعا»
مغایر,161,131,concept,مغایرت (0.90),alias پیشنهادی برای «مغایرت»
نهایتاً,175,131,object,رای نهایی (0.64),واژه‌ی جدید
صادر کرده,180,131,role,صادرکننده (0.75),واژه‌ی جدید
در قسمت,192,131,concept,خارج از موضوع (0.68),واژه‌ی جدید
وکیل وی,166,131,role,وکیل (0.84),واژه‌ی جدید
سوم دادگاه,197,131,role,ثالث (0.69),واژه‌ی جدید
قرائت می,137,131,concept,استقراء (0.65),واژه‌ی جدید
ساقط,186,131,action,اسقاط (0.67),واژه‌ی جدید
با ملاحظه,142,131,principle,ملاحظه قانونی (0.76),واژه‌ی جدید
موضوعه,141,131,role,موصی له (0.70),واژه‌ی جدید
اجرایی,221,131,concept,واحد اجرایی (0.80),واژه‌ی جدید
به دادخواست,143,131,object,دادخواست (0.88),alias پیشنهادی برای «دادخواست»
حسینی,140,131,role,مشتری (0.57),واژه‌ی جدید
مقرون,144,131,role,مغبون (0.59),واژه‌ی جدید
گفت,381,131,concept,ادعا (0.65),واژه‌ی جدید
به درخواست,162,130,object,طلب (0.80),واژه‌ی جدید
تشخیص نداده,135,130,concept,نبود صلاحیت (0.69),واژه‌ی جدید
نماید این,138,130,object,موصى به (0.64),واژه‌ی جدید
خواهان آقای,157,130,object,طلب (0.78),واژه‌ی جدید
طبق تعرفه,153,130,principle,طبق قانون (0.83),واژه‌ی جدید
انتخاب,170,130,concept,حق انتخاب (0.85),واژه‌ی جدید
از توجه,145,130,principle,لحاظ (0.69),واژه‌ی جدید
که طی,158,130,action,طی نامه (0.68),واژه‌ی جدید
پرداخت نماید,175,130,action,پرداخت (0.85),واژه‌ی جدید
در واقع,166,130,concept,شخصیت حقیقی (0.59),واژه‌ی جدید
موافقت,179,130,concept,توافق (0.84),واژه‌ی جدید
دادخواست خواهان,138,130,object,دادخواست (0.89),alias پیشنهادی برای «دادخواست»
تصویر مصدق,160,130,object,تصویر (0.68),واژه‌ی جدید
مصدق سند,134,130,object,سند (0.75),واژه‌ی جدید
ارایه,201,129,action,پیشنهاد (0.78),واژه‌ی جدید
له,166,129,concept,هبه (0.65),واژه‌ی جدید
به کارشناس,154,129,object,موصى به (0.74),واژه‌ی جدید
با جلب,160,129,action,جلب (0.88),alias پیشنهادی برای «جلب»
عمل نیاورده,134,129,concept,غیرقابل اعمال (0.74),واژه‌ی جدید
ثبت شده,204,129,action,ثبت (0.87),واژه‌ی جدید
سمت,266,129,concept,جهت‌گیری (0.65),واژه‌ی جدید
دادرسی را,168,129,concept,دادرسی (0.90),alias پیشنهادی برای «دادرسی»
نباشد,160,129,action,عدم حضور (0.70),واژه‌ی جدید
هیچگونه,175,129,concept,بی‌دلیل (0.63),واژه‌ی جدید
موکل به,162,129,role,متهم (0.73),واژه‌ی جدید
نگهداری,282,129,concept,حق نگهداری (0.84),واژه‌ی جدید
حین,184,129,action,طی روند دادرسی (0.77),واژه‌ی جدید
منتهی به,158,129,concept,منقطع (0.70),واژه‌ی جدید
به همراه,173,129,action,مرافقه (0.70),واژه‌ی جدید
معامله به,211,129,object,معامله (0.88),alias پیشنهادی برای «معامله»
مدرکی,140,129,object,مدرک (0.83),واژه‌ی جدید
از انجام,155,129,action,ایفای تعهد (0.67),واژه‌ی جدید
نجفی,133,129,role,شفیع (0.55),واژه‌ی جدید
از بابت,199,128,principle,لحاظ (0.73),واژه‌ی جدید
اوضاع,137,128,concept,احوال (0.79),واژه‌ی جدید
ایفای,184,128,action,ایفای تعهد (0.59),واژه‌ی جدید
تجاری,277,128,concept,تجارت (0.84),واژه‌ی جدید
حقوقی شهرستان,192,128,concept,زمینه حقوقی (0.71),واژه‌ی جدید
یک میلیون,189,128,object,واحد پول (0.71),واژه‌ی جدید
تجدیدنظرخواهی به,137,128,concept,تجدیدنظر (0.87),واژه‌ی جدید
بر پرداخت,144,128,action,پرداخت (0.85),واژه‌ی جدید
صورتی که,148,128,principle,فقط در صورت (0.63),واژه‌ی جدید
موجب سند,213,128,object,سند (0.72),واژه‌ی جدید
رأی صادر,169,128,object,رأی (0.82),واژه‌ی جدید
نقض رأی,177,127,action,نقض (0.82),واژه‌ی جدید
دیوانعالی,181,127,role,دیوان عدالت اداری (0.69),واژه‌ی جدید
مراجع,173,127,role,مراجع ذیصلاح (0.71),واژه‌ی جدید
به موکل,182,127,role,موصی له (0.70),واژه‌ی جدید
اصلاحی,219,127,action,اصلاح ذات‌البین (0.67),واژه‌ی جدید
التفات,138,127,concept,تلف (0.66),واژه‌ی جدید
عسر,528,127,concept,عسر و حرج (0.71),واژه‌ی جدید
مشخصات,170,126,action,اعراض (0.65),واژه‌ی جدید
به رسیدگی,158,126,action,رسیدگی (0.93),alias پیشنهادی برای «رسیدگی»
قانونی به,143,126,principle,قانونی (0.89),alias پیشنهادی برای «قانونی»
ریال با,147,126,object,واحد پول (0.61),واژه‌ی جدید
اصداری,141,126,concept,اصیل (0.72),واژه‌ی جدید
مطالبه اجرت,268,126,concept,اجرت (0.77),واژه‌ی جدید
در بند,172,126,action,وضع قید (0.73),واژه‌ی جدید
صادره به,139,126,action,صادر کردن گواهی (0.71),واژه‌ی جدید
وبه,185,126,concept,هبه (0.75),واژه‌ی جدید
حرج,534,126,concept,عسر و حرج (0.74),واژه‌ی جدید
دادخواست تجدیدنظرخواهی,163,125,object,دادخواست (0.85),واژه‌ی جدید
اله,155,125,concept,هبه (0.74),واژه‌ی جدید
مطالبه مبلغ,159,125,object,هزینه‌های درخواست (0.75),واژه‌ی جدید
موضوع خواسته,154,125,object,طلب (0.76),واژه‌ی جدید
مطابقت ندارد,128,125,concept,اختلاف (0.73),واژه‌ی جدید
فرد,177,125,concept,شخص (0.83),واژه‌ی جدید
مؤید,146,125,action,تشیید (0.61),واژه‌ی جدید
به دلایل,139,125,concept,علت (0.83),واژه‌ی جدید
از خواهان,153,125,object,طلب (0.75),واژه‌ی جدید
همسرم,257,125,concept,ازدواج (0.66),واژه‌ی جدید
وسیله,170,124,object,عقار (0.72),واژه‌ی جدید
عدد سکه,269,124,concept,عده (0.64),واژه‌ی جدید
در اختیار,156,124,action,حصول (0.67),واژه‌ی جدید
منزل مشترک,173,124,concept,فصل مشترک (0.72),واژه‌ی جدید
در طول,167,124,action,طی روند دادرسی (0.67),واژه‌ی جدید
نیامده است,127,124,action,عدم حضور (0.73),واژه‌ی جدید
متعاقباً,159,124,principle,طبق قانون (0.67),واژه‌ی جدید
ریال از,176,124,object,واحد پول (0.58),واژه‌ی جدید
به منظور,149,124,principle,طبق قانون (0.70),واژه‌ی جدید
وکیل زوج,264,124,role,وکیل (0.79),واژه‌ی جدید
جداگانه,148,124,concept,منفصل (0.75),واژه‌ی جدید
قابلیت استماع,141,124,concept,قابلیت اجرایی (0.70),واژه‌ی جدید
مستند دعوی,162,124,object,دلایل اثبات دعوی (0.81),واژه‌ی جدید
ملزم به,143,124,role,ملزم (0.87),واژه‌ی جدید
مغازه,436,124,role,تاجر (0.74),واژه‌ی جدید
زناشویی,194,124,concept,ازدواج (0.77),واژه‌ی جدید
گزارش اقای,128,123,object,گزارش مالی (0.75),واژه‌ی جدید
طرفین را,154,123,principle,بی‌طرفی (0.65),واژه‌ی جدید
وارد دانسته,134,123,concept,مداخله (0.64),واژه‌ی جدید
دادگاه ارائه,134,123,action,ورود به دادگاه (0.72),واژه‌ی جدید
نتیجتاً,135,123,concept,علت (0.62),واژه‌ی جدید
یک فقره,176,123,object,یادداشت (0.67),واژه‌ی جدید
به اوراق,126,123,object,اوراق قرضه (0.67),واژه‌ی جدید
شوهرش,186,123,concept,نفقه (0.66),واژه‌ی جدید
تفکیکی,266,123,action,تفکیک (0.90),alias پیشنهادی برای «تفکیک»
شرح دادنامه,147,123,object,اظهارنامه (0.72),واژه‌ی جدید
فرزند الف,147,123,role,اولاد (0.65),واژه‌ی جدید
ارائه نکرده,132,123,concept,نبود صلاحیت (0.70),واژه‌ی جدید
بخشی از,148,123,object,بخش‌نامه (0.65),واژه‌ی جدید
تصرفات,257,123,action,تصرف (0.91),alias پیشنهادی برای «تصرف»
محرز است,134,123,action,تأیید (0.64),واژه‌ی جدید
از وی,161,123,role,موصی له (0.63),واژه‌ی جدید
آنرا,177,122,concept,زنا (0.55),واژه‌ی جدید
افراد,157,122,role,اشخاص حقیقی (0.85),واژه‌ی جدید
متضمن جهت,124,122,concept,جهت‌گیری (0.71),واژه‌ی جدید
حالیکه,147,122,principle,طبق قانون (0.65),واژه‌ی جدید
در حالیکه,147,122,principle,فقط در صورتی که (0.71),واژه‌ی جدید
رفته,171,122,object,رسید (0.64),واژه‌ی جدید
ساعت,270,122,action,تقویم (0.67),واژه‌ی جدید
سوی خواهان,151,122,role,اصحاب دعوی (0.61),واژه‌ی جدید
مربع,260,122,concept,ثلث (0.60),واژه‌ی جدید
متر مربع,259,122,object,واحد پول (0.64),واژه‌ی جدید
الحاقی,189,122,concept,انقیاد (0.59),واژه‌ی جدید
ضرب,310,122,concept,ضرب‌الاجل (0.73),واژه‌ی جدید
ای به,139,121,role,صاحب‌حق (0.61),واژه‌ی جدید
مترمربع,263,121,object,واحد پول (0.64),واژه‌ی جدید
مداقه,127,121,object,محکمه (0.67),واژه‌ی جدید
خوانده نیز,141,121,action,پیوست (0.60),واژه‌ی جدید
باوکالت,157,121,concept,وکالت (0.83),واژه‌ی جدید
که مطابق,137,121,principle,طبق قانون (0.78),واژه‌ی جدید
از صدور,153,121,action,صادر کردن گواهی (0.73),واژه‌ی جدید
محسوب می,134,121,principle,لحاظ (0.65),واژه‌ی جدید
آورده,177,121,action,وصول (0.66),واژه‌ی جدید
موجبی,126,121,concept,سبب (0.69),واژه‌ی جدید
به صراحت,142,121,concept,صراحت (0.85),واژه‌ی جدید
طرف دیگر,146,121,role,بی‌طرف (0.70),واژه‌ی جدید
عینا,125,121,object,عین (0.85),واژه‌ی جدید
نامه مورخ,183,121,action,طی نامه (0.68),واژه‌ی جدید
با التفات,130,121,principle,لحاظ (0.67),واژه‌ی جدید
مورد دعوی,137,121,concept,دعوی (0.87),واژه‌ی جدید
است؛,175,121,object,یادداشت (0.60),واژه‌ی جدید
مقرون به,134,121,object,منقول (0.65),واژه‌ی جدید
مفاد لایحه,129,121,object,لایحه (0.81),واژه‌ی جدید
دارد،,140,121,role,صاحب‌حق (0.66),واژه‌ی جدید
دویست,204,120,role,ديان (0.61),واژه‌ی جدید
زوج با,158,120,concept,ازدواج (0.67),واژه‌ی جدید
نمایندگی,170,120,role,نماینده (0.81),واژه‌ی جدید
بموجب آن,127,120,principle,طبق قانون (0.76),واژه‌ی جدید
اشتباه,173,120,concept,غلط بودن (0.83),واژه‌ی جدید
خواهان ها,518,120,role,اصحاب دعوی (0.77),واژه‌ی جدید
داده که,146,120,action,گرفتن (0.63),واژه‌ی جدید
خواه به,152,120,concept,تمایل (0.67),واژه‌ی جدید
پیدا,139,120,action,یافتن (0.81),واژه‌ی جدید
در رابطه,153,120,concept,خارج از موضوع (0.72),واژه‌ی جدید
اعتراض را,129,120,action,اعتراض (0.91),alias پیشنهادی برای «اعتراض»
خواسته ابطال,157,120,action,فسخ (0.71),واژه‌ی جدید
متعارف,167,120,concept,اطلاق (0.65),واژه‌ی جدید
هزار ریال,220,120,object,واحد پول (0.66),واژه‌ی جدید
نماید ارائه,120,120,action,پیشنهاد (0.73),واژه‌ی جدید
باقی مانده,144,119,concept,مؤجل (0.64),واژه‌ی جدید
انجام داده,209,119,action,تأیید (0.69),واژه‌ی جدید
موقت,362,119,concept,مشروط (0.68),واژه‌ی جدید
به ابطال,154,119,role,مبطل (0.73),واژه‌ی جدید
بر ابطال,168,119,action,لغو (0.65),واژه‌ی جدید
خسارت تاخیر,306,119,object,هزینه خسارت (0.79),واژه‌ی جدید
خانوادگی,166,119,concept,رابطه خانوادگی (0.81),واژه‌ی جدید
نامبردگان,176,119,role,اشخاص حقیقی (0.69),واژه‌ی جدید
آن،,135,119,object,اعیان (0.57),واژه‌ی جدید
به حساب,196,119,action,گشایش حساب (0.73),واژه‌ی جدید
ندارند,145,119,action,عدم حضور (0.69),واژه‌ی جدید
به من,240,119,object,موصى به (0.62),واژه‌ی جدید
ملک به,168,119,action,ورود به ملک (0.71),واژه‌ی جدید
ادعای تجدیدنظرخواه,127,119,concept,تجدیدنظر (0.78),واژه‌ی جدید
آمده است,147,119,object,رسید (0.74),واژه‌ی جدید
در جریان,162,118,action,طی روند دادرسی (0.75),واژه‌ی جدید
کنم,205,118,role,قیم (0.61),واژه‌ی جدید
اخیرالذکر,131,118,object,تبصره (0.65),واژه‌ی جدید
قادر,178,118,concept,ناتوانی (0.61),واژه‌ی جدید
که پرونده,141,118,object,پرونده (0.80),واژه‌ی جدید
کردند,197,118,concept,عده (0.65),واژه‌ی جدید
با پذیرش,123,118,action,پذیرش (0.87),واژه‌ی جدید
بر مطالبه,143,118,object,طلب (0.73),واژه‌ی جدید
قبلاً,160,118,concept,سابقه حقوقی (0.64),واژه‌ی جدید
تا تاریخ,164,118,principle,طبق قانون (0.58),واژه‌ی جدید
هیچیک از,128,118,action,نفی (0.59),واژه‌ی جدید
احراز رابطه,122,118,action,احراز هویت (0.74),واژه‌ی جدید
اصل بر,132,118,principle,اصل مالکیت (0.68),واژه‌ی جدید
وی از,128,117,role,موصی له (0.64),واژه‌ی جدید
میدهد,156,117,action,بذل (0.68),واژه‌ی جدید
ایشان در,138,117,role,موصی له (0.61),واژه‌ی جدید
دیوانعالی کشور,167,117,role,دیوان عدالت اداری (0.83),واژه‌ی جدید
هزینه های,170,117,object,هزینه (0.93),alias پیشنهادی برای «هزینه»
مخالفت,134,117,concept,مخالف (0.90),alias پیشنهادی برای «مخالف»
که دلالت,128,117,concept,صراحت (0.66),واژه‌ی جدید
عرض,162,117,action,عرضه (0.69),واژه‌ی جدید
اداری,351,117,object,دفترخانه (0.70),واژه‌ی جدید
صورت عدم,135,117,action,عدم حضور (0.71),واژه‌ی جدید
لحاظ اینکه,129,117,principle,لحاظ (0.82),واژه‌ی جدید
حکم مبنی,132,117,object,حکم (0.76),واژه‌ی جدید
مشترک به,158,117,role,شریک (0.73),واژه‌ی جدید
دار,207,116,role,دلال (0.63),واژه‌ی جدید
نامبرده در,137,116,role,محکوم‌علیه (0.71),واژه‌ی جدید
تاریخ تقدیم,161,116,concept,تبرع (0.65),واژه‌ی جدید
حالی که,146,116,concept,طی شرایط خاص (0.63),واژه‌ی جدید
نبودن,151,116,action,عدم حضور (0.70),واژه‌ی جدید
مختلف,136,116,concept,اختلاف (0.74),واژه‌ی جدید
مازاد,199,116,object,تبصره (0.61),واژه‌ی جدید
اینکه از,119,116,principle,طبق قانون (0.63),واژه‌ی جدید
این وصف,128,116,concept,صراحت (0.61),واژه‌ی جدید
شهر,229,116,role,شهرداری (0.76),واژه‌ی جدید
به طرفین,154,116,principle,بی‌طرفی (0.70),واژه‌ی جدید
بر عهده,135,116,concept,ذمه (0.71),واژه‌ی جدید
دراین,152,116,role,ديان (0.61),واژه‌ی جدید
غیر از,140,116,principle,فقط در صورت (0.72),واژه‌ی جدید
داده اند,155,115,action,گرفتن (0.67),واژه‌ی جدید
خصوص دادنامه,119,115,concept,دادرسی (0.68),واژه‌ی جدید
نفره,218,115,concept,شخص (0.64),واژه‌ی جدید
اجابت,125,115,concept,اجرت (0.63),واژه‌ی جدید
بحث,152,115,action,بررسی (0.70),واژه‌ی جدید
بدیهی,124,115,concept,لازمه (0.66),واژه‌ی جدید
مع,170,115,role,معشر (0.67),واژه‌ی جدید
از مهریه,171,115,object,ارثیه (0.65),واژه‌ی جدید
بیشتر,148,115,concept,پیشرفت (0.60),واژه‌ی جدید
از آنجا,142,115,principle,طبق قانون (0.58),واژه‌ی جدید
رابطه با,142,115,concept,رابطه حقوقی (0.77),واژه‌ی جدید
دختر,197,115,role,کودک (0.74),واژه‌ی جدید
آن دعوی,115,115,concept,دعوی (0.84),واژه‌ی جدید
زیرا دادنامه,115,115,concept,دادرسی (0.67),واژه‌ی جدید
دادگاه ادعای,118,115,concept,ادعا (0.77),واژه‌ی جدید
تمکین زوجه,158,115,action,تمکین (0.77),واژه‌ی جدید
دعوی در,128,114,concept,دعوی (0.91),alias پیشنهادی برای «دعوی»
تجدیدنظرخواهی نموده,119,114,concept,تجدیدنظر (0.83),واژه‌ی جدید
میدارد,159,114,role,مودع (0.54),واژه‌ی جدید
درخواست تجدیدنظرخواهی,116,114,concept,تجدیدنظر (0.85),واژه‌ی جدید
میشود,189,114,concept,قابل اجرا بودن (0.66),واژه‌ی جدید
تعرض,138,114,concept,اطلاق (0.74),واژه‌ی جدید
موضوع دعوی,155,114,action,اقامه دعوی (0.85),واژه‌ی جدید
محلی,182,114,object,محل (0.78),واژه‌ی جدید
در دعوی,137,114,concept,دعوی (0.87),alias پیشنهادی برای «دعوی»
قرار صادره,142,114,action,قرار (0.80),واژه‌ی جدید
در محل,156,114,object,محل (0.82),واژه‌ی جدید
دلایلی,117,114,object,دلایل توجیهی (0.80),واژه‌ی جدید
آنجا که,143,114,object,محل (0.62),واژه‌ی جدید
امانی,138,114,concept,امانت (0.75),واژه‌ی جدید
واعلام می,127,114,object,اعلامیه حراج (0.67),واژه‌ی جدید
موجه تشخیص,118,114,object,دلایل توجیهی (0.67),واژه‌ی جدید
التفات به,124,114,role,موصی له (0.71),واژه‌ی جدید
کپی,185,114,object,کپی‌رایت (0.74),واژه‌ی جدید
آن صادر,122,114,action,صادر کردن حکم (0.66),واژه‌ی جدید
ملاقات,295,114,concept,حق ملاقات (0.81),واژه‌ی جدید
فرزندان,292,114,role,اولاد (0.89),alias پیشنهادی برای «اولاد»
به‌,187,114,concept,به‌محکومیت (0.64),واژه‌ی جدید
مطالبه خسارات,146,113,concept,خسارت (0.74),واژه‌ی جدید
هستم,176,113,object,یادداشت (0.69),واژه‌ی جدید
را قبول,168,113,action,پذیرش (0.78),واژه‌ی جدید
با استدلال,141,113,action,استدلال (0.91),alias پیشنهادی برای «استدلال»
قرار نگرفته,130,113,concept,مؤجل (0.67),واژه‌ی جدید
قادر به,171,113,concept,قابل اجرا بودن (0.67),واژه‌ی جدید
معادل,151,113,concept,همزمانی (0.68),واژه‌ی جدید
صرفنظر,138,113,concept,تجدیدنظر (0.72),واژه‌ی جدید
اختلافات,153,113,concept,اختلاف (0.93),alias پیشنهادی برای «اختلاف»
فقره چک,241,113,action,صدور چک (0.77),واژه‌ی جدید
مدنی مصوب,129,113,concept,احوال مدنی (0.71),واژه‌ی جدید
غیره,131,113,concept,غیرمستقل (0.74),واژه‌ی جدید
به پزشکی,212,113,object,موصى به (0.60),واژه‌ی جدید
در اوراق,125,113,object,اوراق قرضه (0.70),واژه‌ی جدید
داشتند,150,113,concept,عده (0.64),واژه‌ی جدید
از زمان,145,113,concept,خارج از موضوع (0.63),واژه‌ی جدید
فاقد وجاهت,123,113,concept,نبود صلاحیت (0.82),واژه‌ی جدید
جزایی,170,112,concept,وضعیت جزائی (0.77),واژه‌ی جدید
منطقه,175,112,object,محل (0.72),واژه‌ی جدید
جبران,170,112,action,جبران خسارت (0.78),واژه‌ی جدید
از هرگونه,115,112,action,جلوگیری (0.58),واژه‌ی جدید
عمده,137,112,concept,عده (0.66),واژه‌ی جدید
در مهلت,143,112,principle,طبق قانون (0.70),واژه‌ی جدید
صدور رای,191,112,object,رای مشورتی (0.80),واژه‌ی جدید
گواهان,230,112,object,گواهی (0.80),واژه‌ی جدید
با قانون,125,112,principle,طبق قانون (0.88),alias پیشنهادی برای «طبق قانون»
خویش را,133,112,action,خوداظهاری (0.74),واژه‌ی جدید
مستقل,152,112,concept,غیرمستقل (0.73),واژه‌ی جدید
ارکان,139,112,concept,ارکان عقد (0.79),واژه‌ی جدید
امعان,116,112,concept,لعان (0.70),واژه‌ی جدید
در ماهیت,155,112,concept,ماهیت (0.85),واژه‌ی جدید
رویه شماره,154,112,object,سریال شماره (0.71),واژه‌ی جدید
شاخص,146,112,principle,معیار (0.67),واژه‌ی جدید
خیر,174,112,principle,خیرخواهی (0.68),واژه‌ی جدید
به او,175,112,role,موصی له (0.73),واژه‌ی جدید
تقدیمی خواهان,115,112,role,اصحاب دعوی (0.71),واژه‌ی جدید
به ثبت,173,112,action,ثبت (0.87),واژه‌ی جدید
دادگاه کیفری,345,112,concept,قانون کیفری (0.80),واژه‌ی جدید
زوجین در,136,112,concept,ازدواج (0.67),واژه‌ی جدید
در وضعیت,122,112,action,وضع (0.74),واژه‌ی جدید
شورای حل,189,112,role,شورای حل اختلاف (0.84),واژه‌ی جدید
گردیده وارد,114,112,concept,مداخله (0.69),واژه‌ی جدید
موضوع به,122,111,concept,خارج از موضوع (0.73),واژه‌ی جدید
مطروحه از,130,111,concept,خارج از موضوع (0.65),واژه‌ی جدید
از وصول,136,111,action,وصول (0.91),alias پیشنهادی برای «وصول»
فتوکپی,153,111,object,تصویر (0.67),واژه‌ی جدید
اینکه دادنامه,114,111,concept,دادرسی (0.71),واژه‌ی جدید
کسر,162,111,action,تقسیط (0.62),واژه‌ی جدید
خواندگان ردیف,225,111,role,اصحاب دعوی (0.59),واژه‌ی جدید
به اعتبار,145,111,action,اعاده اعتبار (0.71),واژه‌ی جدید
قید شده,136,111,action,وضع قید (0.81),واژه‌ی جدید
اینکه زوج,129,111,concept,ازدواج (0.70),واژه‌ی جدید
نظربه اینکه,151,111,action,بررسی (0.69),واژه‌ی جدید
امری,132,111,principle,حقوق بشر (0.69),واژه‌ی جدید
قطعه زمین,204,111,object,نمونه (0.63),واژه‌ی جدید
می باشد،,138,111,principle,طبق قانون (0.64),واژه‌ی جدید
وجود دارد,127,111,concept,قانونی بودن (0.67),واژه‌ی جدید
دادنامه های,154,111,concept,دادرسی (0.71),واژه‌ی جدید
مرا,221,111,concept,مراهنه (0.64),واژه‌ی جدید
اعلام می‌دارد,122,111,object,اعلامیه حراج (0.68),واژه‌ی جدید
واصله,123,110,action,مرافقه (0.64),واژه‌ی جدید
مراحل,130,110,action,طی مراحل قانونی (0.69),واژه‌ی جدید
به صحت,118,110,concept,صحت (0.74),واژه‌ی جدید
قابل فرجام,142,110,action,فرجام (0.74),واژه‌ی جدید
مواردی,129,110,concept,طی شرایط خاص (0.73),واژه‌ی جدید
صالح,165,110,concept,صالح بودن (0.78),واژه‌ی جدید
معتبر,151,110,object,مدرک (0.66),واژه‌ی جدید
معمول,121,110,principle,پیش‌فرض (0.62),واژه‌ی جدید
خروج,180,110,action,خروج از زندان (0.77),واژه‌ی جدید
حاکم بر,133,110,role,حاکم (0.90),alias پیشنهادی برای «حاکم»
به کیفیت,113,110,concept,ظرفیت (0.62),واژه‌ی جدید
درحق,136,110,concept,حق (0.73),واژه‌ی جدید
جهت موجه,112,110,concept,جهت‌گیری (0.75),واژه‌ی جدید
ابتدا,132,110,object,کمک (0.61),واژه‌ی جدید
با صدور,143,110,action,صادر کردن حکم (0.73),واژه‌ی جدید
دادستان,235,110,concept,دادرسی (0.81),واژه‌ی جدید
دائر,155,110,concept,عقد (0.60),واژه‌ی جدید
در همین,122,110,principle,طبق قانون (0.65),واژه‌ی جدید
در عقد,183,110,concept,عقد (0.82),واژه‌ی جدید
شده،,158,110,action,مأخوذ (0.63),واژه‌ی جدید
دال,133,110,role,دلال (0.69),واژه‌ی جدید
که موکل,133,110,role,موصی له (0.67),واژه‌ی جدید
پرداخت وجه,174,110,action,پرداخت (0.86),واژه‌ی جدید
بخواسته مطالبه,122,109,object,طلب (0.77),واژه‌ی جدید
زندگی می,153,109,concept,حق زندگی (0.60),واژه‌ی جدید
از تبادل,129,109,action,تبدیل (0.68),واژه‌ی جدید
وکالت اقای,213,109,concept,وکالت (0.77),واژه‌ی جدید
رأی فرجام,193,109,object,رای نهایی (0.79),واژه‌ی جدید
عقود,168,109,concept,عقد (0.77),واژه‌ی جدید
کارشناسان,237,109,concept,نظر کارشناسان حقوقی (0.76),واژه‌ی جدید
مقام دفاع,121,109,action,دفاع (0.79),واژه‌ی جدید
بدیهی است,117,109,concept,غیرقابل اعتراض (0.66),واژه‌ی جدید
دادگاه نخستین,140,109,action,ورود به دادگاه (0.61),واژه‌ی جدید
یک واحد,173,109,object,واحد پول (0.80),واژه‌ی جدید
مطلع,155,109,concept,موقوف (0.63),واژه‌ی جدید
بهار آزادی,297,109,object,حق‌التحریر (0.72),واژه‌ی جدید
اعلام ختم,140,109,action,اعلام ورشکستگی (0.75),واژه‌ی جدید
اول به,143,109,object,موصى به (0.60),واژه‌ی جدید
را مورد,125,109,action,رد (0.63),واژه‌ی جدید
بعمل آمده,139,109,action,تصرف (0.69),واژه‌ی جدید
نداده است,125,109,action,عدم حضور (0.66),واژه‌ی جدید
مطابق با,130,109,principle,طبق قانون (0.83),واژه‌ی جدید
از خانم,140,109,concept,شخص (0.68),واژه‌ی جدید
موسوی,112,109,concept,مشارکت (0.55),واژه‌ی جدید
فراهم آورد,110,109,concept,ایجاد تعهد (0.71),واژه‌ی جدید
هنوز,139,109,concept,بلاتکلیفی (0.60),واژه‌ی جدید
مضافاً,128,109,object,تبصره (0.70),واژه‌ی جدید
ابلاغ،,129,109,action,نقل (0.65),واژه‌ی جدید
یا عدم,129,108,action,عدم حضور (0.68),واژه‌ی جدید
کارشناس منتخب,140,108,role,مشاور (0.66),واژه‌ی جدید
بموجب دادنامه,172,108,principle,طبق قانون (0.78),واژه‌ی جدید
مداقه در,114,108,role,مدیون (0.65),واژه‌ی جدید
دلیل بر,118,108,concept,علت (0.85),واژه‌ی جدید
ذکر شده,137,108,action,ذکر (0.77),واژه‌ی جدید
رأی شماره,197,108,object,رأی (0.86),واژه‌ی جدید
اختیارات,193,108,concept,صلاحیت (0.73),واژه‌ی جدید
وظرف,109,108,action,ضیعف (0.63),واژه‌ی جدید
درمحاکم,114,108,action,محاکمه (0.73),واژه‌ی جدید
صحیحاً,111,108,role,صاحب‌حق (0.70),واژه‌ی جدید
نفقه معوقه,205,108,concept,نفقه (0.83),واژه‌ی جدید
انتظامی,191,108,action,گشت پلیس (0.71),واژه‌ی جدید
متن دادخواست,115,108,object,دادخواست (0.85),واژه‌ی جدید
بیماری,561,108,action,علاج (0.71),واژه‌ی جدید
وقتی,160,108,principle,فقط در صورتی که (0.72),واژه‌ی جدید
جدا,150,108,action,جداسازی (0.79),واژه‌ی جدید
اشعار دارد,119,108,role,صاحب‌نظر (0.64),واژه‌ی جدید
طفل,308,108,role,کودک (0.93),alias پیشنهادی برای «کودک»
مرادی,111,108,concept,مقصود (0.56),واژه‌ی جدید
تشریفات قانونی,119,107,object,هزینه‌های قانونی (0.77),واژه‌ی جدید
حیث رعایت,107,107,principle,رعایت حقوق (0.76),واژه‌ی جدید
در صلاحیت,202,107,concept,صلاحیت (0.87),واژه‌ی جدید
ملک مورد,155,107,object,فرع ملک (0.65),واژه‌ی جدید
سوء,256,107,concept,سوءنیت (0.79),واژه‌ی جدید
طرفیت خواندگان,127,107,concept,تمایل (0.61),واژه‌ی جدید
موکل در,149,107,role,متهم (0.70),واژه‌ی جدید
که حکایت,122,107,object,قضیه (0.61),واژه‌ی جدید
مگر اینکه,123,107,principle,فقط در صورتی که (0.84),واژه‌ی جدید
به غیر,143,107,principle,فقط در صورت (0.73),واژه‌ی جدید
ها را,146,107,object,هامش (0.63),واژه‌ی جدید
به وجود,121,107,action,حصول (0.66),واژه‌ی جدید
بر فرض,131,107,concept,فرض (0.84),واژه‌ی جدید
تنظیم شده,126,107,action,تنظیم (0.75),واژه‌ی جدید
محتویات پرونده،,109,107,object,پرونده (0.76),واژه‌ی جدید
خوانده اظهار,133,106,action,تحریر اظهارات (0.70),واژه‌ی جدید
را مطالبه,123,106,object,طلب (0.70),واژه‌ی جدید
مدنی دادنامه,114,106,concept,قانون مدنی (0.74),واژه‌ی جدید
روی,171,106,action,رد (0.59),واژه‌ی جدید
لوایح طرفین,108,106,object,لایحه (0.66),واژه‌ی جدید
یک قطعه,164,106,object,یادداشت (0.68),واژه‌ی جدید
پرداخت شده,128,106,action,پرداخت (0.84),واژه‌ی جدید
دادرسی،,123,106,concept,دادرسی (0.86),واژه‌ی جدید
محول,126,106,action,تبدیل (0.76),واژه‌ی جدید
کاری,156,106,object,حق‌العمل‌کاری (0.64),واژه‌ی جدید
ایرادی از,106,106,concept,خارج از موضوع (0.71),واژه‌ی جدید
ریاست,161,106,role,ریاست قضاوت (0.80),واژه‌ی جدید
را منطبق,106,106,action,رد (0.66),واژه‌ی جدید
شده است،,126,106,principle,طبق قانون (0.63),واژه‌ی جدید
اعتراضی,109,105,action,اعتراض (0.91),alias پیشنهادی برای «اعتراض»
تقدیمی است,119,105,concept,تبرع (0.69),واژه‌ی جدید
از اداره,128,105,principle,طبق قانون (0.70),واژه‌ی جدید
سوی زوج,143,105,concept,ازدواج (0.59),واژه‌ی جدید
سازد,118,105,concept,بزه (0.61),واژه‌ی جدید
مشاهده,151,105,role,شاهد (0.73),واژه‌ی جدید
از حق,147,105,concept,حق (0.79),واژه‌ی جدید
نحن,120,105,action,همکاری (0.59),واژه‌ی جدید
شدم,176,105,concept,سلم (0.60),واژه‌ی جدید
انجام تعهد,208,105,concept,ایجاد تعهد (0.91),alias پیشنهادی برای «ایجاد تعهد»
کلی,146,105,principle,کلیات (0.77),واژه‌ی جدید
بینی,131,105,action,پیش‌بینی (0.61),واژه‌ی جدید
تفویض,187,105,concept,تبعیض (0.69),واژه‌ی جدید
به وکیل,134,105,role,وکیل (0.83),واژه‌ی جدید
به اصل,133,105,principle,طبق قانون (0.66),واژه‌ی جدید
نماید،,129,105,principle,لحاظ (0.63),واژه‌ی جدید
دال بر,126,105,object,برات (0.63),واژه‌ی جدید
قرارگرفته,152,105,action,گرفتن (0.69),واژه‌ی جدید
محض,127,105,principle,لحاظ (0.60),واژه‌ی جدید
چندین,121,105,concept,عده (0.72),واژه‌ی جدید
رأی به,126,105,object,رأی (0.89),alias پیشنهادی برای «رأی»
دادرسی نیز,107,105,concept,دادرسی (0.82),واژه‌ی جدید
تأیید می‌نماید,107,105,action,تأیید (0.85),واژه‌ی جدید
استدلال محکمه,109,105,action,استدلال (0.84),واژه‌ی جدید
اجمالاً مبنی,107,105,principle,لحاظ (0.64),واژه‌ی جدید
سال است,141,104,concept,شخص (0.63),واژه‌ی جدید
برای زوجه,146,104,role,موصی له (0.65),واژه‌ی جدید
موثری,111,104,concept,قابل اجرا بودن (0.63),واژه‌ی جدید
پور,131,104,object,پروانه (0.57),واژه‌ی جدید
نگرفته است,116,104,action,عدم حضور (0.65),واژه‌ی جدید
به علاوه,126,104,object,تبصره (0.63),واژه‌ی جدید
اینکه مطابق,126,104,principle,طبق قانون (0.81),واژه‌ی جدید
تجدیدنظرخوانده به,120,104,concept,تجدیدنظر (0.84),واژه‌ی جدید
رسمی انتقال,184,104,action,نقل و انتقال (0.70),واژه‌ی جدید
به طرح,129,104,principle,طبق قانون (0.69),واژه‌ی جدید
با مراجعه,126,104,action,رجوع (0.72),واژه‌ی جدید
نهایت,130,104,object,رای نهایی (0.66),واژه‌ی جدید
دو سال,138,104,concept,دوره محکومیت (0.56),واژه‌ی جدید
کند که,115,104,object,موصى به (0.64),واژه‌ی جدید
ساختمان,339,104,concept,شرکت (0.69),واژه‌ی جدید
دو نفر,133,104,concept,شخص (0.70),واژه‌ی جدید
به هیچ,130,104,concept,بی‌دلیل (0.60),واژه‌ی جدید
از نوع,138,104,concept,نوع جرم (0.71),واژه‌ی جدید
احد,156,104,role,ثالث (0.63),واژه‌ی جدید
در ادامه,147,104,concept,خارج از موضوع (0.74),واژه‌ی جدید
صاحب,170,104,role,صاحب‌حق (0.75),واژه‌ی جدید
اعلام می‌گردد,124,104,object,اعلامیه حراج (0.68),واژه‌ی جدید
ثالثا,118,103,role,ثالث (0.76),واژه‌ی جدید
مجلس,155,103,role,مجلس شورای اسلامی (0.84),واژه‌ی جدید
مذکور با,112,103,principle,طبق قانون (0.67),واژه‌ی جدید
بانکی,181,103,object,بانک (0.80),واژه‌ی جدید
منصرف,127,103,concept,منفصل (0.73),واژه‌ی جدید
که اولاً,113,103,principle,لحاظ (0.57),واژه‌ی جدید
مضبوط در,122,103,action,جدیت (0.63),واژه‌ی جدید
وکلای طرفین,134,103,role,وکیل (0.71),واژه‌ی جدید
در رأی,132,103,object,رأی (0.87),alias پیشنهادی برای «رأی»
خانم ها,148,103,concept,شخص (0.62),واژه‌ی جدید
محکوم گردیده,116,103,role,محکوم‌علیه (0.87),alias پیشنهادی برای «محکوم‌علیه»
نظر می,112,103,role,صاحب‌نظر (0.74),واژه‌ی جدید
قانون ثبت,186,103,concept,حق ثبت (0.85),واژه‌ی جدید
عدم تمکین,125,103,action,تمکین (0.74),واژه‌ی جدید
خواهان مبنی,112,103,role,اصحاب دعوی (0.75),واژه‌ی جدید
مفاد دادخواست,106,102,object,دادخواست (0.80),واژه‌ی جدید
پانصد,171,102,concept,خمس (0.71),واژه‌ی جدید
معاینه,213,102,action,بازرسی (0.73),واژه‌ی جدید
به تبصره,106,102,object,تبصره (0.90),alias پیشنهادی برای «تبصره»
کشف,167,102,action,کشف جرم (0.82),واژه‌ی جدید
ستون,120,102,action,استیمان (0.57),واژه‌ی جدید
بنظر,129,102,role,صاحب‌نظر (0.70),واژه‌ی جدید
حمل,229,102,action,نقل (0.68),واژه‌ی جدید
به نفع,129,102,role,ذی‌نفع (0.77),واژه‌ی جدید
آمد,184,102,object,رسید (0.83),واژه‌ی جدید
هر گونه,117,102,concept,نوع جرم (0.60),واژه‌ی جدید
جهت عدم,117,102,action,جلوگیری (0.72),واژه‌ی جدید
تومان به,139,102,object,واحد پول (0.64),واژه‌ی جدید
بدین توضیح,108,102,object,دلایل توجیهی (0.70),واژه‌ی جدید
است نظر,112,102,role,صاحب‌نظر (0.72),واژه‌ی جدید
جرح,212,102,concept,خسارت (0.75),واژه‌ی جدید
منافع,206,101,concept,منافع اقتصادی (0.88),alias پیشنهادی برای «منافع اقتصادی»
مکلف است,111,101,concept,ملزم بودن (0.78),واژه‌ی جدید
مردود اعلام,117,101,action,اعلام ورشکستگی (0.74),واژه‌ی جدید
العاده,130,101,concept,عده (0.65),واژه‌ی جدید
فوق العاده,130,101,concept,غیرقابل اغماض (0.68),واژه‌ی جدید
لوایح تقدیمی,119,101,object,لایحه (0.68),واژه‌ی جدید
مقدار,195,101,concept,حد (0.70),واژه‌ی جدید
ما نحن,115,101,concept,تعریف (0.55),واژه‌ی جدید
شعب,134,101,object,شعبه دادگاه (0.60),واژه‌ی جدید
صلاحیت دادگاه,179,101,concept,صلاحیت (0.82),واژه‌ی جدید
ابلاغ شده,122,101,action,استعلام (0.70),واژه‌ی جدید
امعان نظر,105,101,role,صاحب‌نظر (0.65),واژه‌ی جدید
قائم,183,101,object,موقوفه (0.59),واژه‌ی جدید
قرائن,121,101,concept,قرابت (0.68),واژه‌ی جدید
این شرح,109,101,object,یادداشت (0.60),واژه‌ی جدید
از عقد,224,101,concept,عقد (0.84),واژه‌ی جدید
واحده,148,101,role,واحد حقوقی (0.75),واژه‌ی جدید
ارائه نگردیده,116,101,action,عدم حضور (0.69),واژه‌ی جدید
صادرشده است,116,101,action,صادر کردن گواهی (0.69),واژه‌ی جدید
چیزی,134,101,object,قضیه (0.72),واژه‌ی جدید
آیا,201,101,principle,طبق قانون (0.58),واژه‌ی جدید
را انجام,147,101,object,موصى به (0.68),واژه‌ی جدید
تبصره الحاقی,156,101,object,تبصره (0.87),alias پیشنهادی برای «تبصره»
ردّ دعوی,145,101,concept,دعوی نفی مالکیت (0.76),واژه‌ی جدید
رسیدگی قرار,112,100,action,رسیدگی (0.90),alias پیشنهادی برای «رسیدگی»
زوجه می,122,100,concept,ازدواج (0.62),واژه‌ی جدید
در حد,116,100,concept,حد (0.81),واژه‌ی جدید
گزارش عضو,101,100,action,گزارش‌گیری (0.79),واژه‌ی جدید
صرفنظر از,118,100,principle,فقط در صورت (0.71),واژه‌ی جدید
پیوست دادخواست,119,100,object,دادخواست (0.82),واژه‌ی جدید
به قرار,129,100,action,قرار (0.80),واژه‌ی جدید
عمومی دیوان,137,100,role,دیوان عدالت اداری (0.76),واژه‌ی جدید
رسمی دادگستری,124,100,role,واحد دادگستری (0.76),واژه‌ی جدید
با تعیین,131,100,principle,طبق قانون (0.75),واژه‌ی جدید
اقامه نشده,102,100,concept,غیرمستند (0.68),واژه‌ی جدید
بررسی محتویات,107,100,action,بررسی (0.77),واژه‌ی جدید
در ضمن,129,100,principle,طبق قانون (0.69),واژه‌ی جدید
می گیرد,121,100,action,گرفتن (0.79),واژه‌ی جدید
ناحیه تجدیدنظرخواه,112,100,concept,قابل تجدیدنظر (0.71),واژه‌ی جدید
قرارداد عادی,141,100,object,قرارداد (0.78),واژه‌ی جدید
توجهی,105,100,principle,احتیاط (0.73),واژه‌ی جدید
زیرا رأی,105,100,object,رأی (0.74),واژه‌ی جدید
کتبی آقای,100,100,object,شهادت کتبی (0.76),واژه‌ی جدید
دستگاه آپارتمان,160,100,object,لوازم (0.61),واژه‌ی جدید
سرانجام,130,99,object,رای نهایی (0.69),واژه‌ی جدید
جلسات,137,99,object,جلسه (0.88),alias پیشنهادی برای «جلسه»
اصرار,126,99,concept,اراده (0.70),واژه‌ی جدید
مورد رسیدگی,111,99,action,رسیدگی (0.91),alias پیشنهادی برای «رسیدگی»
مطالبه نفقه,156,99,concept,نفقه (0.81),واژه‌ی جدید
دادخواست فرجامی,130,99,object,دادخواست (0.75),واژه‌ی جدید
عقدنامه,148,99,object,عهدنامه (0.79),واژه‌ی جدید
از رأی,136,99,object,رأی (0.86),واژه‌ی جدید
رسیده است,115,99,object,رسید (0.82),واژه‌ی جدید
موضوع دادنامه,104,99,object,دادخواست (0.77),واژه‌ی جدید
برای دادگاه,113,99,action,ورود به دادگاه (0.80),واژه‌ی جدید
مرد,150,99,concept,شخص (0.79),واژه‌ی جدید
مورد نظر,124,99,object,یادداشت (0.75),واژه‌ی جدید
بصورت,135,99,principle,طبق قانون (0.72),واژه‌ی جدید
پرونده پس,107,99,object,پرونده (0.79),واژه‌ی جدید
نفقه زوجه,153,99,concept,نفقه (0.86),واژه‌ی جدید
آن ها,221,99,role,اهل (0.61),واژه‌ی جدید
آن قسمت,122,99,object,قضیه (0.66),واژه‌ی جدید
ابلاغ، قابل,113,99,concept,قابل اجرا بودن (0.67),واژه‌ی جدید
مترتب,116,98,role,محتسب (0.67),واژه‌ی جدید
ایشان را,128,98,role,موصی له (0.68),واژه‌ی جدید
طلاق را,147,98,concept,طلاق (0.85),واژه‌ی جدید
به ان,163,98,object,اعیان (0.60),واژه‌ی جدید
تقاضای رد,113,98,action,رد (0.74),واژه‌ی جدید
نحن فیه,112,98,action,طی تفاهم (0.59),واژه‌ی جدید
استنکاف,117,98,action,استیناف (0.83),واژه‌ی جدید
نظرخواهی,113,98,object,رای مشورتی (0.78),واژه‌ی جدید
غیر قابل,129,98,concept,غیرممکن (0.89),alias پیشنهادی برای «غیرممکن»
پسندی,99,98,concept,تمایل (0.63),واژه‌ی جدید
پایه,130,98,concept,پایه‌گذاری حق (0.62),واژه‌ی جدید
صادره را,116,98,action,صادر کردن حکم (0.68),واژه‌ی جدید
از دادرسی,101,98,concept,دادرسی (0.84),واژه‌ی جدید
به زندگی,146,98,concept,حق زندگی (0.65),واژه‌ی جدید
متقاضی,132,98,object,طلب (0.74),واژه‌ی جدید
نامبرده به,105,98,role,محکوم‌علیه (0.72),واژه‌ی جدید
لذا ضمن,100,98,principle,طبق قانون (0.65),واژه‌ی جدید
عمدی,256,98,concept,خطای عمدی (0.85),واژه‌ی جدید
شوند,126,98,action,حصول (0.62),واژه‌ی جدید
ششم,154,98,role,شخص ثالث (0.57),واژه‌ی جدید
تجدیدنظرخواندگان,174,98,concept,تجدیدنظر (0.79),واژه‌ی جدید
اجتماعی,170,98,concept,وضعیت اجتماعی (0.73),واژه‌ی جدید
شرط ضمن,192,98,concept,شرط (0.84),واژه‌ی جدید
ارائه نداده,106,98,concept,نبود صلاحیت (0.70),واژه‌ی جدید
مؤثر در,116,98,concept,مداخله (0.65),واژه‌ی جدید
فقهی,130,98,principle,قضائی (0.68),واژه‌ی جدید
لذا مستنداً,104,98,principle,طبق قانون (0.68),واژه‌ی جدید
اساس محتویات,98,98,object,اساسنامه (0.64),واژه‌ی جدید
رأی بر,108,98,object,رأی (0.91),alias پیشنهادی برای «رأی»
نیاورده است,101,97,action,عدم حضور (0.69),واژه‌ی جدید
میلیارد,165,97,object,واحد پول (0.64),واژه‌ی جدید
حاصله از,108,97,action,مأخوذ (0.67),واژه‌ی جدید
مدتی,118,97,concept,بذل مدت (0.70),واژه‌ی جدید
قانونی اصدار,98,97,principle,قانونی (0.71),واژه‌ی جدید
مؤثری,105,97,concept,مداخله (0.65),واژه‌ی جدید
به نحوی,108,97,principle,طبق قانون (0.69),واژه‌ی جدید
مطرح شده,117,97,action,پیشنهاد (0.73),واژه‌ی جدید
شرح فوق,104,97,object,دلایل تکمیلی (0.66),واژه‌ی جدید
ارجاع به,135,97,action,ارجاع (0.90),alias پیشنهادی برای «ارجاع»
ساخت,171,97,action,تأسیس (0.69),واژه‌ی جدید
توافقی,138,97,concept,توافق (0.88),alias پیشنهادی برای «توافق»
منقوض,107,97,concept,معوض (0.72),واژه‌ی جدید
به همان,110,97,principle,طبق قانون (0.67),واژه‌ی جدید
خواهان نیز,102,97,role,اصحاب دعوی (0.74),واژه‌ی جدید
البته,126,97,principle,طبق قانون (0.63),واژه‌ی جدید
مطالعه,101,97,action,بررسی (0.74),واژه‌ی جدید
در نهایت,123,97,object,رای نهایی (0.66),واژه‌ی جدید
معترض دادنامه,97,97,action,اعتراض (0.78),واژه‌ی جدید
شدید,168,97,action,جدیت (0.67),واژه‌ی جدید
به انتقال,140,97,action,نقل (0.80),واژه‌ی جدید
صراحتاً,122,97,action,تأیید (0.65),واژه‌ی جدید
مدنی حکم,106,96,object,حکم (0.75),واژه‌ی جدید
پزشک,185,96,role,نویسنده (0.66),واژه‌ی جدید
هفته,123,96,object,هفتگی (0.84),واژه‌ی جدید
تجدیدنظرخواهان,182,96,concept,تجدیدنظر (0.82),واژه‌ی جدید
که حاکی,103,96,concept,ادعا (0.62),واژه‌ی جدید
ماه از,108,96,concept,خارج از موضوع (0.56),واژه‌ی جدید
زوجیت دائم,104,96,concept,ازدواج (0.69),واژه‌ی جدید
اثبات ادعای,102,96,object,دلایل اثبات دعوی (0.85),واژه‌ی جدید
آراء,121,96,object,رأی (0.78),واژه‌ی جدید
صورت نگرفته,113,96,concept,غیرمستند (0.69),واژه‌ی جدید
متنازع,120,96,concept,غیرقابل اثبات (0.71),واژه‌ی جدید
سال از,125,96,role,مضمون (0.62),واژه‌ی جدید
اینک,106,96,object,عین (0.58),واژه‌ی جدید
دادسرای عمومی,194,96,concept,دادرسی (0.71),واژه‌ی جدید
نیاز به,112,96,concept,نیاز (0.83),واژه‌ی جدید
هفتم,167,96,object,هفتگی (0.66),واژه‌ی جدید
ویژه,126,96,role,گروه خاص (0.78),واژه‌ی جدید
خواسته مشاوره,96,96,action,مشاوره (0.84),واژه‌ی جدید
مشاعی,236,96,object,مشاع (0.83),واژه‌ی جدید
احد از,136,96,concept,شخص (0.60),واژه‌ی جدید
جمیع اوراق,103,96,object,اوراق قرضه (0.66),واژه‌ی جدید
نماید ابراز,96,96,action,تحریر اظهارات (0.66),واژه‌ی جدید
بشرح دادخواست,113,95,object,دادخواست (0.81),واژه‌ی جدید
استشهادیه,136,95,action,استشهاد (0.87),واژه‌ی جدید
در ما,109,95,principle,طبق قانون (0.57),واژه‌ی جدید
بدواً,111,95,concept,عده (0.61),واژه‌ی جدید
مبتنی,115,95,role,وابسته (0.67),واژه‌ی جدید
تعرفه قانونی,104,95,object,هزینه‌های قانونی (0.83),واژه‌ی جدید
این مورد,112,95,concept,شخص (0.66),واژه‌ی جدید
اینکه وکیل,104,95,role,وکیل (0.80),واژه‌ی جدید
که توسط,107,95,principle,طبق قانون (0.64),واژه‌ی جدید
تکالیف,143,95,concept,صلاحیت (0.67),واژه‌ی جدید
سوابق,143,95,concept,سابقه حقوقی (0.66),واژه‌ی جدید
اظهار نظر,124,95,role,صاحب‌نظر (0.77),واژه‌ی جدید
وکیل محترم,146,95,role,وکیل (0.80),واژه‌ی جدید
به ایشان,122,95,role,موصی له (0.70),واژه‌ی جدید
می رسد,105,95,object,رسید (0.80),واژه‌ی جدید
به تحمل,178,95,concept,تحمل مسئولیت (0.76),واژه‌ی جدید
پرداختی,127,95,action,پرداخت (0.94),alias پیشنهادی برای «پرداخت»
قرار می,117,95,action,قرار (0.77),واژه‌ی جدید
موضوع پرونده,118,95,object,پرونده (0.84),واژه‌ی جدید
به تحویل,178,95,action,تحویل حکم (0.78),واژه‌ی جدید
بدهد,129,95,action,بذل (0.71),واژه‌ی جدید
واحد آپارتمان,170,95,role,واحد دادگستری (0.77),واژه‌ی جدید
معاشرت,173,95,concept,وضعیت اجتماعی (0.62),واژه‌ی جدید
ندارد،,100,95,action,عدم حضور (0.65),واژه‌ی جدید
در مرجع,108,95,action,ارجاع (0.67),واژه‌ی جدید
فسخ نکاح,561,95,action,فسخ (0.83),واژه‌ی جدید
تجدیدنظرخواه دلیل,95,95,concept,تجدیدنظر (0.78),واژه‌ی جدید
رأی حضوری,96,95,object,رأی (0.76),واژه‌ی جدید
نیافته,105,94,concept,غیرمستقل (0.61),واژه‌ی جدید
افزایش,181,94,concept,پیشرفت (0.67),واژه‌ی جدید
مشهود,125,94,object,مشاع (0.67),واژه‌ی جدید
موکل را,125,94,role,موصی له (0.63),واژه‌ی جدید
ادعای خود,98,94,concept,ادعا (0.84),واژه‌ی جدید
جهت اثبات,105,94,concept,ثبوت (0.80),واژه‌ی جدید
در حکم,108,94,object,حکم (0.81),واژه‌ی جدید
مثبت,114,94,action,ایجاب (0.75),واژه‌ی جدید
موعد,136,94,action,تقویم (0.70),واژه‌ی جدید
شروط ضمن,183,94,concept,شرط (0.76),واژه‌ی جدید
ابطال سند,212,94,action,فسخ (0.74),واژه‌ی جدید
نقض می,98,94,action,نقض (0.85),واژه‌ی جدید
بوده اند,109,94,concept,عده (0.66),واژه‌ی جدید
مهریه را,135,94,object,ارثیه (0.65),واژه‌ی جدید
دادگاه نظر,99,94,concept,نظر دادگاه (0.87),واژه‌ی جدید
حسب محتویات,100,94,principle,طبق قانون (0.75),واژه‌ی جدید
ممکن است,112,94,concept,مظنه (0.67),واژه‌ی جدید
اطلاع از,130,94,action,استعلام (0.79),واژه‌ی جدید
به اخذ,119,94,action,گرفتن (0.83),واژه‌ی جدید
احمد,112,94,object,وام (0.57),واژه‌ی جدید
پرداخت خسارات,114,94,action,جبران خسارت (0.85),واژه‌ی جدید
حقیقت,116,94,concept,حق (0.75),واژه‌ی جدید
ماده واحده,139,94,role,واحد حقوقی (0.74),واژه‌ی جدید
گسیختن,94,94,concept,لغزش (0.63),واژه‌ی جدید
ابلاغ رأی,124,94,object,رأی (0.75),واژه‌ی جدید
آپارتمان به,148,94,object,شماره املاک (0.63),واژه‌ی جدید
آن صحیح,94,94,role,صاحب‌حق (0.68),واژه‌ی جدید
عملیات,162,93,action,تصرف (0.67),واژه‌ی جدید
دادرسی با,102,93,concept,دادرسی (0.84),واژه‌ی جدید
قانونی بوده,106,93,concept,قانونی بودن (0.89),alias پیشنهادی برای «قانونی بودن»
فرجامخواسته,173,93,action,فرجام (0.72),واژه‌ی جدید
خدشه ای,102,93,concept,ضایعه (0.74),واژه‌ی جدید
تحت عنوان,106,93,principle,طبق قانون (0.70),واژه‌ی جدید
است فلذا,102,93,principle,طبق قانون (0.58),واژه‌ی جدید
وکیل طبق,105,93,principle,طبق قانون (0.77),واژه‌ی جدید
در مورخ,176,93,principle,طبق قانون (0.64),واژه‌ی جدید
ودر,116,93,principle,طبق قانون (0.54),واژه‌ی جدید
وکیل در,104,93,role,وکیل (0.87),واژه‌ی جدید
یا خیر,141,93,concept,صالح بودن (0.55),واژه‌ی جدید
خواهان می,103,93,object,طلب (0.76),واژه‌ی جدید
صادره غیابی,96,93,concept,غیابی (0.76),واژه‌ی جدید
حدی,110,93,concept,حد (0.90),alias پیشنهادی برای «حد»
رابعاً,104,93,concept,ادله اربعه (0.61),واژه‌ی جدید
به تجویز,98,93,action,پیشنهاد (0.79),واژه‌ی جدید
مجتمع,117,93,principle,محیط (0.69),واژه‌ی جدید
مذکور از,101,93,principle,لحاظ (0.66),واژه‌ی جدید
رسمی به,105,93,concept,رسمیت (0.71),واژه‌ی جدید
عرفی,134,93,concept,عرف (0.83),واژه‌ی جدید
سیصد,145,93,role,قاصد (0.59),واژه‌ی جدید
چهل,137,92,concept,خمس (0.60),واژه‌ی جدید
سه ماه,113,92,concept,ثلث (0.62),واژه‌ی جدید
ایام زندگی,179,92,concept,احوال (0.58),واژه‌ی جدید
اعتراض موجه,92,92,action,اعتراض (0.83),واژه‌ی جدید
بلحاظ عدم,110,92,action,عدم حضور (0.68),واژه‌ی جدید
دهم,157,92,role,شخص ثالث (0.58),واژه‌ی جدید
وانقلاب,105,92,action,تغییر (0.63),واژه‌ی جدید
عمومی وانقلاب,105,92,object,حق‌التحریر (0.65),واژه‌ی جدید
اقامت,210,92,object,عقد اجاره (0.60),واژه‌ی جدید
بررسی اوراق,102,92,action,بررسی (0.77),واژه‌ی جدید
خواهان دعوی,163,92,role,اصحاب دعوی (0.87),واژه‌ی جدید
بنا بر,110,92,principle,طبق قانون (0.76),واژه‌ی جدید
قطع نظر,97,92,action,تجدید نظر (0.68),واژه‌ی جدید
قرار گیرد,105,92,action,وضع (0.73),واژه‌ی جدید
طلاق از,122,92,concept,طلاق (0.88),alias پیشنهادی برای «طلاق»
زوجه نیز,113,92,action,مرافقه (0.63),واژه‌ی جدید
ها به,124,92,concept,هبه (0.70),واژه‌ی جدید
باقیمانده,131,92,concept,مؤجل (0.66),واژه‌ی جدید
باعث,114,92,concept,سبب (0.86),واژه‌ی جدید
از سال,146,92,role,مضمون (0.60),واژه‌ی جدید
درباره,146,92,concept,خارج از موضوع (0.73),واژه‌ی جدید
پسر,120,92,role,کودک (0.75),واژه‌ی جدید
مسلم است,97,92,concept,شخص (0.62),واژه‌ی جدید
کمتر,113,92,concept,کاهش (0.79),واژه‌ی جدید
در انجام,133,92,action,طی آگهی (0.73),واژه‌ی جدید
نفقه از,129,92,concept,نفقه (0.81),واژه‌ی جدید
آید,104,92,object,رسید (0.67),واژه‌ی جدید
بودند,145,92,concept,عده (0.66),واژه‌ی جدید
می‌دهد,144,92,role,وام‌دهنده (0.69),واژه‌ی جدید
معترض‌عنه,115,92,action,اعتراض (0.82),واژه‌ی جدید
مستندات آن,92,92,object,مستندات (0.84),واژه‌ی جدید
از ازدواج,141,92,concept,ازدواج (0.84),واژه‌ی جدید
بر همین,99,91,principle,طبق قانون (0.63),واژه‌ی جدید
جامع اوراق,100,91,object,اوراق قرضه (0.69),واژه‌ی جدید
امده,164,91,object,رسید (0.78),واژه‌ی جدید
بخواسته صدور,102,91,action,صادر کردن حکم (0.75),واژه‌ی جدید
یک سال,130,91,object,واحد پول (0.64),واژه‌ی جدید
طلاق با,120,91,concept,طلاق (0.87),واژه‌ی جدید
درحالی,114,91,action,طی روند دادرسی (0.67),واژه‌ی جدید
اخطاریه,121,91,action,اخطار (0.89),alias پیشنهادی برای «اخطار»
موکلین,243,91,action,توکیل (0.55),واژه‌ی جدید
به پرونده,106,91,object,پرونده (0.82),واژه‌ی جدید
دادگستری شهرستان,105,91,role,واحد دادگستری (0.75),واژه‌ی جدید
بین زوجین,113,91,concept,ازدواج (0.67),واژه‌ی جدید
با هیچیک,91,91,concept,بی‌دلیل (0.64),واژه‌ی جدید
ای از,107,91,concept,خارج از موضوع (0.62),واژه‌ی جدید
امضای,123,91,action,امضاء (0.98),alias پیشنهادی برای «امضاء»
شش ماه,120,91,concept,دوره محکومیت (0.55),واژه‌ی جدید
زیرا اولاً,96,91,concept,علت (0.63),واژه‌ی جدید
محکومیت زوج,121,91,concept,محکومیت (0.79),واژه‌ی جدید
قانون اصلاح,126,91,action,اصلاح ذات‌البین (0.69),واژه‌ی جدید
بر رد,102,91,action,رد (0.80),واژه‌ی جدید
ملک را,132,91,action,ورود به ملک (0.66),واژه‌ی جدید
علت عدم,105,91,concept,علت (0.76),واژه‌ی جدید
حیدری,122,91,action,عید (0.53),واژه‌ی جدید
کارهای,211,90,object,شغل (0.74),واژه‌ی جدید
پرداخت نموده,114,90,action,پرداخت (0.84),واژه‌ی جدید
مشعر,129,90,role,محيل (0.59),واژه‌ی جدید
مجموع اوراق,91,90,object,اوراق بهادار (0.64),واژه‌ی جدید
مغایر با,101,90,concept,مغایرت (0.83),واژه‌ی جدید
بطلان دعوای,103,90,concept,بطلان (0.76),واژه‌ی جدید
رأی در,101,90,object,رأی (0.89),alias پیشنهادی برای «رأی»
تقدیم دادگاه,111,90,action,ورود به دادگاه (0.79),واژه‌ی جدید
در شرح,96,90,action,طی آگهی (0.66),واژه‌ی جدید
استناد قسمت,92,90,action,ارجاع (0.71),واژه‌ی جدید
تقابل,385,90,concept,تراضی (0.68),واژه‌ی جدید
جریان پرونده,94,90,action,طی روند دادرسی (0.83),واژه‌ی جدید
چک به,157,90,object,چک (0.85),واژه‌ی جدید
به مرجع,108,90,action,ارجاع (0.72),واژه‌ی جدید
درصد,212,90,concept,نسبت (0.67),واژه‌ی جدید
کارشناس رسمی,112,90,concept,شخص حقیقی (0.68),واژه‌ی جدید
جز,100,90,concept,جزيه (0.87),واژه‌ی جدید
اعتراض موجهی,91,90,action,اعتراض (0.82),واژه‌ی جدید
به اجرای,110,90,concept,زمان اجرا (0.72),واژه‌ی جدید
نمی توان,105,90,concept,غیرممکن (0.82),واژه‌ی جدید
پدرش,140,90,role,والدین (0.69),واژه‌ی جدید
دلایلی که,91,90,concept,علت (0.78),واژه‌ی جدید
نظریه پزشکی,154,90,concept,نظریه مشورتی (0.69),واژه‌ی جدید
می‌کند,175,90,concept,شخص (0.67),واژه‌ی جدید
حاضر نشده,92,89,action,عدم حضور (0.84),واژه‌ی جدید
تشکیل گردیده,102,89,action,تأسیس (0.70),واژه‌ی جدید
خواسته در,105,89,object,طلب (0.76),واژه‌ی جدید
بعلاوه,107,89,object,تبصره (0.64),واژه‌ی جدید
معرفی نموده,104,89,action,پیشنهاد (0.69),واژه‌ی جدید
بنابر,112,89,role,نایب (0.51),واژه‌ی جدید
صادرواعلام,102,89,action,استعلام (0.70),واژه‌ی جدید
خواهانها,269,89,object,طلب (0.71),واژه‌ی جدید
مدنی،,126,89,principle,حقوق مدنی (0.72),واژه‌ی جدید
به جمیع,92,89,concept,عده (0.64),واژه‌ی جدید
نگردید,106,89,concept,غیرمستند (0.57),واژه‌ی جدید
اذعان,101,89,concept,اذن (0.75),واژه‌ی جدید
را نسبت,102,89,concept,نسبت (0.81),واژه‌ی جدید
موجبی برای,92,89,concept,سبب (0.75),واژه‌ی جدید
دعوی مطالبه,109,89,concept,دعوی (0.86),واژه‌ی جدید
مهر,179,89,object,مهر دفترخانه (0.70),واژه‌ی جدید
می کنند,111,89,action,زیر سوال بردن (0.64),واژه‌ی جدید
ارژنگی,94,89,action,واجگاری (0.55),واژه‌ی جدید
وبا,106,89,concept,صحت (0.58),واژه‌ی جدید
وکلای خواهان,144,89,role,اصحاب دعوی (0.78),واژه‌ی جدید
ننموده لذا,89,89,action,انکار (0.58),واژه‌ی جدید
حضوری محسوب,92,89,action,عدم حضور (0.69),واژه‌ی جدید
نموده‌اند,163,89,action,تصرف (0.63),واژه‌ی جدید
درآمده,113,89,concept,مداخله (0.65),واژه‌ی جدید
وی صادر,98,88,role,صادرکننده (0.63),واژه‌ی جدید
مدلل,94,88,object,ادله (0.68),واژه‌ی جدید
حضانت فرزند,197,88,concept,حضانت (0.86),واژه‌ی جدید
خواه در,113,88,object,طلب (0.60),واژه‌ی جدید
داخل,229,88,concept,مداخله (0.68),واژه‌ی جدید
تکلیفی,96,88,concept,تکلیف (0.88),alias پیشنهادی برای «تکلیف»
تجدیدنظرخواسته به,89,88,concept,تجدیدنظر (0.84),واژه‌ی جدید
ازتاریخ,120,88,role,مضمون (0.63),واژه‌ی جدید
متداعیین,112,88,role,متبایع (0.67),واژه‌ی جدید
خلاصه جریان,92,88,action,جمع‌بندی (0.63),واژه‌ی جدید
نشد,118,88,concept,نبود صلاحیت (0.71),واژه‌ی جدید
در همان,110,88,principle,طبق قانون (0.64),واژه‌ی جدید
از منزل,118,88,concept,شخص (0.65),واژه‌ی جدید
بهای,177,88,concept,بهای رسمی (0.72),واژه‌ی جدید
وارده به,126,88,concept,مداخله (0.74),واژه‌ی جدید
کرمی,97,88,concept,قهری (0.56),واژه‌ی جدید
هشت,130,88,concept,عده (0.57),واژه‌ی جدید
نظر خواسته,115,88,object,طلب (0.73),واژه‌ی جدید
ورثه,228,88,object,ارثیه (0.79),واژه‌ی جدید
ایشان به,98,88,role,موصی له (0.64),واژه‌ی جدید
یا بی,88,88,role,ولی (0.57),واژه‌ی جدید
موصوف به,91,88,role,موصی له (0.73),واژه‌ی جدید
قانونی ندارد,100,88,concept,غیرقانونی (0.78),واژه‌ی جدید
دفتر رسمی,99,88,object,دفتر اسناد رسمی (0.83),واژه‌ی جدید
خواهان خانم,97,88,object,طلب (0.75),واژه‌ی جدید
به قصد,137,88,concept,قصد (0.82),واژه‌ی جدید
محاکم عمومی,124,88,principle,حقوق عمومی (0.74),واژه‌ی جدید
ظهر,202,88,role,ظهرنویس (0.74),واژه‌ی جدید
می‌تواند,113,88,concept,مظنه (0.65),واژه‌ی جدید
به سبب,126,87,concept,سبب (0.85),واژه‌ی جدید
خودرو,318,87,object,وسائل نقلیه (0.76),واژه‌ی جدید
تمام بهار,165,87,concept,کامل (0.63),واژه‌ی جدید
استماع شهادت,127,87,object,شهادت کتبی (0.77),واژه‌ی جدید
به رای,140,87,object,رأی (0.81),واژه‌ی جدید
تعرفه شده,116,87,object,تعرفه (0.82),واژه‌ی جدید
باعنایت,97,87,action,جدیت (0.67),واژه‌ی جدید
به شرط,129,87,concept,شرط (0.86),واژه‌ی جدید
برای رسیدگی,128,87,action,رسیدگی (0.87),واژه‌ی جدید
مدیر,182,87,role,مدیر حقوقی (0.80),واژه‌ی جدید
بوده،,105,87,concept,ملزم بودن (0.59),واژه‌ی جدید
بر فسخ,129,87,action,فسخ (0.87),واژه‌ی جدید
زاده,92,87,concept,زکات (0.59),واژه‌ی جدید
به کارشناسی,115,87,concept,نظریه کارشناسی (0.73),واژه‌ی جدید
مبلغ یک,125,87,object,واحد پول (0.76),واژه‌ی جدید
رسیدگی دلیل,87,87,action,رسیدگی (0.85),واژه‌ی جدید
ضمن اینکه,102,87,principle,طبق قانون (0.64),واژه‌ی جدید
تبصره ذیل,102,87,object,تبصره (0.81),واژه‌ی جدید
به کلاسه,126,87,concept,کلاس (0.75),واژه‌ی جدید
قبیل,95,87,action,قسم (0.59),واژه‌ی جدید
نیم,134,87,concept,شبه عقد (0.69),واژه‌ی جدید
اعتراضیه متضمن,87,87,action,اعتراض (0.80),واژه‌ی جدید
قابل استماع,106,87,action,گوش به زنگ بودن (0.72),واژه‌ی جدید
اصلی بخش,152,87,object,بخش‌نامه (0.66),واژه‌ی جدید
آخر,112,87,object,رای نهایی (0.63),واژه‌ی جدید
که طبق,103,87,principle,طبق قانون (0.81),واژه‌ی جدید
الزام خواندگان,119,87,role,اصحاب دعوی (0.68),واژه‌ی جدید
است نه,96,87,action,نفی (0.60),واژه‌ی جدید
نماید به,90,87,object,موصى به (0.68),واژه‌ی جدید
اگرچه,99,87,principle,فقط در صورتی که (0.58),واژه‌ی جدید
پرداخت آن,103,87,action,پرداخت (0.87),alias پیشنهادی برای «پرداخت»
کشور اجمالاً,87,87,concept,وضعیت اقتصادی (0.62),واژه‌ی جدید
روحانی,93,87,role,رئیس قوه قضائیه (0.58),واژه‌ی جدید
از دفاتر,100,86,object,دفترخانه (0.72),واژه‌ی جدید
پرونده با,91,86,object,پرونده (0.87),واژه‌ی جدید
دادگاه مستندا,91,86,object,مستندات (0.66),واژه‌ی جدید
باعنایت به,96,86,principle,احتیاط (0.69),واژه‌ی جدید
مبتنی بر,104,86,principle,طبق قانون (0.66),واژه‌ی جدید
فلذا دادگاه,92,86,concept,نظر دادگاه (0.69),واژه‌ی جدید
محکمه پسندی,87,86,object,محکمه (0.76),واژه‌ی جدید
است وکیل,116,86,role,وکیل (0.79),واژه‌ی جدید
لازم به,105,86,concept,لازمه (0.82),واژه‌ی جدید
بدوی به,104,86,concept,بهای رسمی (0.55),واژه‌ی جدید
مطرح نموده,94,86,action,پیشنهاد (0.70),واژه‌ی جدید
نوشته,138,86,role,نویسنده (0.79),واژه‌ی جدید
میان,122,86,action,طی تفاهم (0.59),واژه‌ی جدید
جزای,178,86,concept,جزا (0.92),alias پیشنهادی برای «جزا»
دائر بر,116,86,object,برات (0.56),واژه‌ی جدید
اظهار نموده,124,86,object,اظهارنامه (0.72),واژه‌ی جدید
خسارات قانونی,104,86,object,هزینه‌های قانونی (0.80),واژه‌ی جدید
از اجرای,99,86,concept,زمان اجرا (0.74),واژه‌ی جدید
وراث,182,86,concept,وراثت (0.92),alias پیشنهادی برای «وراثت»
تصدیر,92,86,concept,تعزیر (0.68),واژه‌ی جدید
این صورت,96,86,principle,فقط در صورت (0.68),واژه‌ی جدید
عقد دائم,124,86,concept,عقد (0.75),واژه‌ی جدید
مشکل,136,86,concept,علت (0.73),واژه‌ی جدید
مرجع محترم,103,86,role,صاحب‌حق (0.69),واژه‌ی جدید
دانگ یک,116,86,object,واحد پول (0.56),واژه‌ی جدید
به فسخ,131,86,action,فسخ (0.89),alias پیشنهادی برای «فسخ»
دلایل موجود,87,86,object,دلایل توجیهی (0.86),واژه‌ی جدید
دادیار دیوان,86,86,role,رئیس دادگاه (0.71),واژه‌ی جدید
رسمی ثبت,109,86,action,ثبت (0.81),واژه‌ی جدید
عدم انجام,122,85,action,عدم حضور (0.80),واژه‌ی جدید
محاکم تجدید,95,85,action,تجدید دادرسی (0.83),واژه‌ی جدید
دارایی,236,85,concept,مالکیت (0.74),واژه‌ی جدید
ذی,103,85,role,ذی‌نفع (0.72),واژه‌ی جدید
زمانی که,110,85,principle,فقط در صورتی که (0.71),واژه‌ی جدید
سکه بهار,156,85,object,واحد پول (0.51),واژه‌ی جدید
بدوی در,93,85,role,اهل (0.54),واژه‌ی جدید
برده,109,85,role,زیان‌برده (0.72),واژه‌ی جدید
مآلاً,89,85,concept,مظنه (0.65),واژه‌ی جدید
محکومیت خواندگان,114,85,concept,محکومیت (0.73),واژه‌ی جدید
وقت فوق,110,85,concept,ضیق وقت (0.64),واژه‌ی جدید
در دفاع,88,85,action,دفاع (0.87),alias پیشنهادی برای «دفاع»
داوری صادر,88,85,action,داوری (0.78),واژه‌ی جدید
به یکی,92,85,object,موصى به (0.72),واژه‌ی جدید
شهرت,101,85,object,نام (0.58),واژه‌ی جدید
تأیید نموده,97,85,action,تأیید (0.89),alias پیشنهادی برای «تأیید»
متضمن صدور,94,85,action,صادر کردن گواهی (0.71),واژه‌ی جدید
بدلیل,118,85,action,جایگزینی (0.68),واژه‌ی جدید
مهم,101,85,concept,لازمه (0.64),واژه‌ی جدید
مشترک با,98,85,role,شریک (0.74),واژه‌ی جدید
اینکه با,87,85,principle,طبق قانون (0.69),واژه‌ی جدید
نظر خواه,137,85,role,صاحب‌نظر (0.68),واژه‌ی جدید
گردیده،,94,85,action,تصرف (0.64),واژه‌ی جدید
دادرسی مورخ,104,85,concept,دادرسی (0.73),واژه‌ی جدید
فرجام‌خواهی,158,85,action,فرجام (0.73),واژه‌ی جدید
با اوضاع,88,84,concept,طی شرایط خاص (0.73),واژه‌ی جدید
خواهان،,87,84,role,اصحاب دعوی (0.73),واژه‌ی جدید
مزبور را,90,84,object,موصى به (0.67),واژه‌ی جدید
مجموع محتویات,89,84,action,جمع‌بندی (0.64),واژه‌ی جدید
متنازع فیه,108,84,role,محال عليه (0.71),واژه‌ی جدید
موجب نقض,85,84,action,نقض (0.86),واژه‌ی جدید
مادتین,94,84,role,مدیون (0.59),واژه‌ی جدید
طی آن,113,84,action,طی نامه (0.76),واژه‌ی جدید
خصوصی,114,84,principle,حقوق خصوصی (0.81),واژه‌ی جدید
به حضور,120,84,action,عدم حضور (0.72),واژه‌ی جدید
بشماره,108,84,object,سریال شماره (0.68),واژه‌ی جدید
سپس ظرف,86,84,action,طی آگهی (0.54),واژه‌ی جدید
اشکالی,84,84,concept,نقص (0.64),واژه‌ی جدید
ارتباطی,101,84,object,وسایل ارتباطی (0.69),واژه‌ی جدید
نرسیده,93,84,object,رسید (0.70),واژه‌ی جدید
جای,109,84,object,محل (0.75),واژه‌ی جدید
رد آن,89,84,action,رد (0.83),واژه‌ی جدید
اصالت,118,84,concept,اصیل (0.78),واژه‌ی جدید
در مورخه,149,84,principle,طبق قانون (0.66),واژه‌ی جدید
قوه,143,84,concept,اراده (0.64),واژه‌ی جدید
رضا,104,84,role,رشید (0.60),واژه‌ی جدید
مناسب,110,84,action,تأیید (0.68),واژه‌ی جدید
نوع طلاق,100,83,concept,طلاق (0.80),واژه‌ی جدید
دکتر,183,83,role,نویسنده (0.65),واژه‌ی جدید
شصت,117,83,role,موصی (0.57),واژه‌ی جدید
بخش از,124,83,object,بخش‌نامه (0.69),واژه‌ی جدید
قرائت خواهد,83,83,action,پیش‌گویی (0.63),واژه‌ی جدید
قسمت اول,87,83,object,سریال شماره (0.59),واژه‌ی جدید
مدیریت,131,83,concept,مدیریت حقوقی (0.75),واژه‌ی جدید
آخرین,114,83,object,رکورد (0.63),واژه‌ی جدید
خاصی,108,83,role,گروه خاص (0.73),واژه‌ی جدید
خواهی خانم,85,83,object,طلب (0.65),واژه‌ی جدید
با خواسته,95,83,object,طلب (0.75),واژه‌ی جدید
سه سال,111,83,concept,ثلث (0.59),واژه‌ی جدید
تعزیری,182,83,concept,تعزیر (0.92),alias پیشنهادی برای «تعزیر»
است لیکن,88,83,role,ولی (0.63),واژه‌ی جدید
اخلاقی,115,83,concept,وجدان حقوقی (0.71),واژه‌ی جدید
خواست,95,83,object,طلب (0.73),واژه‌ی جدید
سه دانگ,252,83,concept,ثلث (0.67),واژه‌ی جدید
قانوناً,100,83,principle,طبق قانون (0.85),واژه‌ی جدید
لایحه تجدیدنظرخواهی,87,83,concept,تجدیدنظر (0.79),واژه‌ی جدید
حیث ماهوی,83,83,concept,ماهیت (0.61),واژه‌ی جدید
تهران با,91,83,concept,خارج از موضوع (0.57),واژه‌ی جدید
طبقه,200,83,concept,کلاس (0.70),واژه‌ی جدید
دائمی,122,83,concept,غیرقابل تغییر (0.65),واژه‌ی جدید
نکاح به,121,83,concept,نکاح (0.87),alias پیشنهادی برای «نکاح»
جهت اجرای,158,82,concept,قابل اجرا بودن (0.73),واژه‌ی جدید
مواجه با,92,82,role,مخاطب (0.66),واژه‌ی جدید
انقضای,102,82,role,مبطل (0.66),واژه‌ی جدید
درحالی که,100,82,principle,فقط در صورتی که (0.68),واژه‌ی جدید
عدم احراز,95,82,concept,عدم صلاحیت (0.78),واژه‌ی جدید
نوعی,94,82,concept,نوع جرم (0.71),واژه‌ی جدید
ختم دادرسی,98,82,concept,دادرسی (0.75),واژه‌ی جدید
شعبه پنجم,145,82,object,شعبه دادگاه (0.70),واژه‌ی جدید
از حقوق,109,82,concept,حقوق (0.83),واژه‌ی جدید
نشانی,290,82,object,محل (0.65),واژه‌ی جدید
جمهوری,118,82,role,دولت (0.59),واژه‌ی جدید
موقع,105,82,object,محل (0.73),واژه‌ی جدید
ماده مذکور,90,82,action,طی ماده قانونی (0.65),واژه‌ی جدید
توافق طرفین,94,82,concept,توافق (0.83),واژه‌ی جدید
مورد پذیرش,87,82,action,پذیرش (0.87),واژه‌ی جدید
دو فقره,148,82,object,تبصره (0.62),واژه‌ی جدید
ثبتی شماره,169,82,action,ثبت (0.82),واژه‌ی جدید
در موضوع,101,82,concept,خارج از موضوع (0.78),واژه‌ی جدید
در رسیدگی,98,82,action,رسیدگی (0.88),alias پیشنهادی برای «رسیدگی»
حبیب,84,82,concept,عقد (0.57),واژه‌ی جدید
گسیختن دادنامه,82,82,concept,ضایع شدن حق (0.65),واژه‌ی جدید
تخلف از,136,82,concept,تخلف (0.94),alias پیشنهادی برای «تخلف»
تصریح شده,102,82,concept,صراحت (0.70),واژه‌ی جدید
ولیکن,96,82,role,ولی (0.70),واژه‌ی جدید
بودم,154,82,concept,شخص (0.62),واژه‌ی جدید
مستندات موجود,84,82,object,مستندات (0.88),alias پیشنهادی برای «مستندات»
برقرار,86,82,action,حفظ (0.69),واژه‌ی جدید
تجدیدنظرخواهی،,83,82,concept,تجدیدنظر (0.83),واژه‌ی جدید
وارد دانستن,85,81,action,ورود اطلاعات (0.66),واژه‌ی جدید
وی با,85,81,role,موصی له (0.61),واژه‌ی جدید
دادرسی کیفری,164,81,concept,قانون کیفری (0.83),واژه‌ی جدید
موثر در,101,81,concept,قابل اجرا بودن (0.62),واژه‌ی جدید
قالب,97,81,object,نمونه (0.61),واژه‌ی جدید
فوق به,88,81,concept,تجاوز (0.63),واژه‌ی جدید
موید,94,81,role,مودع (0.63),واژه‌ی جدید
یا مدرک,81,81,object,مدرک (0.79),واژه‌ی جدید
تکمیل,116,81,concept,کامل (0.81),واژه‌ی جدید
طرفین دعوی,92,81,role,اصحاب دعوی (0.84),واژه‌ی جدید
هریک,105,81,concept,هرم قضائی (0.54),واژه‌ی جدید
امور مدنی،,116,81,principle,حقوق مدنی (0.77),واژه‌ی جدید
نصف,200,81,concept,شبه عقد (0.81),واژه‌ی جدید
سکه تمام,150,81,concept,کامل (0.67),واژه‌ی جدید
بدوی صادر,84,81,role,صادرکننده (0.62),واژه‌ی جدید
اجرائیه,165,81,object,هزینه‌های اجرائیات (0.74),واژه‌ی جدید
تمبر,99,81,concept,تملیک (0.67),واژه‌ی جدید
عدم توجه,101,81,concept,غفلت (0.78),واژه‌ی جدید
ماهوی به,90,81,role,موصی له (0.56),واژه‌ی جدید
که آقای,99,81,role,موصی له (0.68),واژه‌ی جدید
طلاق زوجه,99,81,concept,طلاق (0.85),واژه‌ی جدید
صدورحکم,104,81,action,صادر کردن حکم (0.80),واژه‌ی جدید
ملکی,107,81,concept,ملکیت (0.77),واژه‌ی جدید
تورم,96,81,concept,وضعیت اقتصادی (0.64),واژه‌ی جدید
توسط خوانده,98,81,action,طی آگهی (0.70),واژه‌ی جدید
تجدیدنظرخواه ایراد,81,81,concept,تجدیدنظر (0.76),واژه‌ی جدید
با فرض,89,81,concept,فرض (0.86),واژه‌ی جدید
احداث,206,81,action,تأسیس (0.73),واژه‌ی جدید
سوی خوانده,91,81,role,محکوم‌علیه (0.58),واژه‌ی جدید
است خوانده,83,81,concept,استقراء (0.66),واژه‌ی جدید
اثباتی,89,81,concept,ثبوت (0.81),واژه‌ی جدید
اتفاق,91,81,object,قضیه (0.70),واژه‌ی جدید
جهات مندرج,82,81,object,منقول (0.63),واژه‌ی جدید
توسط زوج,101,81,concept,ازدواج (0.65),واژه‌ی جدید
همچنان,87,81,action,حفظ (0.61),واژه‌ی جدید
مقدم,106,81,object,یادداشت (0.70),واژه‌ی جدید
بی‌اعتباری,86,81,concept,بی‌کفایتی (0.79),واژه‌ی جدید
عقیده,99,80,role,صاحب‌نظر (0.71),واژه‌ی جدید
دادگاه حاضر,88,80,action,ورود به دادگاه (0.76),واژه‌ی جدید
با اصلاح,106,80,action,اصلاح ذات‌البین (0.71),واژه‌ی جدید
انعقاد عقد,100,80,concept,عقد (0.86),واژه‌ی جدید
گرچه,89,80,role,ولی (0.59),واژه‌ی جدید
ولو,95,80,role,ولی (0.65),واژه‌ی جدید
مهلت قانونی,104,80,concept,وضعیت قانونی (0.77),واژه‌ی جدید
در قالب,95,80,principle,طبق قانون (0.72),واژه‌ی جدید
مورد مطالبه,91,80,object,طلب (0.77),واژه‌ی جدید
به خواندگان,120,80,object,موصى به (0.67),واژه‌ی جدید
می نمایند,104,80,object,موصى به (0.64),واژه‌ی جدید
مورد استناد,96,80,principle,لحاظ (0.72),واژه‌ی جدید
روانی,175,80,concept,نفس (0.63),واژه‌ی جدید
جمهوری اسلامی,115,80,role,مجلس شورای اسلامی (0.71),واژه‌ی جدید
قرار دارد,97,80,action,وضع (0.70),واژه‌ی جدید
وارد نبوده,84,80,action,عدم حضور (0.68),واژه‌ی جدید
باز,102,80,action,گشایش حساب (0.64),واژه‌ی جدید
گردد این,82,80,action,رجوع (0.60),واژه‌ی جدید
را خواستار,98,80,object,طلب (0.70),واژه‌ی جدید
صادرگردیده,84,80,role,صادرکننده (0.74),واژه‌ی جدید
طرفین،,87,80,principle,بی‌طرفی (0.67),واژه‌ی جدید
دادنامه تجدید,88,80,action,تجدید دادرسی (0.85),واژه‌ی جدید
مالکین,182,80,role,مالک (0.82),واژه‌ی جدید
جامعه,107,80,principle,محیط (0.69),واژه‌ی جدید
خواهان اعلام,86,80,object,طلب (0.74),واژه‌ی جدید
این مدت,105,80,concept,بذل مدت (0.62),واژه‌ی جدید
استناد نموده,93,80,action,ارجاع (0.71),واژه‌ی جدید
دوران,121,80,concept,دوران محکومیت (0.62),واژه‌ی جدید
مفهوم مخالف,88,80,concept,مخالف (0.85),واژه‌ی جدید
باشد ارائه,84,80,action,پیشنهاد (0.71),واژه‌ی جدید
کسب,141,80,action,کسب حقوق (0.80),واژه‌ی جدید
خواسته تقاضای,86,80,object,طلب (0.82),واژه‌ی جدید
معترضٌ,96,80,action,اعتراض (0.87),واژه‌ی جدید
اسامی,104,80,object,نام (0.70),واژه‌ی جدید
واریز,150,80,action,پرداخت (0.71),واژه‌ی جدید
نیست،,85,80,action,عدم حضور (0.64),واژه‌ی جدید
یا دلایلی,80,80,object,دلایل توجیهی (0.71),واژه‌ی جدید
ثبت ازدواج,95,80,concept,ازدواج (0.83),واژه‌ی جدید
مانده است,80,79,concept,معلق (0.67),واژه‌ی جدید
نیستم,118,79,action,عدم حضور (0.66),واژه‌ی جدید
بر اثبات,98,79,concept,ثبوت (0.80),واژه‌ی جدید
موقعیت,111,79,object,جایگاه (0.77),واژه‌ی جدید
سه نفره,115,79,concept,ثلث (0.70),واژه‌ی جدید
موضوع قرارداد,125,79,object,قرارداد (0.84),واژه‌ی جدید
مقنن,110,79,concept,مراهنه (0.64),واژه‌ی جدید
به سایر,86,79,concept,خارج از موضوع (0.68),واژه‌ی جدید
پسندی که,79,79,concept,تمایل (0.65),واژه‌ی جدید
صدور دادنامه,115,79,concept,دادرسی (0.72),واژه‌ی جدید
متأسفانه,99,79,concept,تعذر (0.62),واژه‌ی جدید
توانند,91,79,action,حصول (0.61),واژه‌ی جدید
تهران،,112,79,object,شوارع (0.61),واژه‌ی جدید
نوبت,99,79,action,فراخوانی (0.64),واژه‌ی جدید
را ترک,106,79,object,ترکه (0.64),واژه‌ی جدید
بروز,103,79,action,حصول (0.60),واژه‌ی جدید
از بررسی,84,79,action,بررسی (0.85),واژه‌ی جدید
دیون,154,79,object,دیه (0.67),واژه‌ی جدید
زمان اجرای,120,79,concept,زمان اجرا (0.97),alias پیشنهادی برای «زمان اجرا»
ازدواج نموده,99,79,concept,ازدواج (0.79),واژه‌ی جدید
اولین,94,79,object,رکورد (0.57),واژه‌ی جدید
بقیه,109,79,concept,خارج از موضوع (0.63),واژه‌ی جدید
به محض,93,79,principle,فقط در صورت (0.67),واژه‌ی جدید
فتوکپی مصدق,87,79,concept,موقوف (0.57),واژه‌ی جدید
در ید,90,79,action,خلع ید (0.66),واژه‌ی جدید
شود،,87,79,action,حصول (0.62),واژه‌ی جدید
مقررات موضوعه,85,79,action,وضع مقررات (0.73),واژه‌ی جدید
مشکلات,100,79,object,شکایت (0.71),واژه‌ی جدید
در نظریه,108,78,concept,نظریه مشورتی (0.68),واژه‌ی جدید
تعیین نموده,92,78,concept,حق تعیین (0.70),واژه‌ی جدید
تعیین تکلیف,108,78,concept,تکلیف (0.78),واژه‌ی جدید
خریداری نموده,92,78,role,خریدار (0.79),واژه‌ی جدید
محضر,97,78,concept,موقوف (0.67),واژه‌ی جدید
دادخواست به,83,78,object,دادخواست (0.90),alias پیشنهادی برای «دادخواست»
بانضمام,89,78,principle,شمولیت (0.71),واژه‌ی جدید
الاشعار,85,78,role,نویسنده (0.61),واژه‌ی جدید
بیحقی,94,78,concept,بی‌تکلیفی (0.78),واژه‌ی جدید
مابقی,104,78,object,منقول (0.61),واژه‌ی جدید
راه,136,78,role,راهن (0.76),واژه‌ی جدید
که برابر,88,78,concept,مقایسه حقوقی (0.62),واژه‌ی جدید
مبنا,92,78,object,مباحات (0.57),واژه‌ی جدید
واخواه,198,78,action,واخواست (0.80),واژه‌ی جدید
از ثمن,109,78,object,ثمن (0.81),واژه‌ی جدید
غیر ثابت,78,78,concept,غیرمستقل (0.75),واژه‌ی جدید
زوجیت بین,83,78,concept,ازدواج (0.70),واژه‌ی جدید
نیست لذا,81,78,action,عدم حضور (0.62),واژه‌ی جدید
قانون قطعی,80,78,concept,احکام قطعی (0.79),واژه‌ی جدید
رد دادخواست,88,78,object,دادخواست (0.68),واژه‌ی جدید
آنچه که,85,78,object,یادداشت (0.59),واژه‌ی جدید
این مطلب,86,78,role,مضمون (0.70),واژه‌ی جدید
الباقی,129,78,role,متبایع (0.57),واژه‌ی جدید
ایراد ضرب,151,78,concept,ضرب‌الاجل (0.64),واژه‌ی جدید
می‌باشد که,101,78,concept,قانونی بودن (0.62),واژه‌ی جدید
نافذ,105,78,concept,معلق (0.59),واژه‌ی جدید
هرندی,80,78,concept,زراندوزی (0.59),واژه‌ی جدید
هم چنین,129,77,concept,هم‌راهی (0.68),واژه‌ی جدید
ابلاغ قانونی,88,77,action,طی مراحل قانونی (0.72),واژه‌ی جدید
فردی,112,77,concept,شخص (0.77),واژه‌ی جدید
از لحاظ,86,77,principle,لحاظ (0.81),واژه‌ی جدید
بر دادنامه,87,77,concept,دادرسی (0.69),واژه‌ی جدید
رسیدگی دادگاه,91,77,action,رسیدگی (0.90),alias پیشنهادی برای «رسیدگی»
را مطرح,88,77,object,موصى به (0.72),واژه‌ی جدید
خانواده مصوب,95,77,object,قانون خانواده (0.61),واژه‌ی جدید
است بنا,79,77,concept,استيلا (0.61),واژه‌ی جدید
در ذیل,95,77,principle,طبق قانون (0.65),واژه‌ی جدید
به مطالبه,83,77,object,طلب (0.74),واژه‌ی جدید
معنی,90,77,concept,تعریف (0.80),واژه‌ی جدید
انتقال سند,136,77,action,تعویض سند (0.85),واژه‌ی جدید
خواهان که,80,77,object,طلب (0.75),واژه‌ی جدید
شماره های,106,77,object,سریال شماره (0.80),واژه‌ی جدید
تلاش,93,77,action,جستجو (0.72),واژه‌ی جدید
کریم,111,77,role,قیم (0.65),واژه‌ی جدید
خواهان نسبت,86,77,role,اصحاب دعوی (0.75),واژه‌ی جدید
ارتکاب,144,77,concept,وقوع جرم (0.79),واژه‌ی جدید
روحی,142,77,concept,نفس (0.58),واژه‌ی جدید
دادگاه تجدیدنظرخواهی,77,77,role,دیوان عدالت اداری (0.79),واژه‌ی جدید
رد دعوای,84,77,concept,دعوی نفی مالکیت (0.72),واژه‌ی جدید
شلمزاری,79,77,action,زرنگاری (0.53),واژه‌ی جدید
امانی شلمزاری,79,77,concept,امانت (0.48),واژه‌ی جدید
به سند,85,77,object,سند (0.80),واژه‌ی جدید
عودت,94,77,action,اعاده اعتبار (0.67),واژه‌ی جدید
وجود نداشته,95,77,concept,نبود صلاحیت (0.73),واژه‌ی جدید
به حکایت,80,77,principle,لحاظ (0.66),واژه‌ی جدید
زوج نیز,99,77,concept,ازدواج (0.64),واژه‌ی جدید
دفترخانه شماره,104,77,object,دفترخانه (0.84),واژه‌ی جدید
از شروط,132,77,concept,شرط (0.77),واژه‌ی جدید
نامه رسمی,119,77,action,طی نامه (0.73),واژه‌ی جدید
روشن,90,77,action,جستجو (0.56),واژه‌ی جدید
در زندگی,91,77,concept,شخص (0.63),واژه‌ی جدید
ثبت احوال,251,77,action,ثبت (0.74),واژه‌ی جدید
معترضٌ عنه,91,77,action,اعتراض (0.81),واژه‌ی جدید
پول,129,77,object,واحد پول (0.71),واژه‌ی جدید
بخواهد,86,77,object,طلب (0.71),واژه‌ی جدید
با وی,108,77,role,بایع (0.67),واژه‌ی جدید
دادنامه معترض‌عنه,93,77,action,اعتراض (0.72),واژه‌ی جدید
جلوگیری از,96,76,action,جلوگیری (0.93),alias پیشنهادی برای «جلوگیری»
داریم,91,76,action,گرفتن (0.67),واژه‌ی جدید
اعتراضات,102,76,action,اعتراض (0.89),alias پیشنهادی برای «اعتراض»
مورد ادعای,90,76,concept,ادعا (0.87),واژه‌ی جدید
مشعر بر,108,76,object,برات (0.55),واژه‌ی جدید
دادگاه نیز,87,76,concept,نظر دادگاه (0.71),واژه‌ی جدید
خللی,82,76,action,عزل (0.58),واژه‌ی جدید
مستوجب,81,76,concept,ملزم بودن (0.72),واژه‌ی جدید
مقرر می,93,76,action,برآورد (0.71),واژه‌ی جدید
مذکور،,92,76,principle,لحاظ (0.67),واژه‌ی جدید
ستون خواسته,81,76,object,طلب (0.61),واژه‌ی جدید
وکیل فرجام,112,76,action,فرجام (0.74),واژه‌ی جدید
دادنامه فوق,88,76,object,دادخواست (0.67),واژه‌ی جدید
ملی,148,76,concept,شرکت (0.59),واژه‌ی جدید
تقدیم لایحه,94,76,object,لایحه (0.85),واژه‌ی جدید
هرگاه,101,76,principle,فقط در صورتی که (0.67),واژه‌ی جدید
از قبیل,82,76,principle,لحاظ (0.64),واژه‌ی جدید
مسئول,102,76,role,فرد مسئول (0.89),alias پیشنهادی برای «فرد مسئول»
که موضوع,89,76,role,مضمون (0.66),واژه‌ی جدید
حضوری است,76,76,action,عدم حضور (0.73),واژه‌ی جدید
دادرسی از,82,76,concept,دادرسی (0.82),واژه‌ی جدید
مانند,97,76,principle,طبق قانون (0.65),واژه‌ی جدید
نموده است،,96,76,role,موقوف علیه (0.61),واژه‌ی جدید
ابرازی از,80,76,action,خوداظهاری (0.72),واژه‌ی جدید
موظف,91,76,role,کارمند (0.84),واژه‌ی جدید
اقدام نموده,85,76,action,تصرف (0.73),واژه‌ی جدید
دانسته است,86,76,concept,عرف (0.65),واژه‌ی جدید
مهدی,92,76,role,مخاطب (0.57),واژه‌ی جدید
سلامت,165,76,concept,صحت (0.87),alias پیشنهادی برای «صحت»
انفاق,124,76,object,بودجه (0.73),واژه‌ی جدید
دادم,131,76,action,بذل (0.65),واژه‌ی جدید
پرداخت اجرت,97,76,concept,اجرت (0.88),alias پیشنهادی برای «اجرت»
شکلی به,77,76,concept,نوع جرم (0.57),واژه‌ی جدید
نموده،,102,76,principle,لحاظ (0.62),واژه‌ی جدید
مرادی هرندی,78,76,concept,زراندوزی (0.51),واژه‌ی جدید
تقدیم داشته,99,75,concept,تبرع (0.69),واژه‌ی جدید
از قرار,108,75,action,قرار (0.76),واژه‌ی جدید
دادگاه ختم,78,75,concept,نظر دادگاه (0.65),واژه‌ی جدید
تایید دادنامه,87,75,action,تأیید (0.78),واژه‌ی جدید
مزبور به,83,75,object,موصى به (0.67),واژه‌ی جدید
ردّ تجدیدنظرخواهی,80,75,concept,تجدیدنظر (0.77),واژه‌ی جدید
قابل پذیرش,84,75,action,پذیرش (0.78),واژه‌ی جدید
دادگاه خواسته,79,75,object,دادخواست (0.73),واژه‌ی جدید
با استفاده,87,75,action,استعمال (0.84),واژه‌ی جدید
وکیل تجدیدنظرخواه,86,75,role,وکیل (0.75),واژه‌ی جدید
از شمول,86,75,principle,شمول (0.88),alias پیشنهادی برای «شمول»
این بخش,121,75,role,مضمون (0.62),واژه‌ی جدید
تابع,90,75,action,تبعیت (0.74),واژه‌ی جدید
جمعاً,96,75,action,جمع‌بندی (0.79),واژه‌ی جدید
دفترخانه اسناد,114,75,object,دفترخانه (0.85),واژه‌ی جدید
کیفرخواست,127,75,object,دادخواست (0.78),واژه‌ی جدید
مقدمات,99,75,concept,تحقیقات مقدماتی (0.71),واژه‌ی جدید
منکر,101,75,action,نفی (0.81),واژه‌ی جدید
گفته است,188,75,concept,شخص (0.67),واژه‌ی جدید
ثابت دانسته,76,75,object,ثابت‌نامه (0.71),واژه‌ی جدید
علیرضا,80,75,role,وارث (0.54),واژه‌ی جدید
محمدی,88,75,role,موصی (0.51),واژه‌ی جدید
را عینا,75,75,object,عین (0.72),واژه‌ی جدید
شعبه چهارم,108,75,object,شعبه دادگاه (0.71),واژه‌ی جدید
درتاریخ,139,75,role,مضمون (0.67),واژه‌ی جدید
فوریت,144,75,concept,اضطرار (0.70),واژه‌ی جدید
علم به,109,75,concept,عرف (0.61),واژه‌ی جدید
رعایت مقررات,80,75,principle,رعایت قانون (0.90),alias پیشنهادی برای «رعایت قانون»
نمی کند,82,75,concept,غیرممکن (0.67),واژه‌ی جدید
انجام می,87,75,concept,ایجاد تعهد (0.69),واژه‌ی جدید
به فروش,107,75,concept,خرید و فروش (0.77),واژه‌ی جدید
چراکه,92,75,concept,سبب (0.64),واژه‌ی جدید
ننموده اند,85,75,concept,غیرمستند (0.61),واژه‌ی جدید
الیه,92,75,role,ديان (0.64),واژه‌ی جدید
در صفحه,119,75,action,طی آگهی (0.67),واژه‌ی جدید
عدم تبرع,143,75,concept,تبرع (0.79),واژه‌ی جدید
فاصله,95,75,concept,اختلاف (0.71),واژه‌ی جدید
معنوی,83,75,concept,ضایعه معنوی (0.69),واژه‌ی جدید
استعلام از,90,75,action,استعلام (0.92),alias پیشنهادی برای «استعلام»
عرفاً,100,75,concept,عرف (0.78),واژه‌ی جدید
بچه,172,75,role,کودک (0.91),alias پیشنهادی برای «کودک»
مدنی قرار,79,74,concept,احوال مدنی (0.73),واژه‌ی جدید
ذات,90,74,concept,شخص حقیقی (0.83),واژه‌ی جدید
خوانده ازدواج,77,74,object,عقد ازدواج (0.72),واژه‌ی جدید
موجه است,75,74,concept,قانونی بودن (0.71),واژه‌ی جدید
سوی زوجه,98,74,concept,نفقه (0.64),واژه‌ی جدید
تعارض,92,74,concept,مخالف (0.78),واژه‌ی جدید
دادرسی می,80,74,concept,دادرسی (0.85),واژه‌ی جدید
ناظر بر,91,74,concept,نهاد ناظر (0.78),واژه‌ی جدید
این حق,103,74,concept,حق (0.72),واژه‌ی جدید
رأی وحدت,116,74,object,رأی (0.81),واژه‌ی جدید
قراردادها,104,74,object,قرارداد (0.87),واژه‌ی جدید
رسمی ازدواج,89,74,concept,ازدواج (0.76),واژه‌ی جدید
انها,107,74,role,موصی له (0.58),واژه‌ی جدید
پنج میلیون,118,74,concept,خمس (0.72),واژه‌ی جدید
دادنامه در,82,74,concept,دادرسی (0.70),واژه‌ی جدید
در هنگام,85,74,action,طی روند دادرسی (0.74),واژه‌ی جدید
بطلان آن,78,74,concept,بطلان (0.86),واژه‌ی جدید
پرونده های,101,74,object,پرونده (0.88),alias پیشنهادی برای «پرونده»
خصوص تجدیدنظر,79,74,concept,تجدیدنظر (0.86),واژه‌ی جدید
روزانه,201,74,role,مضمون (0.68),واژه‌ی جدید
به ادعای,80,74,concept,ادعا (0.83),واژه‌ی جدید
درنتیجه,93,74,principle,طبق قانون (0.61),واژه‌ی جدید
مرتکب,90,74,role,متهم (0.81),واژه‌ی جدید
اساس مقررات,76,74,action,وضع مقررات (0.71),واژه‌ی جدید
دارنده,150,74,role,صاحب‌حق (0.71),واژه‌ی جدید
اساس آن,75,74,object,اساسنامه (0.66),واژه‌ی جدید
از ابلاغ،,82,74,concept,اطلاق (0.64),واژه‌ی جدید
برخی,94,73,concept,عده (0.71),واژه‌ی جدید
توجها,84,73,principle,احتیاط (0.76),واژه‌ی جدید
ان را,111,73,action,رد (0.60),واژه‌ی جدید
خودم,114,73,action,خوداظهاری (0.69),واژه‌ی جدید
مهریه زوجه,103,73,object,ارثیه (0.65),واژه‌ی جدید
مقرر داشته,80,73,action,برآورد (0.69),واژه‌ی جدید
وصول پرونده,118,73,action,وصول (0.86),واژه‌ی جدید
بوده لذا,78,73,concept,سبب (0.61),واژه‌ی جدید
شماره دادنامه,106,73,object,شماره پرونده (0.82),واژه‌ی جدید
دادگاه،,85,73,action,ورود به دادگاه (0.77),واژه‌ی جدید
قراردادهای,123,73,object,قرارداد (0.87),alias پیشنهادی برای «قرارداد»
برخوردار,82,73,concept,برخورداری (0.87),واژه‌ی جدید
خواسته با,75,73,object,طلب (0.77),واژه‌ی جدید
از موضوع,87,73,concept,خارج از موضوع (0.78),واژه‌ی جدید
تسری,83,73,action,تسهیم (0.64),واژه‌ی جدید
متکی,82,73,role,وابسته (0.72),واژه‌ی جدید
قانع,73,73,role,قاصد (0.54),واژه‌ی جدید
دادگاه که,80,73,object,شعبه دادگاه (0.70),واژه‌ی جدید
شناخته,91,73,concept,عرف (0.77),واژه‌ی جدید
رسیدگی ماهوی,90,73,action,رسیدگی (0.75),واژه‌ی جدید
ساکن,103,73,concept,موقوف (0.64),واژه‌ی جدید
عدم رعایت,109,73,concept,تخلف (0.81),واژه‌ی جدید
پاسخ به,86,73,action,رد (0.76),واژه‌ی جدید
شدند,102,73,object,رسید (0.62),واژه‌ی جدید
نفر از,94,73,concept,شخص (0.74),واژه‌ی جدید
مورد خواسته,90,73,object,طلب (0.78),واژه‌ی جدید
دچار,120,73,concept,تضرر (0.65),واژه‌ی جدید
بعداً,108,73,concept,خارج از موضوع (0.63),واژه‌ی جدید
توسط خواهان,80,73,role,اصحاب دعوی (0.74),واژه‌ی جدید
ریال در,102,73,object,واحد پول (0.60),واژه‌ی جدید
عملی,93,73,principle,قانونی (0.67),واژه‌ی جدید
ملاحظه می,86,73,principle,ملاحظه قانونی (0.79),واژه‌ی جدید
عام,116,73,object,نهاد عمومی (0.59),واژه‌ی جدید
بازگشت,108,73,action,بازیابی (0.75),واژه‌ی جدید
از وقوع,88,73,concept,وقوع جرم (0.77),واژه‌ی جدید
است، لذا,82,73,principle,طبق قانون (0.63),واژه‌ی جدید
حوزه ثبتی,99,73,concept,وضعیت ثبتی (0.79),واژه‌ی جدید
نمی‌تواند,85,73,concept,غیرممکن (0.78),واژه‌ی جدید
ایرادات,97,72,object,یادداشت (0.70),واژه‌ی جدید
احتساب کلیه,82,72,object,کلیه (0.79),واژه‌ی جدید
با زوجه,102,72,action,مرافقه (0.66),واژه‌ی جدید
برای وی,86,72,role,موصی له (0.62),واژه‌ی جدید
با خواهان,85,72,object,طلب (0.75),واژه‌ی جدید
غیرقابل,85,72,concept,غیرممکن (0.89),alias پیشنهادی برای «غیرممکن»
کشور است,76,72,concept,شخص (0.64),واژه‌ی جدید
طرف مقابل,87,72,principle,بی‌طرفی (0.69),واژه‌ی جدید
پیوستی,91,72,action,پیوست (0.90),alias پیشنهادی برای «پیوست»
بطور,87,72,principle,طبق قانون (0.74),واژه‌ی جدید
ضروری,81,72,concept,لازمه (0.79),واژه‌ی جدید
پیرامون,98,72,principle,محیط (0.73),واژه‌ی جدید
هشتم,112,72,role,شخص ثالث (0.54),واژه‌ی جدید
حضوری وظرف,72,72,action,عدم حضور (0.70),واژه‌ی جدید
نشود,93,72,action,جلوگیری (0.64),واژه‌ی جدید
نهایی,127,72,object,رای نهایی (0.81),واژه‌ی جدید
ها در,93,72,role,اهل (0.66),واژه‌ی جدید
رای صادر,103,72,concept,نظر دادگاه (0.81),واژه‌ی جدید
اقایان,154,72,object,اعیان (0.71),واژه‌ی جدید
تشریفات دادرسی,74,72,concept,دادرسی (0.77),واژه‌ی جدید
مقید,115,72,action,تقیید (0.78),واژه‌ی جدید
مبین,83,72,concept,مباح (0.64),واژه‌ی جدید
دوم به,97,72,object,موصى به (0.57),واژه‌ی جدید
آبادی,75,72,role,شهرداری (0.68),واژه‌ی جدید
زوج است,78,72,concept,ازدواج (0.72),واژه‌ی جدید
واحده قانون,86,72,role,واحد حقوقی (0.77),واژه‌ی جدید
مورد ادعا,84,72,concept,ادعا (0.91),alias پیشنهادی برای «ادعا»
باب مغازه,140,72,role,تاجر (0.69),واژه‌ی جدید
علیخانی,74,72,object,اعیانی (0.53),واژه‌ی جدید
وظیفه,93,72,concept,وظیفه قانونی (0.81),واژه‌ی جدید
الحاقی به,101,72,principle,شمولیت (0.69),واژه‌ی جدید
را تقدیم,85,72,action,پیشنهاد (0.70),واژه‌ی جدید
کریمی,84,72,role,قیم (0.56),واژه‌ی جدید
پاسخ داده,123,72,action,رد (0.74),واژه‌ی جدید
از شش,112,72,concept,خمس (0.62),واژه‌ی جدید
مجاز,103,71,object,مجوز (0.70),واژه‌ی جدید
سپس دادگاه,106,71,action,ورود به دادگاه (0.69),واژه‌ی جدید
نیز پرداخت,84,71,action,پرداخت (0.77),واژه‌ی جدید
ایام زوجیت,158,71,concept,ازدواج (0.62),واژه‌ی جدید
معرفی شده,79,71,action,پیشنهاد (0.73),واژه‌ی جدید
اراضی,335,71,object,قانون اراضی (0.80),واژه‌ی جدید
باینکه,117,71,concept,بینونت (0.56),واژه‌ی جدید
پرونده امر,92,71,object,پرونده (0.67),واژه‌ی جدید
فسخ معامله,159,71,action,فسخ (0.87),alias پیشنهادی برای «فسخ»
به تجدیدنظرخواه,85,71,concept,تجدیدنظر (0.86),واژه‌ی جدید
ایام تصرف,155,71,action,تصرف (0.70),واژه‌ی جدید
صلاحیت به,117,71,concept,صلاحیت (0.91),alias پیشنهادی برای «صلاحیت»
از موکل,87,71,role,مودع (0.66),واژه‌ی جدید
وکالت در,102,71,concept,وکالت (0.84),واژه‌ی جدید
سازش به,87,71,action,سازش (0.91),alias پیشنهادی برای «سازش»
نشان,97,71,object,مدرک (0.61),واژه‌ی جدید
وکالت بعدی,78,71,concept,وکالت (0.72),واژه‌ی جدید
از محل,101,71,object,محل (0.79),واژه‌ی جدید
رو دادگاه,78,71,action,ورود به دادگاه (0.79),واژه‌ی جدید
داشته در,82,71,principle,لحاظ (0.64),واژه‌ی جدید
آن قرار,71,71,action,قرار (0.81),واژه‌ی جدید
حداقل,85,71,concept,مشروط (0.65),واژه‌ی جدید
خواستار شده,84,71,object,طلب (0.78),واژه‌ی جدید
نمی داند,75,71,concept,بی‌نام (0.63),واژه‌ی جدید
در مدت,90,71,concept,طی شرایط خاص (0.68),واژه‌ی جدید
فرجه,78,71,action,فرجام (0.66),واژه‌ی جدید
خواسته خود,84,71,object,طلب (0.75),واژه‌ی جدید
را موجه,76,71,object,دلایل توجیهی (0.66),واژه‌ی جدید
کمتر از,86,71,concept,کاهش (0.72),واژه‌ی جدید
یکسال,105,71,object,واحد پول (0.68),واژه‌ی جدید
آل,72,71,role,ولی (0.58),واژه‌ی جدید
دیوان عدالت,300,71,role,دیوان عدالت اداری (0.93),alias پیشنهادی برای «دیوان عدالت اداری»
عدالت اداری,273,71,role,دیوان عدالت اداری (0.85),واژه‌ی جدید
ماهوی یا,71,71,object,هامش (0.53),واژه‌ی جدید
یا شکلی,71,71,concept,نوع جرم (0.58),واژه‌ی جدید
مشغول,103,70,role,مشغول الذمه (0.85),واژه‌ی جدید
دلیل عدم,79,70,concept,علت (0.75),واژه‌ی جدید
با طرح,77,70,principle,طبق قانون (0.71),واژه‌ی جدید
اعتراض دادنامه,70,70,action,اعتراض (0.80),واژه‌ی جدید
درخواست صدور,89,70,object,طلب (0.75),واژه‌ی جدید
سازش بین,103,70,action,سازش (0.88),alias پیشنهادی برای «سازش»
پنجاه میلیون,108,70,concept,خمس (0.64),واژه‌ی جدید
تومان بابت,89,70,action,پرداخت (0.63),واژه‌ی جدید
بدون توجه,76,70,concept,بی‌دلیل (0.70),واژه‌ی جدید
فرجامخواه,155,70,action,فرجام (0.73),واژه‌ی جدید
مطابق موازین,80,70,principle,طبق قانون (0.80),واژه‌ی جدید
تعیین می,83,70,concept,حق تعیین (0.68),واژه‌ی جدید
باوکالت آقای,79,70,concept,وکالت (0.71),واژه‌ی جدید
بوکالت,112,70,action,احاله (0.55),واژه‌ی جدید
بعلت,113,70,action,اقاله (0.59),واژه‌ی جدید
به نرخ,148,70,principle,طبق قانون (0.64),واژه‌ی جدید
زمینه,80,70,concept,زمینه حقوقی (0.76),واژه‌ی جدید
ذکر است,79,70,action,ذکر (0.86),واژه‌ی جدید
شایستگی,106,70,concept,صلاحیت (0.75),واژه‌ی جدید
بیان نموده,86,70,concept,صراحت (0.69),واژه‌ی جدید
جمع,92,70,action,جمع‌بندی (0.81),واژه‌ی جدید
برد,88,70,role,جد (0.62),واژه‌ی جدید
تحت نظر,88,70,action,زیرنظر (0.82),واژه‌ی جدید
اسلامی ایران,85,70,role,مجلس شورای اسلامی (0.71),واژه‌ی جدید
محسوب نمی,82,70,object,غير منقول (0.64),واژه‌ی جدید
دادگاه صادرکننده,77,70,role,صادرکننده (0.80),واژه‌ی جدید
ادامه رسیدگی,87,70,action,رسیدگی (0.83),واژه‌ی جدید
احکام مدنی,94,70,principle,حقوق مدنی (0.78),واژه‌ی جدید
تأیید دادنامه,79,70,action,تأیید (0.79),واژه‌ی جدید
سقم,75,70,concept,سلم (0.63),واژه‌ی جدید
زمین به,103,70,action,ورود به ملک (0.59),واژه‌ی جدید
این ادعا,82,70,concept,ادعا (0.81),واژه‌ی جدید
ضمن پذیرش,72,70,action,پذیرش (0.81),واژه‌ی جدید
تقاضای طلاق,91,70,concept,طلاق (0.83),واژه‌ی جدید
تهیه مسکن,127,70,action,وضع مقررات (0.63),واژه‌ی جدید
مدللی,70,70,object,نمونه (0.69),واژه‌ی جدید
تصدیر گردیده,72,70,role,متعهدله (0.69),واژه‌ی جدید
مطروحه در,86,70,role,مضمون (0.64),واژه‌ی جدید
از دو,82,70,concept,خارج از موضوع (0.60),واژه‌ی جدید
او به,83,70,role,موصی له (0.68),واژه‌ی جدید
در اثر,87,70,principle,طبق قانون (0.71),واژه‌ی جدید
به بعد,85,70,action,طی نامه (0.59),واژه‌ی جدید
نیت,84,70,concept,نیات (0.82),واژه‌ی جدید
از شرط,124,70,concept,شرط (0.84),واژه‌ی جدید
توانایی,103,70,concept,صلاحیت (0.77),واژه‌ی جدید
اقرار به,98,70,concept,اقرار (0.94),alias پیشنهادی برای «اقرار»
نیز مستندات,70,70,object,مستندات (0.82),واژه‌ی جدید
آینده,90,70,action,پیش‌بینی (0.67),واژه‌ی جدید
موکل با,74,69,role,متهم (0.71),واژه‌ی جدید
رجعی,93,69,role,رجعیه (0.89),alias پیشنهادی برای «رجعیه»
ابلاغ دادنامه,78,69,object,پرداخت‌نامه (0.69),واژه‌ی جدید
با یکدیگر,82,69,action,همکاری (0.69),واژه‌ی جدید
فر,75,69,action,فرجام (0.67),واژه‌ی جدید
ازاین,83,69,action,ازله (0.64),واژه‌ی جدید
لغایت اجرای,90,69,concept,زمان اجرا (0.77),واژه‌ی جدید
دادگاه صادر,75,69,concept,نظر دادگاه (0.78),واژه‌ی جدید
رأی میدهد,71,69,object,رأی (0.78),واژه‌ی جدید
این جهت,81,69,concept,جهت‌گیری (0.71),واژه‌ی جدید
مستشار شعبه,80,69,role,مشاور (0.68),واژه‌ی جدید
حدوث,82,69,concept,وقوع جرم (0.76),واژه‌ی جدید
طرفیت شرکت,95,69,principle,بی‌طرفی (0.65),واژه‌ی جدید
تردید,96,69,concept,اختلاف (0.67),واژه‌ی جدید
تهدید,151,69,concept,خطر (0.80),واژه‌ی جدید
بیرون,105,69,concept,طبیعت (0.73),واژه‌ی جدید
برای اثبات,80,69,concept,ثبوت (0.80),واژه‌ی جدید
موصوف را,74,69,role,موصی (0.72),واژه‌ی جدید
تلقی می,79,69,concept,ایجاد تعهد (0.64),واژه‌ی جدید
اعتراضیه وارد,73,69,action,اعتراض (0.85),واژه‌ی جدید
نژاد,88,69,concept,وراثت (0.61),واژه‌ی جدید
ارتباط با,92,69,action,همکاری (0.68),واژه‌ی جدید
در پلاک,110,69,object,پلاک (0.84),واژه‌ی جدید
تاریخ وقوع,82,69,concept,وقوع جرم (0.68),واژه‌ی جدید
گذاشته,77,69,action,وضع (0.70),واژه‌ی جدید
عملاً,74,69,object,شغل (0.73),واژه‌ی جدید
مهریه به,106,69,object,ودیعه (0.64),واژه‌ی جدید
در ملک,113,69,action,ورود به ملک (0.71),واژه‌ی جدید
آل حبیب,70,69,action,جلب (0.49),واژه‌ی جدید
داده می,73,69,object,بدهی (0.62),واژه‌ی جدید
وارد نمی‌باشد,70,69,action,عدم حضور (0.67),واژه‌ی جدید
دو میلیون,108,69,role,مدیون (0.58),واژه‌ی جدید
را محرز,72,69,role,مکره (0.55),واژه‌ی جدید
مورد تأیید,73,69,action,تأیید (0.90),alias پیشنهادی برای «تأیید»
مشترک از,80,69,concept,فصل مشترک (0.73),واژه‌ی جدید
فعل,113,68,action,تصرف (0.75),واژه‌ی جدید
به عبارت,75,68,principle,لحاظ (0.71),واژه‌ی جدید
زوجه صادر,82,68,concept,طلاق (0.61),واژه‌ی جدید
عنوان وکیل,88,68,role,وکیل (0.81),واژه‌ی جدید
ناحیه خواهان,77,68,object,طلب (0.63),واژه‌ی جدید
مستوجب نقض,70,68,action,نقض (0.83),واژه‌ی جدید
محل سکونت,110,68,object,محل (0.76),واژه‌ی جدید
موضوعی,98,68,concept,خارج از موضوع (0.68),واژه‌ی جدید
مطالبات,116,68,object,طلب (0.75),واژه‌ی جدید
به خانم,88,68,object,موصى به (0.69),واژه‌ی جدید
از ان,106,68,role,اهل (0.61),واژه‌ی جدید
قانع کننده,68,68,action,تأیید (0.71),واژه‌ی جدید
قانونی می,73,68,principle,قانونی (0.87),واژه‌ی جدید
دفاع از,81,68,action,دفاع (0.84),واژه‌ی جدید
منقوض ارجاع,77,68,action,ارجاع (0.75),واژه‌ی جدید
از ثبت,77,68,action,ثبت (0.85),واژه‌ی جدید
زوج که,78,68,concept,ازدواج (0.64),واژه‌ی جدید
نظام,101,68,concept,نظام اقتصادی (0.82),واژه‌ی جدید
خطاب,117,68,role,مخاطب (0.66),واژه‌ی جدید
سال حبس,133,68,concept,میزان مجازات (0.80),واژه‌ی جدید
که ملک,95,68,object,فرع ملک (0.61),واژه‌ی جدید
مالکیت رسمی,78,68,concept,مالکیت (0.83),واژه‌ی جدید
اقتصادی,90,68,concept,وضعیت اقتصادی (0.74),واژه‌ی جدید
تجدیدنظرخواه با,71,68,concept,تجدیدنظر (0.82),واژه‌ی جدید
مبلغی,89,68,concept,برخورداری (0.61),واژه‌ی جدید
تجدیدنظرخواهی وارد,68,68,concept,تجدیدنظر (0.84),واژه‌ی جدید
تجدیدنظرخواه مبنی,69,68,concept,تجدیدنظر (0.80),واژه‌ی جدید
قائم مقام,92,68,role,مقام قضائی (0.73),واژه‌ی جدید
نه تنها,73,68,concept,خارج از موضوع (0.60),واژه‌ی جدید
پرداخت ثمن,97,68,object,ثمن (0.78),واژه‌ی جدید
سیفی,73,68,concept,سیفه (0.81),واژه‌ی جدید
شده دادگاه,118,68,action,ورود به دادگاه (0.78),واژه‌ی جدید
کاملاً,85,68,concept,کامل (0.74),واژه‌ی جدید
ادعای وکیل,72,68,role,وکیل (0.76),واژه‌ی جدید
بدوی با,68,68,role,بایع (0.58),واژه‌ی جدید
متناسب,94,68,concept,التزام (0.63),واژه‌ی جدید
اطلاعی,95,68,action,استعلام (0.71),واژه‌ی جدید
زوج نسبت,96,68,concept,نسبت (0.78),واژه‌ی جدید
قانونی معرفی,94,68,principle,قانونی (0.77),واژه‌ی جدید
گردد،,77,68,action,رجوع (0.63),واژه‌ی جدید
وجود علقه,71,68,concept,نفقه (0.71),واژه‌ی جدید
ظاهر,87,68,concept,ظاهر حقوقی (0.83),واژه‌ی جدید
رونوشت سند,74,68,object,سند (0.79),واژه‌ی جدید
بودن آن,76,68,concept,صالح بودن (0.67),واژه‌ی جدید
انتقال رسمی,111,68,action,نقل و انتقال (0.68),واژه‌ی جدید
حال آنکه,74,68,principle,فقط در صورتی که (0.64),واژه‌ی جدید
گردیده است،,70,68,role,موقوف علیه (0.62),واژه‌ی جدید
صادر می‌نماید,90,68,role,صادرکننده (0.73),واژه‌ی جدید
بیگدلی,68,68,role,بزهکار (0.58),واژه‌ی جدید
جوابیه,83,67,action,رد (0.75),واژه‌ی جدید
ششدانگ,104,67,concept,اشاعه (0.50),واژه‌ی جدید
تودیع,86,67,action,تسهیم (0.63),واژه‌ی جدید
سازش جهت,127,67,action,سازش (0.82),واژه‌ی جدید
دادگاه جهت,74,67,concept,نظر دادگاه (0.66),واژه‌ی جدید
چگونگی,89,67,action,نحوه رسیدگی (0.70),واژه‌ی جدید
خسارت ناشی,117,67,concept,خسارت (0.92),alias پیشنهادی برای «خسارت»
اختلاف در,98,67,concept,اختلاف (0.94),alias پیشنهادی برای «اختلاف»
مکرر,90,67,action,یادآوری (0.63),واژه‌ی جدید
قید گردیده,70,67,action,وضع قید (0.78),واژه‌ی جدید
ظاهراً,95,67,object,ظاهر حکم (0.68),واژه‌ی جدید
محترم دادگاه,69,67,role,رئیس دادگاه (0.74),واژه‌ی جدید
جهت ادامه,71,67,object,موصى به (0.66),واژه‌ی جدید
هشتاد,106,67,concept,عده (0.55),واژه‌ی جدید
حبس تعزیری,133,67,concept,حبس (0.83),واژه‌ی جدید
واصل,79,67,concept,موقوف (0.61),واژه‌ی جدید
دهند,74,67,action,بذل (0.66),واژه‌ی جدید
وجه چک,163,67,object,چک (0.79),واژه‌ی جدید
به ردّ,94,67,action,رد (0.81),واژه‌ی جدید
اقساط,142,67,concept,قرض (0.71),واژه‌ی جدید
دفاعیات خوانده,72,67,object,دفاعیات (0.82),واژه‌ی جدید
خوانده می,72,67,action,گذراندن (0.64),واژه‌ی جدید
تحویل مبیع,164,67,action,تحویل حکم (0.74),واژه‌ی جدید
توضیحات طرفین,68,67,action,طی تفاهم (0.63),واژه‌ی جدید
ادای,82,67,role,اجیر (0.65),واژه‌ی جدید
طولانی,84,67,concept,طولانی شدن دادرسی (0.66),واژه‌ی جدید
واسطه,77,67,role,واسطه حقوقی (0.86),واژه‌ی جدید
زوجین به,75,67,concept,ازدواج (0.66),واژه‌ی جدید
مشارٌالیه,78,67,role,متعهدله (0.64),واژه‌ی جدید
اعلام وکالت,77,67,object,عقد وکالت (0.79),واژه‌ی جدید
جامع محتویات,69,67,action,جمع‌بندی (0.56),واژه‌ی جدید
مدرکی که,70,67,object,مدرک (0.81),واژه‌ی جدید
فرجام‌خواسته,128,67,action,فرجام (0.73),واژه‌ی جدید
از شرایط,76,67,concept,طی شرایط خاص (0.73),واژه‌ی جدید
رای حضوری,67,66,object,رای غیابی (0.78),واژه‌ی جدید
حق زوجه,90,66,concept,حق نسق (0.72),واژه‌ی جدید
کشور جهت,69,66,concept,جهت‌گیری (0.63),واژه‌ی جدید
شرط مذکور,107,66,concept,شرط (0.81),واژه‌ی جدید
نهم,107,66,object,نام (0.55),واژه‌ی جدید
را ارائه,69,66,action,پیشنهاد (0.77),واژه‌ی جدید
نامبرده را,74,66,role,موقوف علیه (0.68),واژه‌ی جدید
را محمول,66,66,concept,محمول (0.82),واژه‌ی جدید
از خواندگان,103,66,role,اصحاب دعوی (0.59),واژه‌ی جدید
متکی به,74,66,role,وابسته (0.78),واژه‌ی جدید
خصوص تجدید,69,66,action,تجدید نظر (0.77),واژه‌ی جدید
ارسال شده,77,66,action,رسیدگی (0.67),واژه‌ی جدید
داور زوج,76,66,action,داوری (0.69),واژه‌ی جدید
صفحات,144,66,principle,قوانین (0.65),واژه‌ی جدید
به نسبت,82,66,concept,نسبت (0.87),alias پیشنهادی برای «نسبت»
تهران میباشد,71,66,object,یادداشت (0.58),واژه‌ی جدید
اتومبیل,168,66,object,وسائل نقلیه (0.76),واژه‌ی جدید
مجرد,83,66,concept,بلاتکلیفی (0.61),واژه‌ی جدید
خصوص دعوای,78,66,role,اصحاب دعوی (0.71),واژه‌ی جدید
جلسه اول,78,66,object,جلسه (0.79),واژه‌ی جدید
در ارتباط,90,66,action,طی تفاهم (0.68),واژه‌ی جدید
متقابل,107,66,role,متبایع (0.65),واژه‌ی جدید
انعکاس,77,66,action,رد (0.63),واژه‌ی جدید
طرفین با,75,66,action,طی تفاهم (0.67),واژه‌ی جدید
وجه التزام,225,66,concept,التزام (0.83),واژه‌ی جدید
گوید,87,66,concept,ادعا (0.67),واژه‌ی جدید
می گوید,87,66,concept,شخص (0.70),واژه‌ی جدید
تقاضای نقض,74,66,action,نقض (0.83),واژه‌ی جدید
زوجه نسبت,87,66,concept,نسبت خانوادگی (0.66),واژه‌ی جدید
مورد حکم,102,66,object,حکم (0.84),واژه‌ی جدید
مدللی که,66,66,object,نمونه (0.69),واژه‌ی جدید
وجود داشته,75,66,concept,قانونی بودن (0.64),واژه‌ی جدید
نبود,83,66,concept,نبود صلاحیت (0.76),واژه‌ی جدید
ریاست محترم,83,66,role,رئیس دادگاه (0.68),واژه‌ی جدید
دقت,71,66,principle,احتیاط (0.80),واژه‌ی جدید
بپردازد,79,66,action,پرداخت (0.86),واژه‌ی جدید
خواهم,89,66,concept,تمایل (0.57),واژه‌ی جدید
واقع نشده,77,66,action,عدم حضور (0.68),واژه‌ی جدید
با قبول,69,66,action,پذیرش (0.78),واژه‌ی جدید
دانگ پلاک,114,66,object,پلاک (0.75),واژه‌ی جدید
به مفهوم,68,66,principle,طبق قانون (0.65),واژه‌ی جدید
ساخته,84,66,action,تأسیس (0.66),واژه‌ی جدید
حرج زوجه,121,66,concept,عسر و حرج (0.70),واژه‌ی جدید
خاطر,85,66,action,یادآوری (0.66),واژه‌ی جدید
حکم دادگاه,84,66,concept,نظر دادگاه (0.86),واژه‌ی جدید
که من,95,66,object,یادداشت (0.57),واژه‌ی جدید
به دو,81,66,object,موصى به (0.63),واژه‌ی جدید
در پرداخت,95,66,action,پرداخت (0.86),واژه‌ی جدید
اسلامشهر,138,66,object,بنیاد شهید (0.49),واژه‌ی جدید
جلسه داده,87,65,object,جلسه (0.84),واژه‌ی جدید
تایید نموده,69,65,action,تأیید (0.87),واژه‌ی جدید
دوست,91,65,object,یادداشت (0.67),واژه‌ی جدید
منزل مسکونی,101,65,concept,شخص (0.64),واژه‌ی جدید
مهلت مقرر,89,65,concept,زمان طرح دعوی (0.71),واژه‌ی جدید
نکاح دائم,98,65,concept,نکاح (0.75),واژه‌ی جدید
خوانده خانم,88,65,action,فراخواندن (0.60),واژه‌ی جدید
مورد تجدیدنظرخواهی,71,65,concept,قابل تجدیدنظر (0.87),واژه‌ی جدید
شده توسط,73,65,role,نویسنده (0.65),واژه‌ی جدید
فوق الاشعار,70,65,concept,خارج از قلمرو (0.61),واژه‌ی جدید
وقت مقرر,109,65,concept,زمان اجرا (0.73),واژه‌ی جدید
حقوقی دادگستری,72,65,role,واحد دادگستری (0.74),واژه‌ی جدید
تصاویر,80,65,object,تصویر (0.83),واژه‌ی جدید
وکیل پایه,83,65,role,وکیل (0.74),واژه‌ی جدید
همین اساس,71,65,concept,سبب (0.64),واژه‌ی جدید
به دادگستری,74,65,role,واحد دادگستری (0.74),واژه‌ی جدید
صدرالذکر,71,65,action,ذکر (0.62),واژه‌ی جدید
جنبه,102,65,principle,لحاظ (0.72),واژه‌ی جدید
نرخ روز,124,65,concept,اجرت (0.65),واژه‌ی جدید
از تعرض,67,65,concept,تعدی (0.73),واژه‌ی جدید
قانون اجرای,87,65,principle,مقررات اجرائی (0.70),واژه‌ی جدید
می توانند,76,65,concept,قابل اجرا بودن (0.65),واژه‌ی جدید
به دفاعیات,67,65,object,دفاعیات (0.87),واژه‌ی جدید
محمود,75,65,role,مودع (0.57),واژه‌ی جدید
است ثانیاً,74,65,concept,قابل تجدیدنظر (0.61),واژه‌ی جدید
کردیم,103,65,action,گام (0.58),واژه‌ی جدید
بعضی,82,65,concept,عده (0.72),واژه‌ی جدید
ده میلیون,100,65,role,مدیون (0.55),واژه‌ی جدید
درمان,161,65,action,علاج (0.94),alias پیشنهادی برای «علاج»
اثری,71,65,action,همکاری (0.58),واژه‌ی جدید
مشروح,72,65,role,مضمون (0.72),واژه‌ی جدید
حضور طرفین,83,65,action,عدم حضور (0.72),واژه‌ی جدید
زوجه است,74,65,concept,نفقه (0.64),واژه‌ی جدید
حکم در,67,65,object,حکم (0.86),واژه‌ی جدید
نقد,80,65,action,ارزیابی (0.66),واژه‌ی جدید
نکته,85,65,concept,نکته حقوقی (0.88),alias پیشنهادی برای «نکته حقوقی»
استقرار,90,65,principle,ثبات (0.83),واژه‌ی جدید
نص,73,65,role,مضمون (0.72),واژه‌ی جدید
دفاع اظهار,69,65,action,دفاع (0.81),واژه‌ی جدید
تواند از,71,65,object,منقول (0.57),واژه‌ی جدید
ریال هزینه,74,65,object,هزینه (0.77),واژه‌ی جدید
لهذا دادگاه,69,65,action,ورود به دادگاه (0.70),واژه‌ی جدید
اصلی واقع,85,65,concept,اصیل (0.69),واژه‌ی جدید
در حدی,69,65,concept,حد (0.76),واژه‌ی جدید
فوق‌الذکر,79,65,concept,خارج از موضوع (0.68),واژه‌ی جدید
جعفر,77,65,role,جد (0.52),واژه‌ی جدید
صحیح می,66,65,role,صاحب‌حق (0.69),واژه‌ی جدید
بیان شده,77,64,action,یادآوری (0.68),واژه‌ی جدید
نفقه ایام,146,64,concept,نفقه (0.73),واژه‌ی جدید
مقرر قانونی,81,64,principle,قانونی (0.72),واژه‌ی جدید
به شهادت,72,64,action,شهادت (0.82),واژه‌ی جدید
انقضاء,100,64,concept,تلف (0.70),واژه‌ی جدید
از بانک,89,64,object,بانک (0.78),واژه‌ی جدید
به مقررات,71,64,action,وضع مقررات (0.79),واژه‌ی جدید
به اعتراض,85,64,action,اعتراض (0.94),alias پیشنهادی برای «اعتراض»
زده,84,64,concept,عوض (0.64),واژه‌ی جدید
صادر نشده,68,64,object,غير منقول (0.64),واژه‌ی جدید
منصرف از,68,64,action,خودداری (0.70),واژه‌ی جدید
خواندگان در,77,64,role,اصحاب دعوی (0.61),واژه‌ی جدید
در طلاق,102,64,concept,طلاق (0.84),واژه‌ی جدید
ضمیمه پرونده,81,64,object,پیوست‌نامه (0.74),واژه‌ی جدید
نقض قرار,66,64,action,نقض (0.83),واژه‌ی جدید
ضربه,155,64,concept,خسارت (0.67),واژه‌ی جدید
با ارائه,80,64,action,پیشنهاد (0.73),واژه‌ی جدید
ممنوع,100,64,principle,ممنوعیت (0.86),واژه‌ی جدید
اعلام میدارد,76,64,object,اعلامیه حراج (0.68),واژه‌ی جدید
ازابلاغ,65,64,action,ازله (0.63),واژه‌ی جدید
موضوع از,64,64,concept,خارج از موضوع (0.73),واژه‌ی جدید
فلذا با,66,64,object,موصى به (0.60),واژه‌ی جدید
چهارم دادگاه,97,64,concept,ادله اربعه (0.61),واژه‌ی جدید
تومان از,86,64,object,واحد پول (0.62),واژه‌ی جدید
احتمالی,83,64,concept,مظنه (0.74),واژه‌ی جدید
به دفتر,73,64,object,دفترخانه (0.75),واژه‌ی جدید
به اعلام,80,64,action,اعلام ورشکستگی (0.69),واژه‌ی جدید
زوجه اظهار,85,64,action,تحریر اظهارات (0.64),واژه‌ی جدید
تعرفه در,69,64,object,تعرفه (0.77),واژه‌ی جدید
اینکه دادگاه,66,64,concept,نظر دادگاه (0.77),واژه‌ی جدید
جری,66,64,concept,حق المجری (0.58),واژه‌ی جدید
انحلال,120,64,action,جداسازی (0.64),واژه‌ی جدید
بر طبق,74,64,principle,طبق قانون (0.83),واژه‌ی جدید
به ماده,65,64,action,طی ماده قانونی (0.67),واژه‌ی جدید
برادر,93,64,role,جد (0.59),واژه‌ی جدید
که عقد,81,64,concept,عقد (0.76),واژه‌ی جدید
وی می,66,64,object,موصى به (0.61),واژه‌ی جدید
خصوصاً,68,64,concept,طی شرایط خاص (0.67),واژه‌ی جدید
دادنامه معترضٌ,71,64,action,اعتراض (0.75),واژه‌ی جدید
تولد,166,64,role,کودک (0.67),واژه‌ی جدید
به خلع,110,64,action,خلع ید (0.69),واژه‌ی جدید
عدول,82,64,concept,عدوان (0.81),واژه‌ی جدید
بابت نفقه,98,64,concept,نفقه (0.83),واژه‌ی جدید
دانگ مشاع,128,64,object,مشاع (0.78),واژه‌ی جدید
آمادگی,86,64,object,هزینه‌های آماده‌سازی (0.68),واژه‌ی جدید
رای شعبه,70,63,object,رای مشورتی (0.80),واژه‌ی جدید
نمودم,83,63,action,تصرف (0.60),واژه‌ی جدید
نمایم,87,63,object,نام (0.63),واژه‌ی جدید
البین,70,63,object,عین (0.63),واژه‌ی جدید
ثبت طلاق,95,63,concept,طلاق (0.85),واژه‌ی جدید
بنابراین دادنامه,63,63,concept,دادرسی (0.66),واژه‌ی جدید
انان,112,63,object,اعیان (0.61),واژه‌ی جدید
زیرا اولا,66,63,concept,علت (0.63),واژه‌ی جدید
نمی رسد,68,63,concept,بی‌کفایتی (0.68),واژه‌ی جدید
مطلق,89,63,role,مطلقه (0.83),واژه‌ی جدید
از خواسته,76,63,object,طلب (0.75),واژه‌ی جدید
به دستور,88,63,object,دستور (0.74),واژه‌ی جدید
ابلاغ به,74,63,action,استعلام (0.70),واژه‌ی جدید
خواهان اصلی,135,63,role,اصحاب دعوی (0.72),واژه‌ی جدید
حسب اظهارات,67,63,principle,طبق قانون (0.69),واژه‌ی جدید
قرارداد به,73,63,object,قرارداد (0.87),alias پیشنهادی برای «قرارداد»
به بانک,104,63,object,بانک (0.78),واژه‌ی جدید
دادگاه حضوری,64,63,action,ورود به دادگاه (0.75),واژه‌ی جدید
آن نمی,65,63,concept,غیرمستقل (0.59),واژه‌ی جدید
دفتر ازدواج,70,63,object,دفتر اسناد رسمی (0.77),واژه‌ی جدید
به اداره,98,63,principle,طبق قانون (0.72),واژه‌ی جدید
قرار گرفت,70,63,action,وضع (0.73),واژه‌ی جدید
ایرانی,160,63,role,نویسنده (0.63),واژه‌ی جدید
فصل,85,63,concept,فصل مشترک (0.79),واژه‌ی جدید
که طرفین,71,63,action,طی تفاهم (0.66),واژه‌ی جدید
خیابان,100,63,object,شوارع (0.80),واژه‌ی جدید
صادره نسبت,65,63,object,نسبت‌نامه (0.69),واژه‌ی جدید
قانون یاد,68,63,object,قانون (0.67),واژه‌ی جدید
تعهد به,78,63,concept,تعهد (0.93),alias پیشنهادی برای «تعهد»
هایی,78,63,role,اهل (0.62),واژه‌ی جدید
هذا دادگاه,65,63,action,ورود به دادگاه (0.76),واژه‌ی جدید
بتواند,73,63,concept,مظنه (0.63),واژه‌ی جدید
نظر گرفتن,68,63,concept,تصمیم‌گیری (0.74),واژه‌ی جدید
الذکر قطعی,63,63,concept,احکام قطعی (0.73),واژه‌ی جدید
معرفی کرده,70,63,action,پیشنهاد (0.74),واژه‌ی جدید
به تهیه,86,63,action,گرفتن (0.68),واژه‌ی جدید
وکیل ایشان,70,63,role,وکیل (0.74),واژه‌ی جدید
نزاع,103,63,concept,تنازع (0.80),واژه‌ی جدید
آنان در,67,63,role,اهل (0.59),واژه‌ی جدید
مشاع از,115,63,object,مشاع (0.86),واژه‌ی جدید
بلا,83,63,object,بلاک (0.73),واژه‌ی جدید
پرداخت مهریه,103,63,action,پرداخت (0.69),واژه‌ی جدید
مخالفتی,65,63,concept,مخالف (0.86),واژه‌ی جدید
مندرجات آن,65,63,concept,واجد شرایط (0.51),واژه‌ی جدید
باکره,184,63,object,بیعانه (0.57),واژه‌ی جدید
نکاحیه شماره,68,63,concept,نکاح (0.75),واژه‌ی جدید
ازدواج با,82,63,concept,ازدواج (0.84),واژه‌ی جدید
می‌باشد،,85,63,principle,طبق قانون (0.64),واژه‌ی جدید
هفتاد,87,63,object,هفتگی (0.68),واژه‌ی جدید
از دفتر,68,63,object,دفترخانه (0.76),واژه‌ی جدید
زوج می,73,63,concept,ازدواج (0.63),واژه‌ی جدید
العقد,147,63,concept,عقد (0.84),واژه‌ی جدید
سجلی,172,63,action,ثبت (0.74),واژه‌ی جدید
دستمزد,97,62,concept,اجرت (0.79),واژه‌ی جدید
ایام عده,145,62,concept,عده (0.81),واژه‌ی جدید
اصلاح ذات,69,62,action,اصلاح ذات‌البین (0.86),واژه‌ی جدید
زوج بوده,67,62,concept,ازدواج (0.69),واژه‌ی جدید
مرحله بدوی,68,62,concept,روند دادرسی (0.55),واژه‌ی جدید
که بدون,67,62,concept,غیرمستقل (0.62),واژه‌ی جدید
دادنامه فرجامخواسته,90,62,object,دادخواست (0.69),واژه‌ی جدید
مابه,94,62,object,موهوبه (0.71),واژه‌ی جدید
التفاوت,103,62,concept,تمایز (0.78),واژه‌ی جدید
اعلامی از,70,62,object,اعلامیه حراج (0.71),واژه‌ی جدید
نماید در,67,62,principle,لحاظ (0.64),واژه‌ی جدید
ومواد,66,62,object,عقار (0.66),واژه‌ی جدید
اول از,72,62,concept,خارج از موضوع (0.57),واژه‌ی جدید
اینکه طبق,64,62,principle,طبق قانون (0.85),واژه‌ی جدید
بدان,75,62,concept,عرف (0.59),واژه‌ی جدید
بدوی اعاده,65,62,action,اعاده حیثیت (0.71),واژه‌ی جدید
الله,71,62,concept,دین (0.61),واژه‌ی جدید
اختلاف به,70,62,concept,اختلاف (0.93),alias پیشنهادی برای «اختلاف»
را مسترد,69,62,action,انکار (0.76),واژه‌ی جدید
مدرک قانع,62,62,object,مدرک (0.75),واژه‌ی جدید
نکرده اند,74,62,concept,غیرمستند (0.64),واژه‌ی جدید
اند،,88,62,role,اهل (0.60),واژه‌ی جدید
قانونی خود,73,62,principle,قانونی (0.84),واژه‌ی جدید
اعطای,76,62,action,حصول (0.78),واژه‌ی جدید
در حدود,81,62,action,تعیین حدود (0.72),واژه‌ی جدید
پرونده حاضر,72,62,object,پرونده (0.82),واژه‌ی جدید
معاونت,157,62,action,پشتیبانی (0.66),واژه‌ی جدید
مشروع,86,62,concept,مشروعیت (0.72),واژه‌ی جدید
دولتی,104,62,role,دولت (0.84),واژه‌ی جدید
موضوع رسیدگی,73,62,action,رسیدگی (0.91),alias پیشنهادی برای «رسیدگی»
پرداخت کرده,75,62,action,پرداخت (0.85),واژه‌ی جدید
دادنامه غیابی,86,62,concept,غیابی (0.76),واژه‌ی جدید
دعوا صادر,76,62,object,دادخواست (0.73),واژه‌ی جدید
استان می,65,62,role,شهرداری (0.56),واژه‌ی جدید
قابل طرح,73,62,concept,قابل اجرا بودن (0.76),واژه‌ی جدید
مال غیر,95,62,action,فروش مال غیر (0.84),واژه‌ی جدید
دیده,102,62,role,بزه‌دیده (0.71),واژه‌ی جدید
که دادنامه,68,62,concept,دادرسی (0.68),واژه‌ی جدید
در محتویات,65,62,role,مضمون (0.66),واژه‌ی جدید
در موعد,83,62,principle,طبق قانون (0.68),واژه‌ی جدید
اظهار می,116,62,object,اظهارنامه (0.79),واژه‌ی جدید
دانگ از,111,62,role,ديان (0.53),واژه‌ی جدید
اشاره به,70,62,action,ارجاع (0.74),واژه‌ی جدید
مسموع,71,62,action,گوش به زنگ بودن (0.69),واژه‌ی جدید
الزام زوج,88,62,action,الزام (0.74),واژه‌ی جدید
مخالف قانون,65,62,concept,خلاف قانونی (0.87),alias پیشنهادی برای «خلاف قانونی»
دادند,81,62,action,پرداخت (0.69),واژه‌ی جدید
خواهان مدعی,70,62,role,مدعی (0.85),واژه‌ی جدید
شعبه هفتم,113,62,object,شعبه دادگاه (0.70),واژه‌ی جدید
ماشین,146,62,object,وسائل نقلیه (0.74),واژه‌ی جدید
کارهایی,93,62,object,شغل (0.65),واژه‌ی جدید
از شهود,82,62,object,شواهد (0.75),واژه‌ی جدید
دانستن اعتراض,62,62,action,اعتراض (0.78),واژه‌ی جدید
الزام زوجه,79,62,role,متهم (0.63),واژه‌ی جدید
پایه یک,77,62,object,واحد پول (0.61),واژه‌ی جدید
قانونی را,72,62,principle,قانونی (0.85),واژه‌ی جدید
دلائل موجود,62,62,object,دلایل توجیهی (0.83),واژه‌ی جدید
عمومی جزایی,92,61,principle,حقوق عمومی (0.66),واژه‌ی جدید
جهت تعیین,71,61,concept,حق تعیین (0.70),واژه‌ی جدید
درخواست اعاده,134,61,action,استرداد (0.79),واژه‌ی جدید
همسرش خانم,62,61,concept,شخص (0.63),واژه‌ی جدید
رسیدگی مورخ,69,61,action,رسیدگی (0.85),واژه‌ی جدید
می کنم,86,61,action,پیشنهاد (0.66),واژه‌ی جدید
دفاتر رسمی,69,61,object,دفتر اسناد رسمی (0.79),واژه‌ی جدید
پرداخت حق,78,61,action,پرداخت (0.84),واژه‌ی جدید
در ان,92,61,principle,طبق قانون (0.62),واژه‌ی جدید
طرفیت اقای,71,61,action,پشتیبانی (0.65),واژه‌ی جدید
بین خواهان,69,61,role,اصحاب دعوی (0.65),واژه‌ی جدید
تحقیق از,77,61,action,پژوهش (0.69),واژه‌ی جدید
از استماع,74,61,action,گوش به زنگ بودن (0.74),واژه‌ی جدید
در برگ,123,61,object,یادداشت (0.60),واژه‌ی جدید
تأکید,69,61,action,تأیید (0.68),واژه‌ی جدید
بلاوجه,68,61,concept,بلاعوض (0.70),واژه‌ی جدید
ابرازی صحیحاً,61,61,action,خوداظهاری (0.70),واژه‌ی جدید
گردد لذا,64,61,concept,سبب (0.59),واژه‌ی جدید
ثانی,70,61,role,ثالث (0.61),واژه‌ی جدید
مالکیت خواهان,87,61,concept,مالکیت (0.77),واژه‌ی جدید
دعوی تقابل,170,61,action,اقامه دعوی (0.76),واژه‌ی جدید
موکل از,75,61,role,متهم (0.71),واژه‌ی جدید
پیرو,65,61,role,پیک (0.54),واژه‌ی جدید
دادنامه مزبور,66,61,role,متهم (0.67),واژه‌ی جدید
دادسرا,91,61,concept,دادرسی (0.82),واژه‌ی جدید
شرحی,68,61,action,گزارش‌گیری (0.62),واژه‌ی جدید
خطاب به,107,61,action,طی نامه (0.66),واژه‌ی جدید
معامله در,81,61,object,معامله (0.88),alias پیشنهادی برای «معامله»
صادق,66,61,concept,صادق بودن (0.76),واژه‌ی جدید
برابر مقررات,71,61,action,وضع مقررات (0.69),واژه‌ی جدید
ترافع,90,61,concept,ترصيف (0.71),واژه‌ی جدید
خوانده بوده,66,61,action,گوش به زنگ بودن (0.66),واژه‌ی جدید
دعوی اصلی,135,61,concept,دعوی (0.81),واژه‌ی جدید
اجاره نامه,120,61,object,عقد اجاره (0.83),واژه‌ی جدید
در تبصره,79,61,object,تبصره (0.91),alias پیشنهادی برای «تبصره»
باشم,77,61,concept,ذمه (0.58),واژه‌ی جدید
واقعه,113,61,object,قضیه (0.75),واژه‌ی جدید
دارا,68,61,concept,زنا (0.56),واژه‌ی جدید
از ملک,97,61,object,فرع ملک (0.69),واژه‌ی جدید
جزء پلاک,91,61,object,پلاک (0.81),واژه‌ی جدید
منعقده,77,61,object,موقوفه (0.64),واژه‌ی جدید
ریال وجه,87,61,object,وجه (0.69),واژه‌ی جدید
اقامه شده,75,61,action,اقامه دعوی (0.75),واژه‌ی جدید
دادگاه می,66,61,role,رئیس دادگاه (0.66),واژه‌ی جدید
داور زوجه,72,61,action,داوری (0.65),واژه‌ی جدید
دادگاه دادنامه,64,61,concept,دادرسی (0.75),واژه‌ی جدید
ملک موصوف,74,61,role,موصی (0.65),واژه‌ی جدید
رد تجدیدنظر,62,61,concept,تجدیدنظر (0.86),واژه‌ی جدید
سه میلیون,97,61,concept,ثلث (0.65),واژه‌ی جدید
مدلول دادنامه,61,61,object,وکالت‌نامه (0.66),واژه‌ی جدید
در مجموع,68,61,principle,طبق قانون (0.64),واژه‌ی جدید
حالت,90,61,action,وضع (0.70),واژه‌ی جدید
طرفیت همسرش,62,61,concept,نفقه (0.59),واژه‌ی جدید
مذکور ضمن,62,61,action,طی آگهی (0.68),واژه‌ی جدید
شرعاً,87,61,principle,طبق قانون (0.79),واژه‌ی جدید
منزل را,82,60,action,ورود به ملک (0.63),واژه‌ی جدید
ذات البین,67,60,action,اصلاح ذات‌البین (0.75),واژه‌ی جدید
در یکی,73,60,concept,طی شرایط خاص (0.64),واژه‌ی جدید
قانونی تشخیص,61,60,principle,قانونی (0.77),واژه‌ی جدید
تکذیب,68,60,action,نشر اکاذیب (0.77),واژه‌ی جدید
دقیق,71,60,action,جدیت (0.65),واژه‌ی جدید
حضور نیافته,64,60,action,عدم حضور (0.83),واژه‌ی جدید
سررسید,123,60,object,قبض رسید (0.71),واژه‌ی جدید
خور,66,60,role,مالک (0.60),واژه‌ی جدید
در مطالبه,72,60,object,طلب (0.72),واژه‌ی جدید
احتساب هزینه,68,60,object,هزینه (0.82),واژه‌ی جدید
حق تجدیدنظرخوانده,60,60,concept,تجدیدنظر (0.81),واژه‌ی جدید
به تجدیدنظرخوانده,67,60,concept,تجدیدنظر (0.85),واژه‌ی جدید
فعلاً,76,60,concept,صادق بودن (0.65),واژه‌ی جدید
برابر دادنامه,83,60,action,طی روند دادرسی (0.71),واژه‌ی جدید
به شخص,71,60,concept,شخص (0.90),alias پیشنهادی برای «شخص»
سوی دیگر,67,60,role,بی‌طرف (0.60),واژه‌ی جدید
به صلاحیت,87,60,concept,صلاحیت (0.88),alias پیشنهادی برای «صلاحیت»
رعایت تشریفات,61,60,principle,رعایت قانون (0.78),واژه‌ی جدید
دادرس شعبه,65,60,object,شعبه دادگاه (0.74),واژه‌ی جدید
آتی,66,60,object,اعیانی (0.64),واژه‌ی جدید
مجری,69,60,role,مجری حکم (0.73),واژه‌ی جدید
خواسته که,70,60,object,طلب (0.70),واژه‌ی جدید
با پرداخت,68,60,action,پرداخت (0.86),واژه‌ی جدید
با ارسال,63,60,action,طی نامه (0.69),واژه‌ی جدید
تخریب,119,60,concept,خسارت (0.79),واژه‌ی جدید
شلاق,121,60,concept,خشونت (0.68),واژه‌ی جدید
مستقر,79,60,principle,ثبات (0.76),واژه‌ی جدید
ملک مذکور,70,60,concept,شخص (0.62),واژه‌ی جدید
ان در,78,60,principle,طبق قانون (0.59),واژه‌ی جدید
دادگاه قطعی,61,60,concept,احکام قطعی (0.84),واژه‌ی جدید
واز,66,60,concept,زور (0.63),واژه‌ی جدید
ازابلاغ قابل,61,60,action,استعلام (0.63),واژه‌ی جدید
به بررسی,60,60,action,بررسی (0.88),alias پیشنهادی برای «بررسی»
هـ,97,60,concept,هبه (0.79),واژه‌ی جدید
که دعوی,63,60,concept,دعوی (0.79),واژه‌ی جدید
مشتمل,67,60,role,مضمون (0.62),واژه‌ی جدید
مستنداٌ,79,60,object,مستندات (0.74),واژه‌ی جدید
اجرای آن,68,60,concept,قابل اجرا بودن (0.73),واژه‌ی جدید
قبال طلاق,99,60,concept,طلاق (0.76),واژه‌ی جدید
سوی وکیل,77,60,role,وکیل (0.83),واژه‌ی جدید
مذکور که,68,60,principle,لحاظ (0.63),واژه‌ی جدید
تهران خواهد,64,60,concept,تمایل (0.59),واژه‌ی جدید
محکومیت به,71,60,concept,به‌محکومیت (0.94),alias پیشنهادی برای «به‌محکومیت»
مدارکی,69,60,object,مدرک (0.73),واژه‌ی جدید
مدعی شده,66,60,role,مدعی (0.86),واژه‌ی جدید
پیش گفته,72,60,action,پیش‌گویی (0.77),واژه‌ی جدید
پنجم دادگاه,107,60,concept,خمس (0.66),واژه‌ی جدید
اینکه اولاً,61,60,principle,پیش‌فرض (0.61),واژه‌ی جدید
کرده ام,73,60,object,یادداشت (0.57),واژه‌ی جدید
نخواهد داشت,69,60,action,عدم حضور (0.66),واژه‌ی جدید
فک,176,60,action,فک رهن (0.78),واژه‌ی جدید
خوانده که,64,60,role,موصی له (0.61),واژه‌ی جدید
متوفی,175,60,concept,موقوف (0.69),واژه‌ی جدید
امام,83,60,object,وام (0.64),واژه‌ی جدید
ملک در,73,60,action,ورود به ملک (0.77),واژه‌ی جدید
اشکال صادر,60,60,concept,نقص (0.66),واژه‌ی جدید
برگشت,117,60,action,بازیابی (0.69),واژه‌ی جدید
رأی ظرف,61,60,object,رأی (0.81),واژه‌ی جدید
مسئله,93,60,object,قضیه (0.79),واژه‌ی جدید
مخدر,200,60,object,عقار (0.75),واژه‌ی جدید
منزلی,68,60,concept,شخص (0.55),واژه‌ی جدید
خسارات وارده,81,59,concept,خسارت وارده (0.91),alias پیشنهادی برای «خسارت وارده»
توجها به,66,59,principle,احتیاط (0.72),واژه‌ی جدید
شناسایی,77,59,action,احراز هویت (0.78),واژه‌ی جدید
پرداخت می,69,59,action,پرداخت (0.87),واژه‌ی جدید
اند در,69,59,role,اهل (0.61),واژه‌ی جدید
که نامبرده,62,59,role,موقوف علیه (0.66),واژه‌ی جدید
وی بوده,68,59,concept,شخص (0.64),واژه‌ی جدید
رسیدگی نموده,68,59,action,رسیدگی (0.88),alias پیشنهادی برای «رسیدگی»
رسیدگی می,63,59,action,رسیدگی (0.89),alias پیشنهادی برای «رسیدگی»
گواهی گواهان,80,59,object,گواهی (0.89),alias پیشنهادی برای «گواهی»
فراهم سازد,60,59,concept,ایجاد تعهد (0.71),واژه‌ی جدید
انضمام کلیه,66,59,object,کلیه (0.69),واژه‌ی جدید
یوسف,66,59,action,عید (0.51),واژه‌ی جدید
طرح در,75,59,action,پیشنهاد (0.63),واژه‌ی جدید
درخواست تجدیدنظر,63,59,concept,تجدیدنظر (0.90),alias پیشنهادی برای «تجدیدنظر»
موجب ان,64,59,concept,سبب (0.78),واژه‌ی جدید
متفاوت,70,59,concept,اختلاف (0.71),واژه‌ی جدید
درحق خواهان,64,59,role,صاحب‌حق (0.74),واژه‌ی جدید
که حکم,66,59,object,حکم (0.78),واژه‌ی جدید
را دریافت,69,59,action,وصول (0.74),واژه‌ی جدید
نمیباشد,76,59,action,نفی (0.67),واژه‌ی جدید
ضمنی,61,59,concept,غیرمستقیم (0.71),واژه‌ی جدید
لیکن در,70,59,role,ولی (0.63),واژه‌ی جدید
صوری,179,59,object,تصویر (0.67),واژه‌ی جدید
هردو,67,59,object,هفتگی (0.55),واژه‌ی جدید
رضایی,61,59,role,قضائیه (0.57),واژه‌ی جدید
مشتمل بر,65,59,role,مضمون (0.68),واژه‌ی جدید
معنای,78,59,concept,تعریف (0.79),واژه‌ی جدید
تمسک,69,59,concept,تملیک (0.74),واژه‌ی جدید
نمی نماید,65,59,concept,غیرمنتفع (0.65),واژه‌ی جدید
مجتبی,63,59,role,قاضی (0.57),واژه‌ی جدید
استمرار,80,59,principle,ثبات (0.67),واژه‌ی جدید
اظهارات وکلای,61,59,concept,نظر کارشناسان حقوقی (0.76),واژه‌ی جدید
کیفیت مطروحه,60,59,action,ارزیابی (0.59),واژه‌ی جدید
اصولاً,70,59,principle,پیش‌فرض (0.66),واژه‌ی جدید
وسایل,78,59,object,لوازم (0.88),alias پیشنهادی برای «لوازم»
خوانده محترم,76,59,role,مخاطب (0.67),واژه‌ی جدید
باطل است,81,59,concept,باطل (0.90),alias پیشنهادی برای «باطل»
رسمی ملک,80,59,action,ورود به ملک (0.66),واژه‌ی جدید
صورت مجلس,90,59,object,صورت‌مجلس تفکیکی (0.75),واژه‌ی جدید
نیز ایراد,59,59,concept,هم‌راهی (0.60),واژه‌ی جدید
خارجی,117,59,concept,خارج از قلمرو (0.70),واژه‌ی جدید
با عدم,76,59,action,عدم حضور (0.71),واژه‌ی جدید
نامه مذکور,74,59,action,طی نامه (0.75),واژه‌ی جدید
الوصف,62,59,action,ارزیابی (0.66),واژه‌ی جدید
در قانون,77,59,principle,طبق قانون (0.84),واژه‌ی جدید
دو ماه,78,59,concept,بلاتکلیفی (0.55),واژه‌ی جدید
درصورتی,68,59,principle,فقط در صورت (0.79),واژه‌ی جدید
فرع,73,59,object,فرع ملک (0.83),واژه‌ی جدید
خلاف آن,64,59,concept,خلاف (0.83),واژه‌ی جدید
اقتضاء,65,59,object,طلب (0.69),واژه‌ی جدید
مواد مخدر,198,59,object,عقار (0.71),واژه‌ی جدید
شعبه ششم,87,59,object,شعبه دادگاه (0.71),واژه‌ی جدید
رسا,60,59,role,راشی (0.59),واژه‌ی جدید
نجفی رسا,60,59,role,شفیع (0.49),واژه‌ی جدید
به کار,88,58,object,شغل (0.68),واژه‌ی جدید
پلیس,117,58,action,گشت پلیس (0.73),واژه‌ی جدید
از طی,67,58,action,طی نامه (0.76),واژه‌ی جدید
مطالبی,77,58,role,مضمون (0.64),واژه‌ی جدید
مغایرتی,65,58,concept,مغایرت (0.92),alias پیشنهادی برای «مغایرت»
رای به,72,58,object,رأی (0.83),واژه‌ی جدید
باشد دادگاه,63,58,action,ورود به دادگاه (0.73),واژه‌ی جدید
حاصل از,77,58,action,حصول (0.68),واژه‌ی جدید
ورشکستگی,317,58,action,اعلام ورشکستگی (0.81),واژه‌ی جدید
خوانده،,67,58,action,گذراندن (0.63),واژه‌ی جدید
معموله,79,58,concept,لازمه (0.61),واژه‌ی جدید
عدم ارائه,62,58,action,عدم حضور (0.82),واژه‌ی جدید
تجدیدنظرخوانده صادر,60,58,object,رای تجدیدنظر (0.77),واژه‌ی جدید
مازاد بر,84,58,concept,زیادتی هزینه‌ها (0.66),واژه‌ی جدید
بگیرد,61,58,action,گرفتن (0.82),واژه‌ی جدید
اند لذا,60,58,concept,سبب (0.61),واژه‌ی جدید
مشارکت در,130,58,concept,مشارکت (0.93),alias پیشنهادی برای «مشارکت»
موکل خود,72,58,concept,شخص (0.71),واژه‌ی جدید
دفاعیات وکیل,61,58,object,دفاعیات (0.88),alias پیشنهادی برای «دفاعیات»
مادرش,95,58,role,والدین (0.69),واژه‌ی جدید
مالی زوجه,86,58,concept,وضعیت مالی (0.69),واژه‌ی جدید
با زوج,73,58,concept,ازدواج (0.67),واژه‌ی جدید
جملگی,69,58,object,هفتگی (0.66),واژه‌ی جدید
در حین,72,58,action,طی روند دادرسی (0.81),واژه‌ی جدید
بوده به,58,58,principle,لحاظ (0.59),واژه‌ی جدید
دادگاه اعتراض,61,58,concept,حق اعتراض (0.83),واژه‌ی جدید
مستأجر,186,58,object,عقد اجاره (0.71),واژه‌ی جدید
راضی,72,58,action,رد (0.63),واژه‌ی جدید
عرصه,136,58,principle,محیط (0.65),واژه‌ی جدید
به گواهی,63,58,object,گواهی (0.80),واژه‌ی جدید
از گذشت,65,58,action,گذراندن (0.69),واژه‌ی جدید
قانونی که,63,58,principle,قانونی (0.75),واژه‌ی جدید
زمره,76,58,concept,زمره جرایم (0.78),واژه‌ی جدید
در تصرف,77,58,action,تصرف (0.80),واژه‌ی جدید
تبع,73,58,role,تبعه (0.80),واژه‌ی جدید
در غیر,62,58,concept,غیرازموارد (0.72),واژه‌ی جدید
قدر,64,58,concept,قدر متقین (0.74),واژه‌ی جدید
اجراء,70,58,concept,اطلاق (0.76),واژه‌ی جدید
در ایام,100,58,concept,طی شرایط خاص (0.71),واژه‌ی جدید
پدری,84,58,role,والدین (0.63),واژه‌ی جدید
علل,60,58,concept,علت (0.87),واژه‌ی جدید
انطباق ندارد,59,58,concept,اختلاف (0.68),واژه‌ی جدید
شما,154,58,concept,شخص (0.55),واژه‌ی جدید
ای بر,60,58,object,برات (0.61),واژه‌ی جدید
دیگران,72,58,role,اشخاص حقیقی (0.68),واژه‌ی جدید
ید از,115,58,action,خلع ید (0.74),واژه‌ی جدید
همین قانون,60,58,principle,طبق قانون (0.72),واژه‌ی جدید
پرونده می,64,58,object,پرونده (0.75),واژه‌ی جدید
قبول ندارم,114,58,action,انکار (0.76),واژه‌ی جدید
بر وجود,62,58,principle,طبق قانون (0.62),واژه‌ی جدید
لذا اعتراض,58,58,action,اعتراض (0.81),واژه‌ی جدید
نماید لذا,59,58,concept,سبب (0.62),واژه‌ی جدید
فوری,89,58,role,مباشر (0.66),واژه‌ی جدید
خواسته فسخ,70,58,action,فسخ (0.84),واژه‌ی جدید
نکاح را,81,58,concept,نکاح (0.85),واژه‌ی جدید
قرار ردّ,80,58,action,قرار (0.72),واژه‌ی جدید
لغایت صدور,82,58,action,صادر کردن حکم (0.68),واژه‌ی جدید
خسارت به,76,57,concept,خسارت (0.95),alias پیشنهادی برای «خسارت»
دادگاه اعلام,73,57,concept,نظر دادگاه (0.73),واژه‌ی جدید
تکرار مطالب,66,57,action,یادآوری (0.68),واژه‌ی جدید
ناحیه زوجه,64,57,object,محل (0.59),واژه‌ی جدید
موصوف در,66,57,role,موصی له (0.73),واژه‌ی جدید
صالح به,71,57,concept,صالح بودن (0.77),واژه‌ی جدید
اختلاف می,57,57,concept,اختلاف (0.91),alias پیشنهادی برای «اختلاف»
بقاء,68,57,action,حفظ (0.69),واژه‌ی جدید
بوکالت از,91,57,action,احاله (0.56),واژه‌ی جدید
تأدیه از,79,57,action,تقیید (0.63),واژه‌ی جدید
دفتر دادگاه,75,57,object,دفتر روزنامه (0.77),واژه‌ی جدید
این حکم,70,57,action,صادر کردن حکم (0.72),واژه‌ی جدید
صادرواعلام می,62,57,action,صادر کردن گواهی (0.70),واژه‌ی جدید
دخالت,79,57,concept,مداخله (0.85),واژه‌ی جدید
دعوی الزام,67,57,concept,دعوی (0.89),alias پیشنهادی برای «دعوی»
هریک از,68,57,principle,طبق قانون (0.56),واژه‌ی جدید
منتخب دادگاه,71,57,role,رئیس دادگاه (0.64),واژه‌ی جدید
درجه,88,57,concept,حد (0.70),واژه‌ی جدید
انتسابی,85,57,concept,صحت انتساب (0.75),واژه‌ی جدید
مرکز استان,62,57,object,محل (0.60),واژه‌ی جدید
آزاد,82,57,concept,حریت (0.75),واژه‌ی جدید
مصرف,103,57,action,استعمال (0.81),واژه‌ی جدید
پرداخت دیه,93,57,action,پرداخت (0.76),واژه‌ی جدید
خواهان وارد,63,57,action,ورود به دادگاه (0.76),واژه‌ی جدید
دریافتی,86,57,action,وصول (0.78),واژه‌ی جدید
طرفین ابلاغ,75,57,role,مخاطب (0.69),واژه‌ی جدید
هم عرض,79,57,concept,هم‌راهی (0.75),واژه‌ی جدید
همدیگر,64,57,action,همکاری (0.68),واژه‌ی جدید
زمان عقد,85,57,object,عقد ازدواج (0.79),واژه‌ی جدید
هیچ وجه,73,57,concept,غیرقابل اعمال (0.64),واژه‌ی جدید
مستنداٌ به,76,57,principle,طبق قانون (0.74),واژه‌ی جدید
وعدم,61,57,concept,نبود صلاحیت (0.67),واژه‌ی جدید
انضمام خسارت,69,57,action,جبران خسارت (0.76),واژه‌ی جدید
مدت اعتبار,61,57,action,اعاده اعتبار (0.66),واژه‌ی جدید
مطالبه مهریه,103,57,action,اقامه دعوی (0.69),واژه‌ی جدید
مورد ترافع,86,57,concept,ترصيف (0.64),واژه‌ی جدید
قرارداد مذکور,74,57,object,قرارداد (0.79),واژه‌ی جدید
جدایی,75,57,action,جداسازی (0.79),واژه‌ی جدید
به ادامه,69,57,object,موصى به (0.69),واژه‌ی جدید
جری تشریفات,59,57,concept,صدمات جانی (0.54),واژه‌ی جدید
که نسبت,61,57,concept,نسبت (0.83),واژه‌ی جدید
در فرجه,60,57,action,فرجام (0.64),واژه‌ی جدید
دادنامه اعتراض,58,57,action,اعتراض (0.77),واژه‌ی جدید
خوانده مبنی,60,57,principle,لحاظ (0.61),واژه‌ی جدید
این شرط,91,57,concept,شرط (0.79),واژه‌ی جدید
موضوع مبایعه,74,57,object,مبایعه‌نامه (0.75),واژه‌ی جدید
چگونه,68,57,action,نحوه رسیدگی (0.67),واژه‌ی جدید
که وی,68,57,role,موصی له (0.59),واژه‌ی جدید
حاضرم,83,57,object,رسید (0.66),واژه‌ی جدید
ناحیه زوج,76,57,object,محل (0.56),واژه‌ی جدید
به مستندات,60,57,object,مستندات (0.81),واژه‌ی جدید
اعتراض وارد,58,57,action,اعتراض (0.90),alias پیشنهادی برای «اعتراض»
تحقق شرط,90,57,concept,شرط (0.81),واژه‌ی جدید
رأی موضوع,60,57,object,رأی (0.86),واژه‌ی جدید
بدوی بر,57,57,object,برات (0.60),واژه‌ی جدید
ایحال,58,56,action,ایقاع (0.68),واژه‌ی جدید
فعالیت,115,56,action,تصرف (0.73),واژه‌ی جدید
اعلام نظر,68,56,action,پیشنهاد (0.76),واژه‌ی جدید
علی ایحال,58,56,action,ایفاء (0.60),واژه‌ی جدید
از اعتراض,61,56,action,اعتراض (0.92),alias پیشنهادی برای «اعتراض»
عدم وجود,70,56,action,عدم حضور (0.87),واژه‌ی جدید
عبارت دیگر,62,56,object,یادداشت (0.62),واژه‌ی جدید
انطباق با,57,56,concept,ارتفاق (0.67),واژه‌ی جدید
ازدواج دائم,75,56,concept,ازدواج (0.76),واژه‌ی جدید
موجه نمی,58,56,concept,غیرقابل اثبات (0.67),واژه‌ی جدید
او در,71,56,role,موصی له (0.63),واژه‌ی جدید
در فوق,65,56,concept,خارج از موضوع (0.70),واژه‌ی جدید
صحت ادعای,64,56,concept,ادعا (0.79),واژه‌ی جدید
رسیدگی های,58,56,action,رسیدگی (0.91),alias پیشنهادی برای «رسیدگی»
قدرت,86,56,principle,حاکمیت (0.69),واژه‌ی جدید
در مالکیت,72,56,concept,مالکیت (0.85),واژه‌ی جدید
اظهارات شهود,86,56,object,شهادت کتبی (0.76),واژه‌ی جدید
که مقرر,57,56,action,برآورد (0.65),واژه‌ی جدید
با ردّ,61,56,action,رد (0.81),واژه‌ی جدید
ثبت در,71,56,action,ثبت (0.90),alias پیشنهادی برای «ثبت»
مصرح,62,56,object,یادداشت (0.68),واژه‌ی جدید
احصاء,63,56,concept,وضعیت اقتصادی (0.67),واژه‌ی جدید
نپذیرفته,59,56,action,نفی (0.71),واژه‌ی جدید
اشتغال ذمه,65,56,concept,ذمه (0.82),واژه‌ی جدید
تشکیل شده,83,56,action,تأسیس (0.67),واژه‌ی جدید
رای وحدت,84,56,object,رای مشورتی (0.77),واژه‌ی جدید
اصداری از,59,56,concept,اصیل (0.62),واژه‌ی جدید
دادنامه قطعی,64,56,concept,احکام قطعی (0.78),واژه‌ی جدید
بنای,95,56,action,تأسیس (0.60),واژه‌ی جدید
اداره کل,88,56,object,دفتر کل (0.84),واژه‌ی جدید
را مطابق,59,56,principle,طبق قانون (0.78),واژه‌ی جدید
ضمنا,63,56,concept,غیرمستقیم (0.67),واژه‌ی جدید
درجلسه,66,56,object,جلسه (0.85),واژه‌ی جدید
بدنی,105,56,concept,جزای بدنی (0.73),واژه‌ی جدید
در نقض,58,56,action,نقض (0.88),alias پیشنهادی برای «نقض»
داوری را,60,56,action,داوری (0.86),واژه‌ی جدید
عینا تایید,56,56,action,تأیید (0.81),واژه‌ی جدید
ماحصل,60,56,concept,علت (0.63),واژه‌ی جدید
غیر موجه,57,56,concept,غیرقابل اثبات (0.80),واژه‌ی جدید
تهران صادر,61,56,role,صادرکننده (0.60),واژه‌ی جدید
بابت خسارت,86,56,concept,خسارت (0.85),واژه‌ی جدید
نقض رای,67,56,action,نقض (0.79),واژه‌ی جدید
قانونی از,59,56,principle,قانونی (0.86),واژه‌ی جدید
مابین طرفین,61,56,action,طی تفاهم (0.72),واژه‌ی جدید
دادگستری به,64,56,role,واحد دادگستری (0.75),واژه‌ی جدید
کما,68,56,concept,منقص (0.55),واژه‌ی جدید
متصرف,94,56,action,تصرف (0.81),واژه‌ی جدید
وی نیز,58,56,concept,هم‌راهی (0.63),واژه‌ی جدید
درب,106,56,concept,حجب (0.62),واژه‌ی جدید
نفقه فرزند,110,56,concept,نفقه (0.77),واژه‌ی جدید
به ترتیب,69,56,principle,طبق قانون (0.67),واژه‌ی جدید
از ایراد,59,56,concept,خارج از موضوع (0.63),واژه‌ی جدید
شهریار,143,56,concept,خیار (0.69),واژه‌ی جدید
هفتم دادگاه,96,56,action,ورود به دادگاه (0.60),واژه‌ی جدید
دادگاه بنا,56,56,role,رئیس دادگاه (0.65),واژه‌ی جدید
زوجه که,70,56,concept,نفقه (0.60),واژه‌ی جدید
تفهیم,113,56,action,تسهیم (0.72),واژه‌ی جدید
انصاری,62,56,object,اعیانی (0.52),واژه‌ی جدید
شقوق مندرج,56,56,concept,منقطع (0.62),واژه‌ی جدید
فرزندش,82,56,role,کودک (0.70),واژه‌ی جدید
از من,79,56,concept,خارج از موضوع (0.67),واژه‌ی جدید
رفت,92,56,object,رسید (0.67),واژه‌ی جدید
متخصص,76,56,role,مشاور (0.67),واژه‌ی جدید
رأی می‌دهد,58,56,object,رأی (0.77),واژه‌ی جدید
قصد تبرع,132,56,concept,تبرع (0.90),alias پیشنهادی برای «تبرع»
مهریه خود,86,56,object,ارثیه (0.62),واژه‌ی جدید
مستندات رأی,56,56,object,مستندات (0.75),واژه‌ی جدید
تنصیف,162,55,action,تنفیذ (0.70),واژه‌ی جدید
اعلام اینکه,75,55,action,اعلام ورشکستگی (0.71),واژه‌ی جدید
داوران در,65,55,action,داوری (0.79),واژه‌ی جدید
ان به,71,55,object,موصى به (0.58),واژه‌ی جدید
وکیل به,71,55,role,وکیل (0.86),واژه‌ی جدید
دائم بین,59,55,concept,عقد معلق (0.61),واژه‌ی جدید
مبالغ,70,55,object,هزینه (0.75),واژه‌ی جدید
از قرارداد,68,55,object,قرارداد (0.85),واژه‌ی جدید
رد فرجام,57,55,action,فرجام (0.75),واژه‌ی جدید
در مواد,71,55,principle,طبق قانون (0.64),واژه‌ی جدید
تادیه از,84,55,action,تقیید (0.60),واژه‌ی جدید
فنی,81,55,concept,فنی بودن دعوی (0.68),واژه‌ی جدید
نسخه,68,55,object,نمونه (0.66),واژه‌ی جدید
به ذکر,64,55,action,ذکر (0.84),واژه‌ی جدید
انجام دهد,58,55,concept,ایجاد تعهد (0.72),واژه‌ی جدید
مقررات مربوط,68,55,action,وضع مقررات (0.77),واژه‌ی جدید
نیازی,74,55,concept,نیاز (0.86),واژه‌ی جدید
با ارجاع,69,55,action,ارجاع (0.87),واژه‌ی جدید
اعتراض وکیل,68,55,action,اعتراض (0.83),واژه‌ی جدید
ساری,79,55,concept,سب (0.56),واژه‌ی جدید
مانع از,59,55,concept,مانع (0.91),alias پیشنهادی برای «مانع»
بخواسته الزام,59,55,action,الزام (0.79),واژه‌ی جدید
نحوی که,60,55,principle,لحاظ (0.62),واژه‌ی جدید
رسیدگی تعیین,65,55,action,رسیدگی (0.89),alias پیشنهادی برای «رسیدگی»
طرف دعوی,61,55,action,اقامه دعوی (0.83),واژه‌ی جدید
به احراز,59,55,principle,طبق قانون (0.74),واژه‌ی جدید
که زوجین,64,55,concept,ازدواج (0.63),واژه‌ی جدید
از صحت,58,55,concept,صحت (0.76),واژه‌ی جدید
راستا,56,55,concept,جهت‌گیری (0.64),واژه‌ی جدید
عروسی,121,55,concept,ازدواج (0.80),واژه‌ی جدید
اعسار از,94,55,concept,اعسار (0.78),واژه‌ی جدید
صحبت,75,55,action,مذاکره (0.73),واژه‌ی جدید
مجبور,60,55,concept,ملزم بودن (0.74),واژه‌ی جدید
نظر این,56,55,role,صاحب‌نظر (0.72),واژه‌ی جدید
موضوع شکایت,66,55,object,شکایت (0.93),alias پیشنهادی برای «شکایت»
را فسخ,64,55,action,فسخ (0.90),alias پیشنهادی برای «فسخ»
وکالت الف,63,55,concept,وکالت (0.81),واژه‌ی جدید
ردیف سوم,102,55,role,ثالث (0.68),واژه‌ی جدید
از فوت,82,55,concept,موت (0.68),واژه‌ی جدید
چهارصد,89,55,object,ماده 147 (0.53),واژه‌ی جدید
دلالت دارد,59,55,concept,صراحت (0.73),واژه‌ی جدید
پرداخته,65,55,action,پرداخت (0.76),واژه‌ی جدید
جواب,130,55,action,رد (0.80),واژه‌ی جدید
تحریر,69,55,action,تحریر ترکه (0.76),واژه‌ی جدید
لیست,110,55,action,جمع‌بندی (0.61),واژه‌ی جدید
که جهت,61,55,concept,جهت‌گیری (0.69),واژه‌ی جدید
تجدیدنظرخواسته تأیید,56,55,action,تأیید (0.81),واژه‌ی جدید
را تکرار,70,55,action,یادآوری (0.69),واژه‌ی جدید
نیا,61,55,role,نایب (0.62),واژه‌ی جدید
به اسامی,63,55,object,نام (0.74),واژه‌ی جدید
رفتم,104,55,object,رسید (0.66),واژه‌ی جدید
لوایح دفاعیه,55,55,action,لایحه دفاعیه (0.84),واژه‌ی جدید
حکم تمکین,86,55,action,تمکین (0.83),واژه‌ی جدید
تجدیدنظرخواسته مطابق,55,55,object,رای تجدیدنظر (0.77),واژه‌ی جدید
فرهبد,59,55,object,موهوبه (0.50),واژه‌ی جدید
فوق را,58,54,concept,تجاوز (0.60),واژه‌ی جدید
با وارد,60,54,action,ورود اطلاعات (0.71),واژه‌ی جدید
مساعی,57,54,object,حق‌السعی (0.66),واژه‌ی جدید
مذکور نیز,57,54,object,تبصره (0.64),واژه‌ی جدید
مثل,66,54,object,نمونه (0.67),واژه‌ی جدید
سوی تجدیدنظرخواه,55,54,concept,تجدیدنظر (0.80),واژه‌ی جدید
کشور می,56,54,object,مایملک (0.57),واژه‌ی جدید
دادگاه نموده,64,54,role,محکوم‌علیه (0.70),واژه‌ی جدید
ماهیتی,63,54,concept,ماهیت (0.89),alias پیشنهادی برای «ماهیت»
مفاد قرارداد,70,54,object,قرارداد (0.78),واژه‌ی جدید
وکیل خواندگان,124,54,role,وکیل (0.69),واژه‌ی جدید
تأخیر در,100,54,concept,تأخیر (0.96),alias پیشنهادی برای «تأخیر»
دنبال,65,54,action,تعقیب (0.85),واژه‌ی جدید
اتمام,70,54,action,ایفای تعهد (0.66),واژه‌ی جدید
طبق نظر,63,54,principle,طبق قانون (0.82),واژه‌ی جدید
این مرجع,59,54,action,ارجاع (0.64),واژه‌ی جدید
حادث,61,54,concept,خسارت وارده (0.78),واژه‌ی جدید
ارسالی,61,54,concept,اطلاق (0.67),واژه‌ی جدید
صورتمجلس,79,54,object,گزارش مالی (0.69),واژه‌ی جدید
مفید,68,54,role,جد (0.64),واژه‌ی جدید
بازپرسی,91,54,role,بازپرس (0.92),alias پیشنهادی برای «بازپرس»
کذب,69,54,action,نفی (0.69),واژه‌ی جدید
قضات,63,54,principle,قضائی (0.77),واژه‌ی جدید
خواسته نقض,56,54,action,نقض (0.81),واژه‌ی جدید
نامه های,85,54,object,وصیت‌نامه (0.72),واژه‌ی جدید
همین دادگاه,57,54,object,شعبه دادگاه (0.69),واژه‌ی جدید
رد واخواهی,64,54,action,رد (0.69),واژه‌ی جدید
که مصون,56,54,concept,معافیت (0.66),واژه‌ی جدید
نقض است,58,54,action,نقض (0.89),alias پیشنهادی برای «نقض»
های دادرسی,65,54,concept,دادرسی (0.86),واژه‌ی جدید
تاریخ صدور,77,54,concept,زمان اجرا (0.60),واژه‌ی جدید
خواهان طی,58,54,object,طلب (0.74),واژه‌ی جدید
مالکیتی,61,54,concept,مالکیت (0.95),alias پیشنهادی برای «مالکیت»
بطلان معامله,131,54,concept,بطلان (0.78),واژه‌ی جدید
موجب مبایعه,68,54,object,مبایعه‌نامه (0.65),واژه‌ی جدید
دهد که,63,54,action,بذل (0.68),واژه‌ی جدید
از زوجه,75,54,concept,شخص (0.62),واژه‌ی جدید
موکلش,75,54,role,مکره (0.56),واژه‌ی جدید
قانون با,55,54,object,قانون (0.82),واژه‌ی جدید
قابل انطباق,54,54,concept,قابل اجرا بودن (0.75),واژه‌ی جدید
نقض یا,54,54,action,نقض (0.83),واژه‌ی جدید
به تبع,68,54,action,تبعیت (0.71),واژه‌ی جدید
آگاهی,88,54,concept,خودآگاهی (0.67),واژه‌ی جدید
انجام معامله,79,54,object,معامله (0.88),alias پیشنهادی برای «معامله»
بنابه,59,54,action,استنابه (0.67),واژه‌ی جدید
متناسب با,67,54,principle,طبق قانون (0.72),واژه‌ی جدید
مع الوصف,57,54,principle,طبق قانون (0.70),واژه‌ی جدید
زندگی را,70,54,concept,حق زندگی (0.64),واژه‌ی جدید
آمده از,58,54,action,مأخوذ (0.68),واژه‌ی جدید
ابتدای,65,54,object,یادداشت (0.64),واژه‌ی جدید
گفتم,119,54,concept,ادعا (0.66),واژه‌ی جدید
هویت,100,54,concept,هویت حقوقی (0.85),واژه‌ی جدید
در رهن,116,54,concept,رهن (0.87),alias پیشنهادی برای «رهن»
ای در,57,54,principle,طبق قانون (0.64),واژه‌ی جدید
نسبی,69,54,concept,نسب (0.88),alias پیشنهادی برای «نسب»
قاعده فقهی,62,54,concept,قانون عرفی (0.63),واژه‌ی جدید
بازگشت به,66,54,action,اعاده وضع به حالت سابق (0.74),واژه‌ی جدید
کند،,64,54,object,کمک (0.61),واژه‌ی جدید
رأی تجدیدنظرخواسته,73,54,object,رای تجدیدنظر (0.93),alias پیشنهادی برای «رای تجدیدنظر»
است مگر,59,54,principle,فقط در صورت (0.70),واژه‌ی جدید
می‌نماید رأی,58,54,object,رأی (0.80),واژه‌ی جدید
زوجه بوده,54,54,concept,نفقه (0.64),واژه‌ی جدید
سوء رفتار,112,54,concept,سوءاستفاده (0.75),واژه‌ی جدید
اینکه این,54,53,concept,قانونی بودن (0.60),واژه‌ی جدید
در جلسات,61,53,object,جلسه (0.84),واژه‌ی جدید
غیرموجه,58,53,concept,غیرمجاز (0.80),واژه‌ی جدید
مالی خود,71,53,concept,وضعیت مالی (0.78),واژه‌ی جدید
عدم حصول,62,53,concept,نبود صلاحیت (0.79),واژه‌ی جدید
طرفین بوده,54,53,action,طی تفاهم (0.68),واژه‌ی جدید
قطعیت یافته,55,53,concept,احکام قطعی (0.71),واژه‌ی جدید
زوجه پرداخت,66,53,action,پرداخت (0.72),واژه‌ی جدید
زوج فرجام,99,53,action,فرجام (0.71),واژه‌ی جدید
ریال تعیین,69,53,concept,حق تعیین (0.66),واژه‌ی جدید
ادعای زوجه,69,53,concept,ادعا (0.72),واژه‌ی جدید
سوی دادگاه,53,53,concept,نظر دادگاه (0.76),واژه‌ی جدید
اساس دادنامه,59,53,object,اساسنامه (0.72),واژه‌ی جدید
وحق,60,53,concept,حق (0.83),واژه‌ی جدید
خصوص خواسته,60,53,object,طلب (0.75),واژه‌ی جدید
در خور,57,53,role,اهل (0.58),واژه‌ی جدید
عنوان شده,60,53,object,یادداشت (0.68),واژه‌ی جدید
خواسته از,59,53,object,طلب (0.78),واژه‌ی جدید
مرتبط,67,53,action,پیوست (0.70),واژه‌ی جدید
به شرکت,80,53,concept,شرکت (0.80),واژه‌ی جدید
تواند به,55,53,object,موصى به (0.61),واژه‌ی جدید
به شایستگی,77,53,concept,کفایت (0.67),واژه‌ی جدید
حذف,69,53,action,لغو (0.78),واژه‌ی جدید
اشخاص ثالث,88,53,role,شخص ثالث (0.89),alias پیشنهادی برای «شخص ثالث»
جزائی,94,53,concept,جزيه (0.81),واژه‌ی جدید
به تقدیم,60,53,concept,تبرع (0.69),واژه‌ی جدید
با شرایط,59,53,concept,طی شرایط خاص (0.83),واژه‌ی جدید
همان دادگاه,58,53,action,ورود به دادگاه (0.70),واژه‌ی جدید
کشور به,59,53,role,دولت (0.62),واژه‌ی جدید
برای خواهان,59,53,object,طلب (0.72),واژه‌ی جدید
خواهد داشت,54,53,concept,مظنه (0.62),واژه‌ی جدید
بایگانی,97,53,action,ذخیره (0.61),واژه‌ی جدید
شرطی,63,53,concept,شرط (0.84),واژه‌ی جدید
ماه حبس,82,53,concept,حبس (0.82),واژه‌ی جدید
تشکیل است,60,53,action,تأسیس (0.65),واژه‌ی جدید
حکم محکومیت,56,53,concept,محکومیت (0.91),alias پیشنهادی برای «محکومیت»
در موارد,58,53,concept,طی شرایط خاص (0.79),واژه‌ی جدید
متعاقدین,74,53,object,قرارداد (0.66),واژه‌ی جدید
آقای علی,67,53,role,صاحب‌حق (0.62),واژه‌ی جدید
موافق قانون,57,53,principle,رعایت قانون (0.78),واژه‌ی جدید
نشده باشد,63,53,action,عدم حضور (0.69),واژه‌ی جدید
با بند,54,53,action,وضع قید (0.68),واژه‌ی جدید
انصراف,65,53,action,استعفا (0.74),واژه‌ی جدید
قانونی صادرشده,53,53,principle,قانونی (0.79),واژه‌ی جدید
دریافت نموده,61,53,action,وصول (0.77),واژه‌ی جدید
متراژ,113,53,principle,معیار (0.63),واژه‌ی جدید
است تقاضای,59,53,object,طلب (0.75),واژه‌ی جدید
این دادنامه,58,53,object,دادخواست (0.68),واژه‌ی جدید
بسیار,64,53,concept,عده (0.61),واژه‌ی جدید
هدف,68,53,concept,مقصود (0.65),واژه‌ی جدید
من در,69,53,concept,شخص (0.64),واژه‌ی جدید
سپس به,58,53,concept,به‌محکومیت (0.57),واژه‌ی جدید
اجبار,89,53,action,الزام (0.79),واژه‌ی جدید
شق,62,53,concept,شفعه (0.62),واژه‌ی جدید
عدم استحقاق,60,53,concept,عدم صلاحیت (0.85),واژه‌ی جدید
قیصری,54,53,concept,قهری (0.60),واژه‌ی جدید
تجدیدنظرخوانده در,55,53,concept,قابل تجدیدنظر (0.80),واژه‌ی جدید
صورتیکه,60,53,principle,فقط در صورت (0.69),واژه‌ی جدید
در صورتیکه,60,53,principle,فقط در صورتی که (0.81),واژه‌ی جدید
از بند,61,53,action,خروج از زندان (0.75),واژه‌ی جدید
اعمال حق,85,53,concept,حق (0.75),واژه‌ی جدید
تجدیدنظر تهران,58,53,concept,تجدیدنظر (0.81),واژه‌ی جدید
خود باقی,57,53,concept,خودآگاهی (0.66),واژه‌ی جدید
از بین,71,53,concept,معدوم (0.64),واژه‌ی جدید
درخواست رسیدگی,67,53,action,رسیدگی (0.86),واژه‌ی جدید
در برابر,63,53,concept,لامقابل (0.70),واژه‌ی جدید
صادرکننده رأی,59,53,role,صادرکننده (0.75),واژه‌ی جدید
موضوع در,56,53,concept,خارج از موضوع (0.74),واژه‌ی جدید
سنوات,65,53,concept,عده (0.63),واژه‌ی جدید
دستور زوج,91,53,object,دستور (0.77),واژه‌ی جدید
را بذل,90,53,action,بذل (0.82),واژه‌ی جدید
در حضور,65,53,action,عدم حضور (0.70),واژه‌ی جدید
آن‌ها,111,53,role,اهل (0.61),واژه‌ی جدید
استوار می‌نماید,54,53,principle,ثبات (0.65),واژه‌ی جدید
نود,68,53,role,جد (0.59),واژه‌ی جدید
تنظیم گردیده,63,53,action,تنظیم (0.75),واژه‌ی جدید
نمی‌باشد زیرا,54,53,action,عدم حضور (0.63),واژه‌ی جدید
بیمارستان,111,53,concept,شرکت (0.69),واژه‌ی جدید
ماه پس,54,53,action,زیر پا گذاشتن (0.53),واژه‌ی جدید
ششم دادگاه,76,53,action,ورود به دادگاه (0.60),واژه‌ی جدید
شهرری,104,53,concept,قهری (0.61),واژه‌ی جدید
محدوده,79,52,action,تعیین حدود (0.70),واژه‌ی جدید
برداری,93,52,action,گرفتن (0.62),واژه‌ی جدید
دعوی از,56,52,concept,دعوی (0.85),واژه‌ی جدید
اساسا,73,52,concept,فرض (0.63),واژه‌ی جدید
اشکال قانونی,53,52,concept,خلاف قانونی (0.75),واژه‌ی جدید
پنج سال,80,52,concept,خمس (0.69),واژه‌ی جدید
موکول,63,52,action,نکول (0.72),واژه‌ی جدید
مابه التفاوت,82,52,concept,تمایز (0.74),واژه‌ی جدید
خواهی به,54,52,object,طلب (0.69),واژه‌ی جدید
را قابل,53,52,concept,قابل اجرا بودن (0.65),واژه‌ی جدید
مطروح,59,52,object,ماترک (0.53),واژه‌ی جدید
توصیف,69,52,action,ارزیابی (0.73),واژه‌ی جدید
که خانم,61,52,concept,شخص (0.60),واژه‌ی جدید
اوصاف,62,52,concept,احوال (0.65),واژه‌ی جدید
استرداد ثمن,117,52,action,استرداد (0.84),واژه‌ی جدید
به مازاد,70,52,object,تبصره (0.67),واژه‌ی جدید
صادر گردید,58,52,action,صادر کردن گواهی (0.72),واژه‌ی جدید
حقوق خود,61,52,concept,حقوق (0.84),واژه‌ی جدید
وارد می,55,52,action,ورود اطلاعات (0.74),واژه‌ی جدید
نیازی به,69,52,concept,نیاز (0.74),واژه‌ی جدید
زندگی با,63,52,concept,حق زندگی (0.60),واژه‌ی جدید
به کلیه,53,52,object,کلیه (0.81),واژه‌ی جدید
های مذکور,60,52,role,اشخاص حقیقی (0.65),واژه‌ی جدید
مدرکیه,68,52,object,مدرک (0.74),واژه‌ی جدید
دردادگاه,52,52,action,طی روند دادرسی (0.78),واژه‌ی جدید
موضوعه بوده,54,52,role,موصی له (0.66),واژه‌ی جدید
واخواسته,82,52,action,واخواست (0.89),alias پیشنهادی برای «واخواست»
اینکه برابر,63,52,principle,طبق قانون (0.66),واژه‌ی جدید
نظم,84,52,concept,نظم عمومی (0.74),واژه‌ی جدید
ابلاغ رای,69,52,object,رای مشورتی (0.78),واژه‌ی جدید
استدلال به,64,52,action,استدلال (0.90),alias پیشنهادی برای «استدلال»
متعهد به,62,52,concept,وفاء به عهد (0.82),واژه‌ی جدید
ویا,63,52,action,واخواست (0.59),واژه‌ی جدید
به محل,64,52,object,محل (0.84),واژه‌ی جدید
قرارداد را,71,52,object,قرارداد (0.83),واژه‌ی جدید
جهت انجام,56,52,principle,طبق قانون (0.68),واژه‌ی جدید
بناء,60,52,action,تأسیس (0.68),واژه‌ی جدید
طبق دادنامه,66,52,principle,طبق قانون (0.80),واژه‌ی جدید
را پذیرفته,56,52,action,پذیرش (0.77),واژه‌ی جدید
دقت در,55,52,principle,احتیاط (0.78),واژه‌ی جدید
از طرح,58,52,action,پیشنهاد (0.65),واژه‌ی جدید
متعاقب آن,52,52,action,مرافقه (0.63),واژه‌ی جدید
کس,58,52,role,کمیته (0.59),واژه‌ی جدید
قرار استماع,56,52,object,جلسه (0.71),واژه‌ی جدید
اضافه نموده,60,52,object,تبصره (0.72),واژه‌ی جدید
پرونده استنادی,86,52,object,پرونده (0.81),واژه‌ی جدید
در باب,71,52,concept,خارج از موضوع (0.67),واژه‌ی جدید
شوهرم,95,52,concept,ازدواج (0.67),واژه‌ی جدید
جسمانی,75,52,concept,جزای بدنی (0.67),واژه‌ی جدید
توسط زوجه,64,52,principle,طبق قانون (0.64),واژه‌ی جدید
تجدیدنظرخواهی تجدیدنظرخواه,57,52,concept,تجدیدنظر (0.79),واژه‌ی جدید
نداشتن,68,52,action,عدم حضور (0.75),واژه‌ی جدید
واخوانده,108,52,action,واخواست (0.63),واژه‌ی جدید
تا زمانی,63,52,concept,مؤجل (0.63),واژه‌ی جدید
قمری,65,52,concept,قهری (0.57),واژه‌ی جدید
به سه,70,52,concept,ثلث (0.67),واژه‌ی جدید
سالگی,73,52,role,کودک (0.58),واژه‌ی جدید
صفت,128,52,concept,صفت حقوقی (0.81),واژه‌ی جدید
از آنان,57,52,role,اهل (0.60),واژه‌ی جدید
تهران از,55,52,concept,خارج از موضوع (0.55),واژه‌ی جدید
خواهان دلیلی,56,52,object,طلب (0.75),واژه‌ی جدید
تشخیص به,54,52,action,کشف جرم (0.65),واژه‌ی جدید
خوف,77,52,concept,خطر (0.70),واژه‌ی جدید
معوقه از,75,52,concept,منقطع (0.74),واژه‌ی جدید
سند سجلی,113,52,object,سند وقفی (0.78),واژه‌ی جدید
دایر به,61,51,role,مباشر (0.67),واژه‌ی جدید
طول زندگی,59,51,concept,حق زندگی (0.63),واژه‌ی جدید
ان با,66,51,principle,طبق قانون (0.57),واژه‌ی جدید
وکیل خود,57,51,role,وکیل (0.82),واژه‌ی جدید
در مراحل,56,51,action,طی مراحل قانونی (0.72),واژه‌ی جدید
به نمایندگی,54,51,role,نماینده (0.78),واژه‌ی جدید
حالی است,58,51,concept,احوال (0.65),واژه‌ی جدید
حسب دادنامه,65,51,principle,طبق قانون (0.77),واژه‌ی جدید
ما بین,74,51,action,طی تفاهم (0.61),واژه‌ی جدید
ارسال نموده,59,51,action,طی نامه (0.67),واژه‌ی جدید
عامل,95,51,role,معامل (0.68),واژه‌ی جدید
اعتقاد,58,51,concept,ایمان (0.79),واژه‌ی جدید
موجب قرارداد,53,51,object,قرارداد (0.76),واژه‌ی جدید
نامه به,60,51,action,طی نامه (0.77),واژه‌ی جدید
به قرارداد,56,51,object,قرارداد (0.85),واژه‌ی جدید
حقیقی,83,51,concept,شخصیت حقیقی (0.69),واژه‌ی جدید
کتاب,93,51,object,کتاب قانون (0.77),واژه‌ی جدید
صندوق,79,51,object,صندوق بیمه (0.80),واژه‌ی جدید
وفق موازین,52,51,principle,طبق قانون (0.74),واژه‌ی جدید
متهم در,103,51,role,متهم (0.91),alias پیشنهادی برای «متهم»
حمیدرضا,59,51,concept,دادرسی (0.48),واژه‌ی جدید
می شوند,57,51,action,حصول (0.62),واژه‌ی جدید
ازدادنامه,58,51,object,اظهارنامه (0.66),واژه‌ی جدید
دعوای تجدیدنظرخواه,54,51,concept,تجدیدنظر (0.76),واژه‌ی جدید
به دیگری,65,51,object,موصى به (0.69),واژه‌ی جدید
شرح متن,54,51,role,مضمون (0.70),واژه‌ی جدید
پارکینگ,137,51,object,شوارع (0.68),واژه‌ی جدید
در دستور,57,51,object,دستور (0.81),واژه‌ی جدید
به موارد,55,51,object,موصى به (0.67),واژه‌ی جدید
لازم است,58,51,concept,لازمه (0.80),واژه‌ی جدید
صادر نگردیده,52,51,concept,مؤجل (0.67),واژه‌ی جدید
موعد مقرر,71,51,concept,زمان اجرا (0.71),واژه‌ی جدید
تاخیر در,91,51,concept,تأخیر (0.92),alias پیشنهادی برای «تأخیر»
توجیه قانونی,54,51,object,دلایل توجیهی (0.83),واژه‌ی جدید
خواهر,99,51,object,پروانه (0.59),واژه‌ی جدید
کنار,64,51,concept,عطف (0.57),واژه‌ی جدید
آن بوده,52,51,role,صاحب‌حق (0.60),واژه‌ی جدید
رأی مذکور,52,51,object,رأی (0.78),واژه‌ی جدید
سردفتر,87,51,object,دفترخانه (0.69),واژه‌ی جدید
قانونی با,55,51,principle,قانونی (0.90),alias پیشنهادی برای «قانونی»
مرجوع,61,51,action,رجوع (0.64),واژه‌ی جدید
تشکیلات,90,51,action,تنظیم (0.67),واژه‌ی جدید
سال قبل,61,51,concept,شخص (0.60),واژه‌ی جدید
پذیر,60,51,action,پذیرش (0.73),واژه‌ی جدید
طرفین پرونده,56,51,role,اصحاب دعوی (0.74),واژه‌ی جدید
حدی نیست,52,51,concept,حد (0.72),واژه‌ی جدید
فرع بر,63,51,object,فرع ملک (0.72),واژه‌ی جدید
حیات,68,51,concept,حق زندگی (0.65),واژه‌ی جدید
معترض‌عنه را,58,51,action,اعتراض (0.75),واژه‌ی جدید
ثابت شود,65,51,concept,ثبوت (0.80),واژه‌ی جدید
نزدیک,61,51,concept,قرابت (0.75),واژه‌ی جدید
عبارت است,54,51,concept,صراحت (0.67),واژه‌ی جدید
جسمی,93,51,concept,جزای بدنی (0.70),واژه‌ی جدید
بر نقض,51,51,action,نقض (0.88),alias پیشنهادی برای «نقض»
درگیری,96,51,concept,خشونت (0.77),واژه‌ی جدید
ضمن احراز,52,51,principle,طبق قانون (0.74),واژه‌ی جدید
ردّ اعتراض,56,51,concept,حق اعتراض (0.83),واژه‌ی جدید
بابت اجرت,66,51,concept,اجرت (0.84),واژه‌ی جدید
انجام تعهدات,79,50,concept,ایجاد تعهد (0.89),alias پیشنهادی برای «ایجاد تعهد»
دادخواستی بخواسته,52,50,object,دادخواست (0.83),واژه‌ی جدید
طی تشریفات,58,50,action,طی آگهی (0.74),واژه‌ی جدید
تعیین میزان,54,50,action,تعیین حدود (0.77),واژه‌ی جدید
بعمل نیاورده,53,50,concept,غیرقابل اعمال (0.69),واژه‌ی جدید
اعتراض نموده,56,50,action,اعتراض (0.88),alias پیشنهادی برای «اعتراض»
با مهریه,67,50,object,ارثیه (0.66),واژه‌ی جدید
فرجامخواهی نموده,56,50,action,فرجام (0.64),واژه‌ی جدید
دیگری به,58,50,concept,خارج از موضوع (0.67),واژه‌ی جدید
بنابر این,59,50,principle,طبق قانون (0.67),واژه‌ی جدید
تسهیلات,182,50,concept,قرض (0.76),واژه‌ی جدید
از شرکت,77,50,concept,شرکت (0.81),واژه‌ی جدید
انعقاد قرارداد,73,50,object,قرارداد (0.85),واژه‌ی جدید
آن دادگاه,56,50,concept,نظر دادگاه (0.72),واژه‌ی جدید
در ماده,59,50,principle,طبق قانون (0.70),واژه‌ی جدید
کنون,58,50,object,پروانه (0.55),واژه‌ی جدید
تا کنون,58,50,concept,پیشرفت (0.57),واژه‌ی جدید
انتقال ملک,80,50,action,فروش ملک ورثه‌ای (0.72),واژه‌ی جدید
به پنجاه,62,50,concept,خمس (0.73),واژه‌ی جدید
بوده در,50,50,role,موقوف علیه (0.60),واژه‌ی جدید
بیحقی خواهان,56,50,concept,بی‌تکلیفی (0.69),واژه‌ی جدید
داری,67,50,action,داوری (0.62),واژه‌ی جدید
نظر قرار,59,50,action,قرار (0.83),واژه‌ی جدید
موفق,59,50,concept,توافق (0.64),واژه‌ی جدید
وپرداخت,66,50,action,پرداخت (0.76),واژه‌ی جدید
کننده رأی,58,50,object,رأی (0.82),واژه‌ی جدید
نشدن,71,50,concept,ناتوانی (0.66),واژه‌ی جدید
اول در,61,50,role,مباشر (0.58),واژه‌ی جدید
این ماده,62,50,concept,شخص (0.62),واژه‌ی جدید
پرونده برای,58,50,object,پرونده (0.83),واژه‌ی جدید
ضربه شلاق,94,50,concept,خشونت (0.67),واژه‌ی جدید
از رای,65,50,object,رأی (0.79),واژه‌ی جدید
کارشناسی در,58,50,concept,نظریه کارشناسی (0.73),واژه‌ی جدید
شرکت در,76,50,action,شرکت در مزایده (0.82),واژه‌ی جدید
عباس,62,50,object,اعیان (0.53),واژه‌ی جدید
کیفری یک,148,50,concept,گروه کیفری (0.71),واژه‌ی جدید
پی,59,50,role,پیک (0.74),واژه‌ی جدید
ارتباطی به,57,50,concept,رابطه حقوقی (0.69),واژه‌ی جدید
با علم,65,50,principle,طبق قانون (0.64),واژه‌ی جدید
حق تجدیدنظرخواه,54,50,concept,تجدیدنظر (0.85),واژه‌ی جدید
تجدیدنظرخواه صادر,52,50,concept,تجدیدنظر (0.80),واژه‌ی جدید
ازدواج کرده,71,50,concept,ازدواج (0.82),واژه‌ی جدید
دو فرزند,74,50,role,اولاد (0.74),واژه‌ی جدید
هم زندگی,64,50,concept,هم‌راهی (0.76),واژه‌ی جدید
بها,75,50,concept,هبه (0.63),واژه‌ی جدید
که ایشان,60,50,role,اصحاب دعوی (0.57),واژه‌ی جدید
دستور کار,54,50,object,دستور (0.83),واژه‌ی جدید
ایم,72,50,object,وام (0.68),واژه‌ی جدید
رها,70,50,concept,رهن (0.63),واژه‌ی جدید
تفاوت,62,50,concept,اختلاف (0.77),واژه‌ی جدید
مبلغ مذکور,57,50,action,برآورد (0.68),واژه‌ی جدید
با آقای,75,50,role,موصی له (0.70),واژه‌ی جدید
به استدلال,51,50,action,استدلال (0.91),alias پیشنهادی برای «استدلال»
صادره مطابق,70,50,principle,طبق قانون (0.73),واژه‌ی جدید
تهران را,55,50,action,رد (0.58),واژه‌ی جدید
که حق,61,50,concept,حق (0.77),واژه‌ی جدید
سهامی,93,50,concept,سهم (0.71),واژه‌ی جدید
حاجی,75,50,role,حاجب (0.77),واژه‌ی جدید
بینی شده,57,50,role,زیان‌دیده (0.66),واژه‌ی جدید
مورد قبول,56,50,action,پذیرش (0.78),واژه‌ی جدید
تقدیم می,52,50,action,پیشنهاد (0.74),واژه‌ی جدید
ندارد که,51,50,action,عدم حضور (0.61),واژه‌ی جدید
نظریه خود,62,50,action,خوداظهاری (0.70),واژه‌ی جدید
را مخدوش,50,50,concept,تلف (0.66),واژه‌ی جدید
از سند,70,50,object,سند (0.84),واژه‌ی جدید
به ملک,72,50,action,ورود به ملک (0.69),واژه‌ی جدید
محال,90,50,role,محال عليه (0.74),واژه‌ی جدید
درمورد,67,50,role,مضمون (0.65),واژه‌ی جدید
بدون اذن,58,50,concept,غیرمجاز (0.73),واژه‌ی جدید
بابت حق,60,50,concept,حق (0.76),واژه‌ی جدید
قانون تشکیلات,89,50,object,قانون اراضی (0.63),واژه‌ی جدید
درصورتی که,59,50,principle,فقط در صورتی که (0.83),واژه‌ی جدید
اثاث,79,50,object,لوازم (0.69),واژه‌ی جدید
مبیع به,59,50,role,بایع (0.71),واژه‌ی جدید
است خواهان,55,50,object,طلب (0.71),واژه‌ی جدید
پرونده آقای,52,50,object,پرونده (0.81),واژه‌ی جدید
به امضاء,64,50,action,امضاء (0.92),alias پیشنهادی برای «امضاء»
یک صد,85,50,object,واحد پول (0.66),واژه‌ی جدید
ضمن العقد,115,50,action,طی تفاهم (0.75),واژه‌ی جدید
بارداری,74,50,concept,ازدواج (0.63),واژه‌ی جدید
