عبارت,فرکانس کل,تعداد پرونده‌ی متمایز,دسته‌ی پیشنهادی,نزدیک‌ترین واژه‌ی موجود (امتیاز),پیشنهاد نهایی,دسته_بازبینی
دادگاه,20482,2330,role,رئیس دادگاه (0.79),واژه‌ی جدید,role
دادنامه,10656,2286,concept,دادرسی (0.76),واژه‌ی جدید,concept
شماره,9150,2269,object,شماره پرونده (0.84),واژه‌ی جدید,object
صادر,6725,2249,role,صادرکننده (0.77),واژه‌ی جدید,role
صادره,5704,2114,role,صادرکننده (0.73),واژه‌ی جدید,role
عمومی,5575,2095,object,خدمات عمومی (0.74),واژه‌ی جدید,object
اینکه,6870,2065,object,قضیه (0.67),واژه‌ی جدید,REMOVE
خواسته,6402,2026,object,طلب (0.77),واژه‌ی جدید,object
خواهان,11578,2020,object,طلب (0.75),واژه‌ی جدید,object
اعلام,6194,2013,object,اعلامیه حراج (0.75),واژه‌ی جدید,object
استان,4292,2006,concept,شرکت (0.65),واژه‌ی جدید,concept
نظر,6230,2004,role,صاحب‌نظر (0.77),واژه‌ی جدید,REMOVE
قابل,3598,2002,concept,قابل اجرا بودن (0.72),واژه‌ی جدید,REMOVE
دادنامه شماره,3611,1968,object,شماره پرونده (0.75),واژه‌ی جدید,object
آقای,9126,1961,role,نویسنده (0.71),واژه‌ی جدید,role
نسبت به,5016,1910,concept,نسبت (0.78),واژه‌ی جدید,concept
مستشار,2280,1906,role,مشاور (0.80),واژه‌ی جدید,role
رئیس,3004,1871,role,رئیس دادگاه (0.79),واژه‌ی جدید,role
خصوص,4153,1864,concept,طی شرایط خاص (0.70),واژه‌ی جدید,REMOVE
دادگاه عمومی,3597,1858,role,دیوان عدالت اداری (0.77),واژه‌ی جدید,role
توجه,4741,1844,principle,احتیاط (0.78),واژه‌ی جدید,principle
قطعی,2394,1831,concept,احکام قطعی (0.81),واژه‌ی جدید,concept
روز,2934,1818,object,رکورد (0.55),واژه‌ی جدید,object
نماید,4911,1817,object,تبصره (0.61),واژه‌ی جدید,REMOVE
تجدیدنظر استان,3354,1806,concept,تجدیدنظر (0.83),واژه‌ی جدید,concept
در خصوص,3697,1797,principle,طبق قانون (0.74),واژه‌ی جدید,REMOVE
توجه به,4350,1795,principle,احتیاط (0.77),واژه‌ی جدید,principle
خوانده,8736,1783,object,تعرفه (0.60),واژه‌ی جدید,object
تهران,8117,1764,role,شهرداری (0.60),واژه‌ی جدید,role
طرفیت,3152,1753,action,تبعیت (0.70),واژه‌ی جدید,REMOVE
ابلاغ,2923,1747,action,استعلام (0.67),واژه‌ی جدید,action
ضمن,3217,1723,principle,طبق قانون (0.73),واژه‌ی جدید,REMOVE
دادگاه تجدیدنظر,2661,1721,role,دیوان عدالت اداری (0.78),واژه‌ی جدید,role
با توجه,4079,1717,principle,طبق قانون (0.73),واژه‌ی جدید,principle
استناد,3503,1714,action,ارجاع (0.76),واژه‌ی جدید,action
به طرفیت,2996,1711,role,بی‌طرف (0.67),واژه‌ی جدید,role
بوده,5652,1709,object,بلیت (0.59),واژه‌ی جدید,REMOVE
وارد,3144,1697,action,واردات (0.74),واژه‌ی جدید,action
حقوقی,3932,1696,concept,شخص حقوقی (0.80),واژه‌ی جدید,concept
مورخ,5239,1675,action,تقویم (0.66),واژه‌ی جدید,action
به اینکه,3486,1655,concept,علت (0.68),واژه‌ی جدید,concept
ظرف,2206,1648,concept,ظرفیت (0.65),واژه‌ی جدید,REMOVE
استان تهران,3123,1643,role,مجلس شورای اسلامی (0.60),واژه‌ی جدید,role
موجب,3430,1638,concept,سبب (0.79),واژه‌ی جدید,concept
تاریخ,6177,1633,object,رکورد (0.68),واژه‌ی جدید,object
قطعی است,1685,1609,concept,احکام قطعی (0.70),واژه‌ی جدید,concept
مورد,5210,1603,object,نمونه (0.71),واژه‌ی جدید,REMOVE
خانم,4991,1601,concept,شخص (0.69),واژه‌ی جدید,concept
عدم,4956,1599,action,عدم حضور (0.77),واژه‌ی جدید,REMOVE
حکم به,3170,1593,object,حکم (0.85),واژه‌ی جدید,object
شعبه,5860,1560,object,شعبه دادگاه (0.79),واژه‌ی جدید,object
صدور,3932,1551,concept,اطلاق (0.73),واژه‌ی جدید,concept
مواد,3212,1547,role,مصالح (0.68),واژه‌ی جدید,role
به خواسته,2155,1537,object,طلب (0.71),واژه‌ی جدید,object
الف,6246,1499,role,مضمون (0.63),واژه‌ی جدید,REMOVE
محتویات,2157,1481,role,مضمون (0.70),واژه‌ی جدید,role
جهت,3768,1450,concept,جهت‌گیری (0.81),واژه‌ی جدید,REMOVE
موضوع,3533,1434,object,قضیه (0.74),واژه‌ی جدید,object
مذکور,3785,1425,object,یادداشت (0.69),واژه‌ی جدید,object
نظر به,2366,1409,role,صاحب‌نظر (0.73),واژه‌ی جدید,role
صادره از,2114,1404,action,صادر کردن گواهی (0.68),واژه‌ی جدید,action
به دادنامه,1797,1404,concept,دادرسی (0.72),واژه‌ی جدید,concept
محترم,2806,1402,role,صاحب‌حق (0.70),واژه‌ی جدید,REMOVE
به موجب,2544,1388,principle,طبق قانون (0.77),واژه‌ی جدید,principle
عمومی حقوقی,2310,1382,principle,حقوق عمومی (0.81),واژه‌ی جدید,principle
بیست,1839,1361,role,مباشر (0.62),واژه‌ی جدید,REMOVE
محتویات پرونده,1911,1360,object,پرونده (0.79),واژه‌ی جدید,object
نمی,3284,1358,concept,غیرمستقل (0.58),واژه‌ی جدید,REMOVE
با وکالت,2820,1351,concept,وکالت (0.80),واژه‌ی جدید,concept
می نماید,2596,1323,role,موصی له (0.67),واژه‌ی جدید,REMOVE
حضوری,1490,1310,action,عدم حضور (0.74),واژه‌ی جدید,action
وی,3643,1298,role,شاهد (0.63),واژه‌ی جدید,REMOVE
ابلاغ قابل,1509,1296,concept,قابل اجرا بودن (0.67),واژه‌ی جدید,concept
تجدیدنظرخواه,2737,1269,concept,تجدیدنظر (0.89),alias پیشنهادی برای «تجدیدنظر»,concept
گردد,2758,1260,object,عین (0.57),واژه‌ی جدید,REMOVE
داشته,3546,1250,role,صاحب‌نظر (0.63),واژه‌ی جدید,REMOVE
طرفین,3147,1248,principle,بی‌طرفی (0.68),واژه‌ی جدید,principle
نیست,2314,1239,action,نفی (0.65),واژه‌ی جدید,REMOVE
تشخیص,1846,1233,action,ارزیابی (0.71),واژه‌ی جدید,action
به استناد,2030,1219,principle,طبق قانون (0.77),واژه‌ی جدید,principle
بیست روز,1492,1212,object,هفتگی (0.54),واژه‌ی جدید,object
شرح,2416,1183,action,تفسیر (0.68),واژه‌ی جدید,REMOVE
مستنداً,1832,1175,principle,طبق قانون (0.74),واژه‌ی جدید,principle
صدور حکم,2066,1159,action,صادر کردن حکم (0.91),alias پیشنهادی برای «صادر کردن حکم»,action
شود,2662,1156,action,حصول (0.61),واژه‌ی جدید,REMOVE
مستنداً به,1790,1156,principle,طبق قانون (0.75),واژه‌ی جدید,principle
مبنی,1938,1149,principle,لحاظ (0.66),واژه‌ی جدید,REMOVE
صورت,2470,1132,object,وجه (0.78),واژه‌ی جدید,REMOVE
ندارد,2092,1124,action,عدم حضور (0.69),واژه‌ی جدید,REMOVE
دادگاه با,1550,1121,action,ورود به دادگاه (0.78),واژه‌ی جدید,action
از ابلاغ,1318,1110,concept,اطلاق (0.67),واژه‌ی جدید,concept
داده,2493,1109,role,ديان (0.65),واژه‌ی جدید,REMOVE
مبنی بر,1834,1104,principle,طبق قانون (0.75),واژه‌ی جدید,REMOVE
رأی صادره,1675,1102,concept,نظر دادگاه (0.76),واژه‌ی جدید,concept
بدوی,2222,1100,object,دیه (0.56),واژه‌ی جدید,object
دعوی خواهان,1735,1090,role,اصحاب دعوی (0.87),واژه‌ی جدید,role
عنایت,1600,1069,concept,وصایت (0.72),واژه‌ی جدید,REMOVE
اعلام می,1608,1065,object,اعلامیه حراج (0.72),واژه‌ی جدید,object
ارائه,1873,1054,action,پیشنهاد (0.78),واژه‌ی جدید,action
فوق,2022,1053,concept,تجاوز (0.65),واژه‌ی جدید,REMOVE
روز پس,1208,1048,action,طی نامه (0.57),واژه‌ی جدید,action
دلیل,1713,1043,concept,علت (0.91),alias پیشنهادی برای «علت»,concept
مراتب,1500,1041,action,طبقه‌بندی (0.60),واژه‌ی جدید,REMOVE
با عنایت,1522,1037,principle,طبق قانون (0.71),واژه‌ی جدید,principle
عنایت به,1516,1037,concept,وصایت (0.70),واژه‌ی جدید,concept
مقررات,1776,1036,action,وضع مقررات (0.82),واژه‌ی جدید,action
نشده,1802,1027,concept,غیرمستند (0.67),واژه‌ی جدید,REMOVE
محاکم,1369,1019,action,محاکمه (0.83),واژه‌ی جدید,action
ریال,3389,1017,object,واحد پول (0.67),واژه‌ی جدید,object
اوراق,1407,1011,object,اوراق قرضه (0.82),واژه‌ی جدید,object
های,2722,1008,concept,هبه (0.69),واژه‌ی جدید,REMOVE
مطالبه,2586,991,object,طلب (0.78),واژه‌ی جدید,object
می گردد,1871,989,action,رجوع (0.67),واژه‌ی جدید,REMOVE
از تاریخ,1806,988,concept,خارج از موضوع (0.65),واژه‌ی جدید,concept
مطابق,1687,983,principle,طبق قانون (0.82),واژه‌ی جدید,principle
مبلغ,3336,981,action,پرداخت (0.72),واژه‌ی جدید,action
مدنی,1585,974,principle,حقوق مدنی (0.79),واژه‌ی جدید,principle
حقوقی تهران,1703,965,object,خدمات حقوقی (0.70),واژه‌ی جدید,object
صادره حضوری,1012,964,action,صادر کردن گواهی (0.72),واژه‌ی جدید,action
به شرح,1828,960,principle,طبق قانون (0.66),واژه‌ی جدید,principle
خواهان را,1203,948,object,طلب (0.76),واژه‌ی جدید,object
به پرداخت,2029,940,action,پرداخت (0.89),alias پیشنهادی برای «پرداخت»,action
تهران که,1006,939,principle,لحاظ (0.54),واژه‌ی جدید,principle
فرزند,3277,928,role,کودک (0.78),واژه‌ی جدید,role
تقاضای,2022,927,object,طلب (0.83),واژه‌ی جدید,object
درخواست,1823,920,object,طلب (0.88),alias پیشنهادی برای «طلب»,object
تجدیدنظرخواسته,1384,916,concept,تجدیدنظر (0.86),واژه‌ی جدید,concept
اظهارات,1665,914,object,اظهارنامه (0.77),واژه‌ی جدید,object
در تاریخ,2839,914,role,مضمون (0.65),واژه‌ی جدید,role
عنوان,2024,911,role,مضمون (0.74),واژه‌ی جدید,role
در پرونده,1425,910,object,پرونده (0.82),واژه‌ی جدید,object
اجرای,2056,904,concept,زمان اجرا (0.77),واژه‌ی جدید,concept
اساس,1412,900,object,اساسنامه (0.73),واژه‌ی جدید,object
نمی باشد,1441,898,action,نفی (0.65),واژه‌ی جدید,REMOVE
انجام,2297,892,concept,ایجاد تعهد (0.72),واژه‌ی جدید,concept
تقدیمی,1347,891,action,عرضه (0.67),واژه‌ی جدید,action
نبوده,1473,877,concept,نبود صلاحیت (0.66),واژه‌ی جدید,concept
وجود,1576,875,concept,ظهور (0.67),واژه‌ی جدید,concept
رسمی,3020,874,concept,رسمیت (0.72),واژه‌ی جدید,concept
به مواد,1076,871,principle,طبق قانون (0.62),واژه‌ی جدید,principle
ادعای,1587,870,concept,ادعا (0.89),alias پیشنهادی برای «ادعا»,concept
سوی,1662,868,concept,سب (0.58),واژه‌ی جدید,REMOVE
تقدیم,1868,864,concept,تبرع (0.73),واژه‌ی جدید,concept
حکم بر,1412,864,object,حکم (0.87),alias پیشنهادی برای «حکم»,object
خواهی,1844,863,object,طلب (0.71),واژه‌ی جدید,object
ایراد,1373,860,action,ایقاع (0.63),واژه‌ی جدید,action
حسب,1519,859,principle,طبق قانون (0.79),واژه‌ی جدید,principle
بند,1935,857,action,توقیف (0.68),واژه‌ی جدید,action
دو,1950,855,role,ديان (0.61),واژه‌ی جدید,REMOVE
امور,1538,854,concept,احوال (0.67),واژه‌ی جدید,concept
اول,2244,853,role,مباشر (0.65),واژه‌ی جدید,REMOVE
موجب آن,899,850,concept,سبب (0.78),واژه‌ی جدید,concept
اقدام,1675,848,action,تصرف (0.74),واژه‌ی جدید,action
از سوی,1547,846,principle,طبق قانون (0.69),واژه‌ی جدید,principle
اند,2368,843,object,سند (0.59),واژه‌ی جدید,REMOVE
کشور,2104,839,role,دولت (0.70),واژه‌ی جدید,role
ظرف بیست,1008,832,principle,طبق قانون (0.62),واژه‌ی جدید,principle
علی,1203,824,role,ولی (0.61),واژه‌ی جدید,REMOVE
غیر,1417,817,concept,غیرمستقل (0.85),واژه‌ی جدید,REMOVE
وکالت آقای,1325,816,concept,وکالت (0.75),واژه‌ی جدید,concept
چنین,1380,815,object,عین (0.64),واژه‌ی جدید,object
ننموده,1098,814,concept,نحله (0.64),واژه‌ی جدید,concept
واقع,1465,811,object,قضیه (0.73),واژه‌ی جدید,object
بودن,1540,808,concept,صالح بودن (0.72),واژه‌ی جدید,concept
سال,2305,807,concept,شرکت (0.66),واژه‌ی جدید,concept
خسارات,1460,806,concept,خسارت (0.87),alias پیشنهادی برای «خسارت»,concept
دادنامه تجدیدنظرخواسته,1189,805,action,تجدید دادرسی (0.75),واژه‌ی جدید,action
توسط,1478,804,principle,طبق قانون (0.71),واژه‌ی جدید,principle
نداشته,1329,797,concept,نبود صلاحیت (0.65),واژه‌ی جدید,concept
نقض دادنامه,961,796,action,نقض (0.79),واژه‌ی جدید,action
به مراتب,968,795,principle,لحاظ (0.66),واژه‌ی جدید,principle
در محاکم,900,792,action,محاکمه (0.78),واژه‌ی جدید,action
موجه,1004,792,role,موجر (0.68),واژه‌ی جدید,role
امر,1468,786,concept,اماره (0.65),واژه‌ی جدید,REMOVE
اظهار,2048,785,object,اظهارنامه (0.83),واژه‌ی جدید,object
خانواده,1784,784,concept,رابطه خانوادگی (0.79),واژه‌ی جدید,concept
طی,1846,776,action,طی نامه (0.81),واژه‌ی جدید,REMOVE
تعیین,1788,773,concept,حق تعیین (0.83),واژه‌ی جدید,concept
صادر شده,1125,765,role,صادرکننده (0.74),واژه‌ی جدید,role
مدت,1500,763,concept,بذل مدت (0.75),واژه‌ی جدید,REMOVE
ملاحظه,1051,762,principle,ملاحظه قانونی (0.83),واژه‌ی جدید,principle
انقلاب,1239,762,object,حق‌التحریر (0.63),واژه‌ی جدید,object
عمل,1230,761,concept,عهد عمل (0.76),واژه‌ی جدید,REMOVE
دیوان,2012,760,role,دیوان عدالت اداری (0.71),واژه‌ی جدید,role
زوجه,6800,757,concept,نفقه (0.70),واژه‌ی جدید,concept
قسمت,1364,756,object,قضیه (0.72),واژه‌ی جدید,object
اصل,1459,754,concept,اصیل (0.75),واژه‌ی جدید,concept
نامه,2589,750,action,طی نامه (0.79),واژه‌ی جدید,action
به شماره,1307,750,object,شماره پرونده (0.76),واژه‌ی جدید,object
خواهان صادر,848,748,action,صادر کردن حکم (0.72),واژه‌ی جدید,action
بین,1345,744,concept,بینونت (0.63),واژه‌ی جدید,REMOVE
ضمن رد,823,744,action,رد (0.81),واژه‌ی جدید,action
در حق,1102,742,concept,حق (0.78),واژه‌ی جدید,concept
طبق,1387,742,principle,طبق قانون (0.85),واژه‌ی جدید,principle
این رأی,905,737,object,رأی (0.82),واژه‌ی جدید,object
می شود,1290,735,concept,مظنه (0.65),واژه‌ی جدید,REMOVE
بابت,1740,732,principle,لحاظ (0.72),واژه‌ی جدید,principle
زمان,1517,727,concept,زمان اجرا (0.70),واژه‌ی جدید,concept
خوانده به,1111,726,action,فراخواندن (0.62),واژه‌ی جدید,action
احراز,1098,721,action,احراز هویت (0.81),واژه‌ی جدید,action
نظریه,1682,719,concept,نظریه مشورتی (0.76),واژه‌ی جدید,concept
عالی,1667,716,role,صاحب‌حق (0.63),واژه‌ی جدید,role
بنا,1003,716,object,نام (0.61),واژه‌ی جدید,REMOVE
در دادگاه,886,715,action,ورود به دادگاه (0.82),واژه‌ی جدید,action
زوج,5148,714,concept,ازدواج (0.70),واژه‌ی جدید,concept
رعایت,1034,710,principle,رعایت حقوق (0.86),واژه‌ی جدید,principle
به محتویات,844,702,role,مضمون (0.69),واژه‌ی جدید,role
ای,1463,698,role,مضمون (0.65),واژه‌ی جدید,REMOVE
مطروحه,1062,695,concept,مضاربه (0.61),واژه‌ی جدید,concept
طرفیت آقای,865,692,role,صاحب‌نظر (0.64),واژه‌ی جدید,role
تجدید,1692,691,action,تجدید نظر (0.82),واژه‌ی جدید,action
حاضر,1302,689,role,مخاطب (0.67),واژه‌ی جدید,role
تهران می,755,687,role,شهرداری (0.56),واژه‌ی جدید,role
رای صادره,1010,686,concept,نظر دادگاه (0.78),واژه‌ی جدید,concept
از دادنامه,872,683,action,طی روند دادرسی (0.72),واژه‌ی جدید,action
ناحیه,1191,682,object,محل (0.66),واژه‌ی جدید,object
حضور,1391,682,action,عدم حضور (0.79),واژه‌ی جدید,action
بر اساس,963,680,principle,طبق قانون (0.79),واژه‌ی جدید,principle
گرفته,1116,679,action,گرفتن (0.83),واژه‌ی جدید,action
در مورد,1324,678,concept,خارج از موضوع (0.73),واژه‌ی جدید,REMOVE
ایشان,1748,676,role,موصی له (0.61),واژه‌ی جدید,REMOVE
میلیون,1881,676,object,واحد پول (0.63),واژه‌ی جدید,object
عالی کشور,1506,671,principle,قضائی (0.57),واژه‌ی جدید,principle
کند,1386,670,role,هیات (0.57),واژه‌ی جدید,REMOVE
دلیلی,875,670,object,دلایل توجیهی (0.74),واژه‌ی جدید,object
در امور,927,666,principle,طبق قانون (0.67),واژه‌ی جدید,principle
دیوان عالی,1548,666,role,دیوان عدالت اداری (0.89),alias پیشنهادی برای «دیوان عدالت اداری»,role
مورخه,1405,666,action,تقویم (0.69),واژه‌ی جدید,action
معترض,971,665,action,اعتراض (0.89),alias پیشنهادی برای «اعتراض»,action
بی,989,665,role,بی‌طرف (0.64),واژه‌ی جدید,REMOVE
استناد به,888,664,action,ارجاع (0.73),واژه‌ی جدید,action
همان,1072,663,concept,هم‌راهی (0.65),واژه‌ی جدید,REMOVE
به لحاظ,1108,663,principle,لحاظ (0.84),واژه‌ی جدید,principle
در جلسه,1008,662,object,جلسه (0.90),alias پیشنهادی برای «جلسه»,object
تشکیل,1271,661,action,تأسیس (0.73),واژه‌ی جدید,action
خصوص دعوی,753,661,concept,دعوی (0.80),واژه‌ی جدید,concept
موازین,792,658,principle,موازنه (0.62),واژه‌ی جدید,principle
هیچ,1092,656,action,نفی (0.59),واژه‌ی جدید,REMOVE
مفاد,1010,655,concept,منافع اقتصادی (0.77),واژه‌ی جدید,concept
صادر گردیده,775,655,action,صادر کردن گواهی (0.71),واژه‌ی جدید,action
دوم,1609,653,action,داوری (0.56),واژه‌ی جدید,REMOVE
خواهد,984,650,concept,تمایل (0.62),واژه‌ی جدید,concept
بدون,1092,646,concept,غیرمستقل (0.72),واژه‌ی جدید,concept
دادخواست تقدیمی,772,644,object,دادخواست (0.86),واژه‌ی جدید,object
طرح,1189,641,action,پیشنهاد (0.65),واژه‌ی جدید,action
بطرفیت,942,641,role,بی‌طرف (0.76),واژه‌ی جدید,role
را وارد,730,636,action,ورود اطلاعات (0.78),واژه‌ی جدید,action
گزارش,1099,632,action,گزارش‌گیری (0.84),واژه‌ی جدید,action
از ناحیه,1058,631,principle,طبق قانون (0.66),واژه‌ی جدید,principle
قابل تجدیدنظرخواهی,682,628,concept,قابل تجدیدنظر (0.97),alias پیشنهادی برای «قابل تجدیدنظر»,concept
مشترک,2179,626,concept,فصل مشترک (0.76),واژه‌ی جدید,concept
ارسال,1091,622,action,نقل (0.71),واژه‌ی جدید,action
توضیح,864,620,object,دلایل توجیهی (0.77),واژه‌ی جدید,object
رد دعوی,946,620,concept,دعوی نفی مالکیت (0.77),واژه‌ی جدید,concept
ثابت,803,620,object,ثابت‌نامه (0.82),واژه‌ی جدید,object
تجدیدنظرخواهی آقای,652,619,concept,تجدیدنظر (0.80),واژه‌ی جدید,concept
درخصوص,1071,616,principle,طبق قانون (0.74),واژه‌ی جدید,principle
مقرر,1154,614,action,برآورد (0.69),واژه‌ی جدید,action
به عنوان,1248,614,principle,طبق قانون (0.72),واژه‌ی جدید,principle
مصوب,940,612,object,تصویب‌نامه (0.75),واژه‌ی جدید,object
دفتر,1164,610,object,دفترخانه (0.85),واژه‌ی جدید,object
وکیل خواهان,1175,608,role,وکیل (0.82),واژه‌ی جدید,role
موکل,2295,607,role,مودع (0.69),واژه‌ی جدید,role
استماع,1113,603,action,ضبط (0.72),واژه‌ی جدید,action
زندگی,2190,602,concept,حق زندگی (0.70),واژه‌ی جدید,concept
خسارات دادرسی,875,598,object,هزینه‌های دادرسی (0.79),واژه‌ی جدید,object
اوراق پرونده,706,598,object,پرونده (0.80),واژه‌ی جدید,object
عنه,797,598,role,موصی له (0.67),واژه‌ی جدید,REMOVE
مندرج,967,596,object,منقول (0.77),واژه‌ی جدید,object
برابر,1083,595,concept,همزمانی (0.69),واژه‌ی جدید,concept
رسیدگی به,1062,591,action,رسیدگی (0.95),alias پیشنهادی برای «رسیدگی»,action
موجود,784,590,action,وضع (0.67),واژه‌ی جدید,action
حیث,848,589,concept,حیازت (0.70),واژه‌ی جدید,REMOVE
نشده است,812,587,concept,غیرمستند (0.66),واژه‌ی جدید,REMOVE
محترم تجدیدنظر,650,586,concept,تجدیدنظر (0.86),واژه‌ی جدید,concept
با استناد,750,586,principle,طبق قانون (0.78),واژه‌ی جدید,principle
سه,1266,585,role,ثالث (0.73),واژه‌ی جدید,REMOVE
رابطه,954,580,concept,رابطه حقوقی (0.82),واژه‌ی جدید,concept
نامبرده,1079,580,concept,بی‌نام (0.71),واژه‌ی جدید,concept
فراهم,691,578,action,تأمین (0.73),واژه‌ی جدید,action
اسناد,1461,575,object,اسناد رسمی (0.87),واژه‌ی جدید,object
طرف,1052,574,role,بی‌طرف (0.75),واژه‌ی جدید,role
دهد,842,573,object,دیه (0.65),واژه‌ی جدید,REMOVE
مندرج در,904,573,role,مضمون (0.72),واژه‌ی جدید,role
بنا به,716,571,principle,طبق قانون (0.77),واژه‌ی جدید,principle
بوده است,1018,570,concept,ملزم بودن (0.65),واژه‌ی جدید,REMOVE
ها,1720,570,concept,هبه (0.73),واژه‌ی جدید,REMOVE
این شعبه,783,568,object,شعبه دادگاه (0.68),واژه‌ی جدید,object
امور مدنی,724,565,principle,حقوق مدنی (0.84),واژه‌ی جدید,principle
لذا دادگاه,663,564,concept,نظر دادگاه (0.69),واژه‌ی جدید,concept
بطلان دعوی,846,564,concept,بطلان (0.78),واژه‌ی جدید,concept
موجبات,635,563,concept,سبب (0.71),واژه‌ی جدید,concept
مرحله,721,560,action,گام (0.63),واژه‌ی جدید,action
فاقد,830,559,concept,نبود صلاحیت (0.74),واژه‌ی جدید,concept
ثبتی,1647,555,action,ثبت (0.90),alias پیشنهادی برای «ثبت»,action
در صورت,797,552,principle,فقط در صورت (0.82),واژه‌ی جدید,REMOVE
کلاسه,880,552,concept,کلاس (0.83),واژه‌ی جدید,concept
به دادگاه,794,550,concept,به‌محکومیت (0.77),واژه‌ی جدید,concept
قرائت,820,548,concept,استقراء (0.68),واژه‌ی جدید,concept
دلالت,768,547,concept,کفالت (0.70),واژه‌ی جدید,concept
انقلاب در,756,545,action,تغییر (0.59),واژه‌ی جدید,action
نگردیده,737,542,role,بزه‌دیده (0.65),واژه‌ی جدید,role
از شعبه,749,539,object,شعبه دادگاه (0.73),واژه‌ی جدید,object
تجدیدنظرخوانده,1011,539,concept,تجدیدنظر (0.85),واژه‌ی جدید,concept
بخش,1200,538,object,بخش‌نامه (0.82),واژه‌ی جدید,REMOVE
دانسته,718,537,object,تعرفه (0.69),واژه‌ی جدید,object
اثبات,1109,537,concept,ثبوت (0.89),alias پیشنهادی برای «ثبوت»,concept
تواند,765,537,concept,مظنه (0.61),واژه‌ی جدید,concept
نکرده,731,534,concept,نبود صلاحیت (0.61),واژه‌ی جدید,concept
همین,765,533,role,مضمون (0.60),واژه‌ی جدید,role
فیه,762,527,role,مضمون (0.59),واژه‌ی جدید,REMOVE
خصوص دادخواست,595,527,object,دادخواست (0.86),واژه‌ی جدید,object
به بطلان,831,527,concept,بطلان (0.84),واژه‌ی جدید,concept
تجدیدنظرخواهی در,573,526,concept,تجدیدنظر (0.87),واژه‌ی جدید,concept
اصول,606,520,principle,قوانین (0.64),واژه‌ی جدید,principle
ذیل,783,518,action,زیرنظر (0.60),واژه‌ی جدید,REMOVE
ابرازی,676,515,action,خوداظهاری (0.76),واژه‌ی جدید,action
او,1521,515,role,ولی (0.59),واژه‌ی جدید,REMOVE
روز از,575,515,concept,خارج از موضوع (0.60),واژه‌ی جدید,concept
محرز,625,515,role,مکره (0.64),واژه‌ی جدید,role
مهلت,755,514,concept,صلاحیت (0.68),واژه‌ی جدید,concept
بعد,1144,514,principle,طبق قانون (0.63),واژه‌ی جدید,REMOVE
ملک,1864,513,object,فرع ملک (0.72),واژه‌ی جدید,object
دادگاه به,596,513,concept,به‌محکومیت (0.75),واژه‌ی جدید,concept
قبل,890,513,concept,پیش‌فروش (0.65),واژه‌ی جدید,REMOVE
رأی قطعی,531,512,object,رای نهایی (0.86),واژه‌ی جدید,object
تاریخ ابلاغ,574,511,concept,اطلاق (0.62),واژه‌ی جدید,concept
به عمل,708,510,concept,عهد عمل (0.71),واژه‌ی جدید,concept
موصوف,785,510,role,موصی (0.76),واژه‌ی جدید,role
عضو,775,506,concept,رکن دعوی (0.75),واژه‌ی جدید,concept
سپس,794,505,concept,سبب (0.56),واژه‌ی جدید,REMOVE
را صادر,638,503,action,صادر کردن گواهی (0.63),واژه‌ی جدید,action
یافته,671,500,action,یافتن (0.78),واژه‌ی جدید,action
پرونده به,807,499,object,پرونده (0.84),واژه‌ی جدید,object
آن حکم,520,498,object,حکم (0.80),واژه‌ی جدید,object
حال,783,496,concept,احوال (0.68),واژه‌ی جدید,REMOVE
پاسخ,906,496,action,رد (0.82),واژه‌ی جدید,action
شرایط,775,495,concept,شرط (0.81),واژه‌ی جدید,concept
ضمن نقض,544,493,action,نقض (0.86),واژه‌ی جدید,action
این دادگاه,699,491,concept,نظر دادگاه (0.71),واژه‌ی جدید,concept
خواهان در,635,490,role,اصحاب دعوی (0.78),واژه‌ی جدید,role
بالا,536,487,concept,خارج از موضوع (0.61),واژه‌ی جدید,concept
صادره قطعی,501,487,concept,احکام قطعی (0.76),واژه‌ی جدید,concept
دادگستری,723,486,role,واحد دادگستری (0.81),واژه‌ی جدید,role
پرداخت مبلغ,815,486,action,پرداخت (0.88),alias پیشنهادی برای «پرداخت»,action
مرقوم,810,486,role,ضامن (0.58),واژه‌ی جدید,role
طرفیت خانم,589,484,action,پشتیبانی (0.61),واژه‌ی جدید,action
اخذ,881,482,action,گرفتن (0.85),واژه‌ی جدید,action
از حیث,635,480,principle,طبق قانون (0.72),واژه‌ی جدید,principle
بیان,910,479,concept,ادعا (0.66),واژه‌ی جدید,concept
میزان,896,478,concept,حد (0.73),واژه‌ی جدید,concept
جمله,631,476,role,مضمون (0.71),واژه‌ی جدید,role
قرائت گزارش,493,476,action,گزارش‌گیری (0.76),واژه‌ی جدید,action
زوجیت,929,475,concept,ازدواج (0.75),واژه‌ی جدید,concept
است،,965,475,principle,طبق قانون (0.63),واژه‌ی جدید,principle
اولاً,619,474,concept,مشروط (0.62),واژه‌ی جدید,concept
اصلی,1219,474,role,مضمون (0.69),واژه‌ی جدید,role
به وکالت,694,473,concept,وکالت (0.81),واژه‌ی جدید,concept
وفق,632,473,principle,طبق قانون (0.67),واژه‌ی جدید,principle
نتیجه,701,473,concept,علت (0.69),واژه‌ی جدید,concept
خواسته را,615,472,object,طلب (0.75),واژه‌ی جدید,object
آقای الف,1014,472,concept,شخص (0.66),واژه‌ی جدید,concept
حق خواهان,543,471,role,صاحب‌حق (0.76),واژه‌ی جدید,role
اخیر,577,471,concept,خارج از موضوع (0.65),واژه‌ی جدید,concept
رییس,600,470,role,رئیس دادگاه (0.69),واژه‌ی جدید,role
متضمن,526,470,role,مضمون (0.73),واژه‌ی جدید,role
ماه,871,469,object,مالیات (0.64),واژه‌ی جدید,object
مربوط,676,469,role,وابسته (0.71),واژه‌ی جدید,role
لازم,710,468,concept,لازمه (0.87),alias پیشنهادی برای «لازمه»,concept
دادگاه محترم,646,467,concept,نظر دادگاه (0.75),واژه‌ی جدید,concept
محسوب,608,466,principle,لحاظ (0.70),واژه‌ی جدید,principle
آمده,689,466,object,رسید (0.75),واژه‌ی جدید,object
ماده,733,466,object,عقار (0.65),واژه‌ی جدید,object
مطرح,697,463,role,مدعی (0.65),واژه‌ی جدید,role
مزبور,898,462,role,مغبون (0.62),واژه‌ی جدید,role
لوایح,625,462,object,لایحه (0.71),واژه‌ی جدید,object
آقایان,798,462,action,پیشنهاد (0.64),واژه‌ی جدید,action
صحیح,579,462,role,صاحب‌حق (0.72),واژه‌ی جدید,role
مدارک,718,462,object,مدرک (0.79),واژه‌ی جدید,object
اداره,1116,460,role,دولت (0.73),واژه‌ی جدید,role
دلایل,609,459,concept,علت (0.88),alias پیشنهادی برای «علت»,concept
خواندگان,1939,458,role,مأذون (0.57),واژه‌ی جدید,role
مستندا,639,457,object,مستندات (0.77),واژه‌ی جدید,object
زوجین,1212,457,concept,ازدواج (0.72),واژه‌ی جدید,concept
شعبه در,497,456,object,شعبه دادگاه (0.74),واژه‌ی جدید,object
از قرائت,466,454,concept,استقراء (0.68),واژه‌ی جدید,concept
بالا تشکیل,463,453,concept,ایجاد تعهد (0.56),واژه‌ی جدید,concept
خواه,1120,453,concept,تمایل (0.66),واژه‌ی جدید,concept
منزل,1288,452,object,محل (0.62),واژه‌ی جدید,object
آیین,612,452,object,آئین نامه (0.68),واژه‌ی جدید,object
خواهان به,582,451,object,طلب (0.79),واژه‌ی جدید,object
جهات,569,450,concept,جهت‌گیری (0.65),واژه‌ی جدید,concept
دادگاه در,640,450,action,ورود به دادگاه (0.78),واژه‌ی جدید,action
ثانیاً,591,450,object,تبصره (0.62),واژه‌ی جدید,object
دیگری,659,449,role,ثالث (0.64),واژه‌ی جدید,role
عادی,1072,449,concept,شخص طبیعی (0.59),واژه‌ی جدید,concept
سایر,679,448,concept,خارج از موضوع (0.63),واژه‌ی جدید,concept
انتقال,1454,448,action,نقل (0.82),واژه‌ی جدید,action
می‌باشد,1231,446,concept,قانونی بودن (0.65),واژه‌ی جدید,REMOVE
میلیون ریال,927,445,object,واحد پول (0.67),واژه‌ی جدید,object
به مبلغ,751,444,action,پرداخت (0.71),واژه‌ی جدید,action
الذکر,612,444,action,یادآوری (0.74),واژه‌ی جدید,action
ندانسته,509,442,concept,غیرمستند (0.61),واژه‌ی جدید,concept
می دهد,586,441,role,وام‌دهنده (0.69),واژه‌ی جدید,role
لیکن,614,441,role,ولی (0.73),واژه‌ی جدید,role
دعوای,991,440,concept,کشمکش حقوقی (0.79),واژه‌ی جدید,concept
دارای,685,439,concept,برخورداری (0.70),واژه‌ی جدید,concept
بوده که,596,439,concept,ملزم بودن (0.62),واژه‌ی جدید,concept
تجدیدنظرخواه به,516,439,concept,تجدیدنظر (0.84),واژه‌ی جدید,concept
آئین,591,439,object,آئین نامه (0.82),واژه‌ی جدید,object
تاریخ بالا,448,438,action,تقویم (0.62),واژه‌ی جدید,action
مشاوره نموده,446,438,action,مشاوره (0.83),واژه‌ی جدید,action
علیه,880,438,concept,ضد حقوق بشر (0.77),واژه‌ی جدید,concept
خصوص تجدیدنظرخواهی,455,438,concept,تجدیدنظر (0.80),واژه‌ی جدید,concept
مستند,656,437,object,مستندات (0.76),واژه‌ی جدید,object
بخواسته,561,436,action,واخواست (0.68),واژه‌ی جدید,action
من,1904,434,concept,منقص (0.64),واژه‌ی جدید,REMOVE
اقامه,624,434,action,اقاله (0.83),واژه‌ی جدید,action
خارج,687,434,concept,خارج از قلمرو (0.76),واژه‌ی جدید,concept
مندرجات,544,434,action,طبقه‌بندی (0.65),واژه‌ی جدید,action
نه,711,433,action,نفی (0.68),واژه‌ی جدید,REMOVE
پرونده کلاسه,601,432,object,پرونده (0.80),واژه‌ی جدید,object
قبول,771,431,action,پذیرش (0.87),واژه‌ی جدید,action
وکالت از,651,430,concept,وکالت (0.79),واژه‌ی جدید,concept
کارشناس,1124,428,role,مشاور (0.74),واژه‌ی جدید,role
تحت,666,428,action,زیر پای حقوق (0.73),واژه‌ی جدید,REMOVE
ردیف,1884,428,action,رد (0.71),واژه‌ی جدید,REMOVE
همچنین,679,428,role,مضمون (0.59),واژه‌ی جدید,role
اعاده,982,427,action,اعاده اعتبار (0.84),واژه‌ی جدید,action
داده است,657,427,concept,شخص (0.67),واژه‌ی جدید,REMOVE
موارد,691,427,object,نمونه (0.68),واژه‌ی جدید,object
مربوط به,600,425,concept,خارج از موضوع (0.69),واژه‌ی جدید,concept
آئین دادرسی,557,423,concept,آیین دادرسی (0.93),alias پیشنهادی برای «آیین دادرسی»,concept
دادخواستی,484,421,object,دادخواست (0.92),alias پیشنهادی برای «دادخواست»,object
امکان,933,421,action,پیشنهاد (0.70),واژه‌ی جدید,action
ممیز,470,420,concept,تمایز (0.67),واژه‌ی جدید,concept
دادگاههای,583,419,role,دیوان عدالت اداری (0.74),واژه‌ی جدید,role
بعد از,825,419,principle,طبق قانون (0.65),واژه‌ی جدید,principle
استفاده,690,418,action,استعمال (0.95),alias پیشنهادی برای «استعمال»,action
شرعی,596,418,principle,شرع (0.72),واژه‌ی جدید,principle
از جمله,545,418,principle,لحاظ (0.64),واژه‌ی جدید,principle
قرار رد,651,417,action,قرار (0.74),واژه‌ی جدید,action
یکی,585,417,concept,شخص (0.70),واژه‌ی جدید,REMOVE
خوانده در,558,417,role,محکوم‌علیه (0.61),واژه‌ی جدید,role
شهرستان,784,416,principle,محیط (0.63),واژه‌ی جدید,principle
اعتبار,644,416,action,اعاده اعتبار (0.74),واژه‌ی جدید,action
تومان,1112,415,object,واحد پول (0.66),واژه‌ی جدید,object
دادنامه معترض,487,414,action,اعتراض (0.75),واژه‌ی جدید,action
زندگی مشترک,1152,412,concept,ازدواج (0.75),واژه‌ی جدید,concept
وقت,833,412,concept,ضیق وقت (0.71),واژه‌ی جدید,REMOVE
دریافت,767,412,action,وصول (0.81),واژه‌ی جدید,action
فلذا,549,411,concept,سبب (0.59),واژه‌ی جدید,concept
ابراز,508,410,action,خوداظهاری (0.76),واژه‌ی جدید,action
دادگاه دعوی,436,410,concept,دعوی (0.87),واژه‌ی جدید,concept
معترض عنه,506,409,action,اعتراض (0.82),واژه‌ی جدید,action
مالی,799,408,concept,مالیت (0.81),واژه‌ی جدید,concept
منطبق,467,408,object,منقول (0.72),واژه‌ی جدید,object
مرجع,640,408,role,مرجع قضائی (0.71),واژه‌ی جدید,role
ادامه,697,408,concept,خارج از موضوع (0.68),واژه‌ی جدید,concept
عضو ممیز,453,407,concept,رکن دعوی (0.64),واژه‌ی جدید,concept
را فراهم,426,407,concept,ایجاد تعهد (0.68),واژه‌ی جدید,concept
مستشار دادگاه,418,407,role,رئیس دادگاه (0.71),واژه‌ی جدید,role
محاکم محترم,434,407,action,محاکمه (0.74),واژه‌ی جدید,action
مبادرت,649,406,concept,اجرت (0.62),واژه‌ی جدید,concept
تشکیل گردید,419,405,action,تأسیس (0.68),واژه‌ی جدید,action
اعلام نموده,606,404,object,اعلامیه حراج (0.67),واژه‌ی جدید,object
به رد,572,404,action,رد (0.86),واژه‌ی جدید,action
قبل از,670,404,concept,پیش‌فروش (0.65),واژه‌ی جدید,concept
محکومیت خوانده,508,403,concept,محکومیت (0.87),واژه‌ی جدید,concept
دادگاه خانواده,542,401,object,قانون خانواده (0.78),واژه‌ی جدید,object
تجدیدنظرخواسته را,461,400,concept,تجدیدنظر (0.83),واژه‌ی جدید,concept
می‌نماید,790,400,role,موصی له (0.67),واژه‌ی جدید,REMOVE
که موجبات,409,399,concept,سبب (0.76),واژه‌ی جدید,concept
فی,696,399,role,مضمون (0.60),واژه‌ی جدید,REMOVE
در مقام,559,397,role,مقام (0.79),واژه‌ی جدید,role
دعوی مطروحه,507,395,action,اقامه دعوی (0.84),واژه‌ی جدید,action
وقوع,678,394,concept,وقوع جرم (0.86),واژه‌ی جدید,concept
جهت رسیدگی,580,394,action,رسیدگی (0.88),alias پیشنهادی برای «رسیدگی»,action
موازین قانونی,430,393,concept,فضای قانونی (0.68),واژه‌ی جدید,concept
صادر می,512,393,role,صادرکننده (0.75),واژه‌ی جدید,role
تجدیدنظر خواسته,596,393,concept,تجدیدنظر (0.85),واژه‌ی جدید,concept
بدین,509,392,object,دیه (0.63),واژه‌ی جدید,object
شعبه ارجاع,415,390,action,ارجاع (0.84),واژه‌ی جدید,action
اقدام به,620,388,action,تصرف (0.75),واژه‌ی جدید,action
ابطال,1273,388,role,مبطل (0.67),واژه‌ی جدید,role
خواسته خواهان,474,387,object,طلب (0.79),واژه‌ی جدید,object
صرف,492,386,principle,لحاظ (0.68),واژه‌ی جدید,REMOVE
قابلیت,517,383,concept,قابلیت اجرایی (0.81),واژه‌ی جدید,concept
قانون آئین,492,383,object,آئین نامه (0.74),واژه‌ی جدید,object
این امر,538,382,object,قضیه (0.61),واژه‌ی جدید,object
نموده اند,641,381,action,تصرف (0.63),واژه‌ی جدید,REMOVE
دارم,791,381,action,گرفتن (0.67),واژه‌ی جدید,action
اینکه در,470,380,principle,طبق قانون (0.66),واژه‌ی جدید,REMOVE
به دیوان,424,380,concept,به‌محکومیت (0.66),واژه‌ی جدید,concept
به صدور,556,380,action,صادر کردن حکم (0.72),واژه‌ی جدید,action
ننموده است,453,380,concept,غیرمستند (0.62),واژه‌ی جدید,concept
الوکاله,609,379,object,حق‌الوکاله (0.85),واژه‌ی جدید,object
یکی از,510,377,concept,شخص (0.61),واژه‌ی جدید,concept
طرفی,469,377,role,بی‌طرف (0.74),واژه‌ی جدید,role
کننده,502,377,role,وام‌دهنده (0.74),واژه‌ی جدید,REMOVE
مبادرت به,604,376,object,موصى به (0.65),واژه‌ی جدید,object
نموده چنین,376,375,principle,لحاظ (0.60),واژه‌ی جدید,principle
دادگاه بدوی,598,375,object,شعبه دادگاه (0.66),واژه‌ی جدید,object
احتساب,487,374,object,مالیات (0.70),واژه‌ی جدید,object
که خواهان,434,374,role,اصحاب دعوی (0.71),واژه‌ی جدید,role
وصف,543,374,role,مضمون (0.67),واژه‌ی جدید,REMOVE
خواسته صدور,411,374,object,طلب (0.73),واژه‌ی جدید,object
مستندا به,511,372,principle,طبق قانون (0.75),واژه‌ی جدید,principle
به شعبه,616,372,object,شعبه دادگاه (0.72),واژه‌ی جدید,object
موجبات نقض,377,372,action,نقض (0.77),واژه‌ی جدید,action
تحویل,1065,372,action,تحویل حکم (0.84),واژه‌ی جدید,action
آنان,676,372,role,اهل (0.62),واژه‌ی جدید,role
ناشی,615,371,concept,سبب (0.71),واژه‌ی جدید,concept
معرفی,750,371,action,پیشنهاد (0.77),واژه‌ی جدید,action
دادگاههای عمومی,495,370,principle,حقوق عمومی (0.75),واژه‌ی جدید,principle
وکلای,752,369,role,وکیل (0.79),واژه‌ی جدید,role
اشکال,403,367,concept,نقص (0.70),واژه‌ی جدید,concept
در زمان,610,365,principle,طبق قانون (0.70),واژه‌ی جدید,principle
نداده,429,365,concept,نبود صلاحیت (0.67),واژه‌ی جدید,concept
خانواده تهران,527,365,concept,رابطه خانوادگی (0.63),واژه‌ی جدید,concept
دادگاه حقوقی,471,364,object,بنیاد حقوقی (0.77),واژه‌ی جدید,object
نظر استان,441,362,concept,نظر دادگاه (0.69),واژه‌ی جدید,concept
وکیل خوانده,580,362,role,وکیل (0.76),واژه‌ی جدید,role
گونه,492,361,concept,نوع جرم (0.64),واژه‌ی جدید,concept
قید,541,361,action,وضع قید (0.83),واژه‌ی جدید,action
سوم,705,361,role,ثالث (0.77),واژه‌ی جدید,REMOVE
ریال بابت,743,359,principle,لحاظ (0.61),واژه‌ی جدید,principle
قانون آیین,464,359,concept,آیین دادرسی (0.68),واژه‌ی جدید,concept
شعبه محترم,423,359,object,شعبه دادگاه (0.73),واژه‌ی جدید,object
فوق الذکر,477,358,concept,خارج از موضوع (0.68),واژه‌ی جدید,concept
موجود در,402,357,concept,شخص (0.66),واژه‌ی جدید,concept
این رای,419,357,object,رأی (0.78),واژه‌ی جدید,object
ناشی از,578,356,concept,سبب (0.78),واژه‌ی جدید,concept
اظهار داشته,843,355,object,اظهارنامه (0.76),واژه‌ی جدید,object
فرجام خواهی,831,355,action,فرجام (0.73),واژه‌ی جدید,action
از طرف,565,354,principle,طبق قانون (0.72),واژه‌ی جدید,principle
کار,691,353,role,کارمند (0.71),واژه‌ی جدید,REMOVE
استناد مواد,394,353,object,مستندات (0.67),واژه‌ی جدید,object
مراجعه,571,353,action,رجوع (0.79),واژه‌ی جدید,action
راجع,555,352,action,رجوع (0.75),واژه‌ی جدید,action
مهریه,1677,351,object,ارثیه (0.68),واژه‌ی جدید,object
از طرفی,433,351,role,بی‌طرف (0.72),واژه‌ی جدید,role
ما,615,351,concept,تعریف (0.65),واژه‌ی جدید,REMOVE
انضمام,497,350,principle,شمولیت (0.81),واژه‌ی جدید,principle
ان,1546,349,object,اعیان (0.65),واژه‌ی جدید,REMOVE
با احتساب,439,349,principle,طبق قانون (0.75),واژه‌ی جدید,principle
کارشناسی,788,349,concept,نظریه کارشناسی (0.81),واژه‌ی جدید,concept
تأیید می,364,349,action,تأیید (0.91),alias پیشنهادی برای «تأیید»,action
قابل اعتراض,383,348,concept,حق اعتراض (0.82),واژه‌ی جدید,concept
دادرسی دادگاههای,458,348,concept,دادرسی (0.84),واژه‌ی جدید,concept
کشور ارسال,373,348,action,نقل (0.62),واژه‌ی جدید,action
راجع به,544,347,concept,خارج از موضوع (0.70),واژه‌ی جدید,concept
به نظر,422,347,role,صاحب‌نظر (0.72),واژه‌ی جدید,role
دادنامه تجدیدنظر,490,347,action,تجدید دادرسی (0.79),واژه‌ی جدید,action
هنگام,423,346,action,طی آگهی (0.67),واژه‌ی جدید,action
حکایت,447,346,action,ذکر (0.68),واژه‌ی جدید,action
وکالت خانم,492,345,concept,وکالت (0.73),واژه‌ی جدید,concept
دادرس,387,345,concept,دادرسی (0.86),واژه‌ی جدید,concept
تجدیدنظر در,375,345,concept,تجدیدنظر (0.95),alias پیشنهادی برای «تجدیدنظر»,concept
به نام,619,345,object,نام (0.83),واژه‌ی جدید,object
شش,598,345,concept,خمس (0.62),واژه‌ی جدید,REMOVE
وارد تشخیص,404,344,action,ورود اطلاعات (0.68),واژه‌ی جدید,action
نمایند,484,344,role,نماینده (0.81),واژه‌ی جدید,role
اعمال,642,344,action,تصرف (0.69),واژه‌ی جدید,action
تلقی,462,343,principle,لحاظ (0.66),واژه‌ی جدید,principle
بلکه,427,343,principle,لحاظ (0.62),واژه‌ی جدید,principle
خواهد بود,449,342,action,پیش‌گویی (0.60),واژه‌ی جدید,action
مانحن,411,341,concept,منقص (0.60),واژه‌ی جدید,concept
به انضمام,475,340,action,پیوست (0.71),واژه‌ی جدید,action
استنادی,509,338,action,ارجاع (0.71),واژه‌ی جدید,action
به خوانده,509,338,role,مخاطب (0.63),واژه‌ی جدید,role
اقای,1722,337,role,صاحب‌حق (0.69),واژه‌ی جدید,role
داشته است,530,336,concept,شخص (0.71),واژه‌ی جدید,REMOVE
قواعد,383,336,principle,قوانین (0.80),واژه‌ی جدید,principle
خویش,546,336,action,خوداظهاری (0.67),واژه‌ی جدید,action
طریق,483,336,principle,لحاظ (0.59),واژه‌ی جدید,principle
یاد,534,335,action,یادآوری (0.78),واژه‌ی جدید,REMOVE
می تواند,432,335,concept,مظنه (0.65),واژه‌ی جدید,concept
به خواهان,464,334,object,طلب (0.71),واژه‌ی جدید,object
بر اینکه,415,334,principle,طبق قانون (0.67),واژه‌ی جدید,REMOVE
کیفری,1014,333,concept,کیفر (0.85),واژه‌ی جدید,concept
باب,540,333,concept,سب (0.60),واژه‌ی جدید,concept
مکلف,411,332,role,مكفول (0.71),واژه‌ی جدید,role
چند,443,332,concept,عده (0.73),واژه‌ی جدید,REMOVE
قضایی,516,331,principle,قضائی (0.81),واژه‌ی جدید,principle
دلیلی بر,383,331,object,دلایل توجیهی (0.83),واژه‌ی جدید,object
قرار گرفته,463,330,action,وضع (0.72),واژه‌ی جدید,action
بر محکومیت,420,330,concept,به‌محکومیت (0.92),alias پیشنهادی برای «به‌محکومیت»,concept
اختیار,504,329,concept,حق انتخاب (0.69),واژه‌ی جدید,concept
اصدار,391,329,action,پشتیبانی (0.65),واژه‌ی جدید,action
خواسته مطالبه,404,328,object,طلب (0.80),واژه‌ی جدید,object
به دلیل,470,328,concept,علت (0.83),واژه‌ی جدید,concept
ختم,434,328,action,تعلیق (0.60),واژه‌ی جدید,REMOVE
رد تجدیدنظرخواهی,343,328,object,رای تجدیدنظر (0.76),واژه‌ی جدید,object
اعتباری,395,328,action,اعاده اعتبار (0.70),واژه‌ی جدید,action
محاکم تجدیدنظر,377,328,concept,تجدیدنظر (0.74),واژه‌ی جدید,concept
اصلاح,559,326,action,اصلاح ذات‌البین (0.77),واژه‌ی جدید,action
عهده,441,325,concept,ذمه (0.69),واژه‌ی جدید,concept
لغایت,622,325,concept,کفایت (0.66),واژه‌ی جدید,concept
به جهت,467,324,concept,سبب (0.72),واژه‌ی جدید,concept
ردیف اول,871,324,action,توقیف (0.60),واژه‌ی جدید,REMOVE
چنین رأی,373,323,object,رأی (0.76),واژه‌ی جدید,object
می کند,642,323,concept,شخص (0.67),واژه‌ی جدید,REMOVE
مصدق,407,322,concept,مباح (0.60),واژه‌ی جدید,concept
نخستین,458,321,action,تأسیس (0.58),واژه‌ی جدید,action
وضعیت,509,321,concept,وضعیت اقتصادی (0.86),واژه‌ی جدید,concept
علاوه,421,320,object,تبصره (0.63),واژه‌ی جدید,object
را تأیید,357,319,action,تأیید (0.91),alias پیشنهادی برای «تأیید»,action
پیش,495,319,action,پیش‌گویی (0.82),واژه‌ی جدید,REMOVE
بموجب,618,318,principle,طبق قانون (0.82),واژه‌ی جدید,principle
هزار,690,318,role,پیک (0.57),واژه‌ی جدید,role
مقررات قانونی,392,318,principle,قوانین (0.77),واژه‌ی جدید,principle
حقی,474,318,concept,حق (0.82),واژه‌ی جدید,REMOVE
مذکور در,424,318,action,طی آگهی (0.67),واژه‌ی جدید,action
این مرحله,338,318,action,طی مراحل قانونی (0.61),واژه‌ی جدید,action
زوجه در,593,315,concept,ازدواج (0.64),واژه‌ی جدید,concept
رأی دادگاه,381,315,concept,نظر دادگاه (0.88),alias پیشنهادی برای «نظر دادگاه»,concept
تهران است,340,315,object,یادداشت (0.59),واژه‌ی جدید,object
ایجاد,455,315,action,تأسیس (0.80),واژه‌ی جدید,action
الوکاله وکیل,431,314,object,حق‌الوکاله (0.81),واژه‌ی جدید,object
به صورت,481,314,principle,طبق قانون (0.74),واژه‌ی جدید,principle
تنظیمی,492,314,action,تنظیم (0.90),alias پیشنهادی برای «تنظیم»,action
در مانحن,376,313,concept,مظنه (0.56),واژه‌ی جدید,concept
باشند,428,313,role,اهل (0.62),واژه‌ی جدید,role
جلسه دادرسی,427,313,concept,دادرسی (0.83),واژه‌ی جدید,concept
بشرح,603,312,object,دلایل توجیهی (0.71),واژه‌ی جدید,object
ابرام,356,311,concept,ارحام (0.61),واژه‌ی جدید,concept
بر بطلان,412,311,concept,بطلان (0.82),واژه‌ی جدید,concept
طرح دعوی,456,309,action,اقامه دعوی (0.86),واژه‌ی جدید,action
فرجام خواسته,670,309,action,فرجام (0.73),واژه‌ی جدید,action
صادره ظرف,322,309,action,صادر کردن گواهی (0.68),واژه‌ی جدید,action
همسرش,487,308,concept,ازدواج (0.65),واژه‌ی جدید,concept
از قانون,399,307,object,قانون (0.80),واژه‌ی جدید,object
خواهی در,337,307,object,طلب (0.68),واژه‌ی جدید,object
عیناً,320,307,object,عین (0.79),واژه‌ی جدید,object
به بند,373,306,action,وضع قید (0.71),واژه‌ی جدید,action
شرح دادخواست,356,306,object,دادخواست (0.81),واژه‌ی جدید,object
واحد,509,306,object,واحد پول (0.86),واژه‌ی جدید,object
است دادگاه,373,304,action,ورود به دادگاه (0.74),واژه‌ی جدید,action
الزام به,469,304,action,الزام (0.85),واژه‌ی جدید,action
طی دادنامه,490,303,action,طی نامه (0.82),واژه‌ی جدید,action
فقط,442,303,principle,فقط در صورت (0.77),واژه‌ی جدید,REMOVE
مانحن فیه,367,302,concept,منقص (0.56),واژه‌ی جدید,concept
خوانده ردیف,1179,302,action,فراخوانی (0.61),واژه‌ی جدید,action
شدن,468,302,action,حصول (0.68),واژه‌ی جدید,REMOVE
وارد نیست,338,302,concept,مداخله (0.64),واژه‌ی جدید,concept
قسمت اخیر,327,300,object,رای نهایی (0.63),واژه‌ی جدید,object
قبال,417,299,action,گرفتن (0.60),واژه‌ی جدید,action
وارد است,311,299,concept,مداخله (0.72),واژه‌ی جدید,concept
ملاحظه اوراق,302,298,principle,ملاحظه قانونی (0.75),واژه‌ی جدید,principle
مجدد,478,298,concept,دعوی مجدد (0.68),واژه‌ی جدید,concept
یاد شده,471,298,action,یادآوری (0.79),واژه‌ی جدید,action
متن,392,298,role,مضمون (0.81),واژه‌ی جدید,role
در قبال,414,297,principle,طبق قانون (0.71),واژه‌ی جدید,principle
را اعلام,376,297,object,اعلامیه حراج (0.70),واژه‌ی جدید,object
دادرسی در,369,296,concept,دادرسی (0.89),alias پیشنهادی برای «دادرسی»,concept
نظر خواهی,416,296,object,رای مشورتی (0.81),واژه‌ی جدید,object
فقره,566,296,object,تبصره (0.65),واژه‌ی جدید,object
تحقق,502,295,action,حصول (0.72),واژه‌ی جدید,action
زوجه به,477,295,concept,نفقه (0.61),واژه‌ی جدید,concept
الزام خوانده,366,295,action,الزام (0.80),واژه‌ی جدید,action
حتی,435,294,concept,هم‌راهی (0.57),واژه‌ی جدید,REMOVE
مقوم,381,294,role,ضامن (0.65),واژه‌ی جدید,role
نوع,444,293,concept,نوع جرم (0.79),واژه‌ی جدید,REMOVE
خوانده را,334,293,action,فراخواندن (0.60),واژه‌ی جدید,action
پرونده را,402,293,object,پرونده (0.81),واژه‌ی جدید,object
رای قطعی,311,293,object,رای نهایی (0.89),alias پیشنهادی برای «رای نهایی»,object
دعوی آقای,313,292,concept,دعوی (0.83),واژه‌ی جدید,concept
دعوی صادر,339,291,concept,دعوی (0.83),واژه‌ی جدید,concept
تجدیدنظرخواهی خانم,298,291,concept,تجدیدنظر (0.79),واژه‌ی جدید,concept
تشخیص داده,322,291,action,کشف جرم (0.67),واژه‌ی جدید,action
صادر نموده,417,290,role,صادرکننده (0.72),واژه‌ی جدید,role
ناظر,382,290,concept,نهاد ناظر (0.84),واژه‌ی جدید,concept
خانه,635,290,object,دفترخانه (0.64),واژه‌ی جدید,object
مراتب فوق,325,289,action,طبقه‌بندی (0.59),واژه‌ی جدید,action
مشخص,406,289,concept,صراحت (0.70),واژه‌ی جدید,concept
تمام,498,288,concept,کامل (0.78),واژه‌ی جدید,concept
احکام,499,288,object,حکم (0.80),واژه‌ی جدید,object
قابل تجدید,312,288,concept,قابل تجدیدنظر (0.82),واژه‌ی جدید,concept
زوج به,527,288,concept,ازدواج (0.65),واژه‌ی جدید,concept
ایام,796,287,concept,احوال (0.66),واژه‌ی جدید,concept
با حضور,438,287,action,عدم حضور (0.71),واژه‌ی جدید,action
واقع در,450,287,action,وضع (0.64),واژه‌ی جدید,action
دادخواستی به,305,287,object,دادخواست (0.89),alias پیشنهادی برای «دادخواست»,object
عنه را,310,285,role,موصی له (0.67),واژه‌ی جدید,role
شور,295,284,concept,زور (0.56),واژه‌ی جدید,concept
تقاضای صدور,359,284,object,طلب (0.75),واژه‌ی جدید,object
مابین,485,284,action,طی تفاهم (0.59),واژه‌ی جدید,action
با رعایت,321,284,principle,رعایت قانون (0.80),واژه‌ی جدید,principle
ایین,719,283,concept,ایمان (0.57),واژه‌ی جدید,concept
کل,432,283,object,دفتر کل (0.68),واژه‌ی جدید,REMOVE
داشته که,392,283,role,صاحب‌نظر (0.63),واژه‌ی جدید,role
ایین دادرسی,686,282,concept,آیین دادرسی (0.80),واژه‌ی جدید,concept
دلالت بر,365,282,concept,صراحت (0.72),واژه‌ی جدید,concept
ردّ,524,281,action,رد (0.89),alias پیشنهادی برای «رد»,REMOVE
گزارش آقای,287,281,action,گزارش‌گیری (0.77),واژه‌ی جدید,action
قانون ایین,677,280,object,قانون (0.67),واژه‌ی جدید,object
ظرف مدت,321,280,principle,طبق قانون (0.71),واژه‌ی جدید,principle
شعبه اول,528,280,object,شعبه دادگاه (0.72),واژه‌ی جدید,object
بی اعتباری,311,280,concept,بی‌کفایتی (0.79),واژه‌ی جدید,concept
تشریفات,316,279,principle,آداب و رسوم (0.65),واژه‌ی جدید,principle
اثر,390,279,action,نفوذ (0.62),واژه‌ی جدید,REMOVE
منطبق با,302,279,principle,طبق قانون (0.71),واژه‌ی جدید,principle
قرار عدم,493,279,action,قرار (0.77),واژه‌ی جدید,action
صرفاً,397,279,principle,فقط در صورت (0.77),واژه‌ی جدید,principle
ظرف مهلت,317,279,action,طی ماده قانونی (0.71),واژه‌ی جدید,action
محمد,350,279,concept,اماره (0.58),واژه‌ی جدید,concept
عمومی خانواده,333,279,principle,حقوق عمومی (0.70),واژه‌ی جدید,principle
بعدی,345,278,action,پیش‌بینی (0.63),واژه‌ی جدید,action
مال,546,278,concept,مالیت (0.72),واژه‌ی جدید,REMOVE
از طریق,402,278,action,طی ماده قانونی (0.73),واژه‌ی جدید,action
اعتراضیه,331,278,action,اعتراض (0.84),واژه‌ی جدید,action
نظر از,317,277,role,صاحب‌نظر (0.73),واژه‌ی جدید,REMOVE
بنام,496,276,object,نام (0.79),واژه‌ی جدید,object
همان قانون,329,276,principle,طبق قانون (0.73),واژه‌ی جدید,principle
ریال به,381,276,object,واحد پول (0.60),واژه‌ی جدید,object
حدود,503,275,action,تعیین حدود (0.83),واژه‌ی جدید,action
پزشکی,1181,275,concept,صحت (0.69),واژه‌ی جدید,concept
نکاحیه,475,274,concept,نکاح (0.75),واژه‌ی جدید,concept
تصریح,393,272,concept,صراحت (0.72),واژه‌ی جدید,concept
محکوم به,399,272,concept,به‌محکومیت (0.91),alias پیشنهادی برای «به‌محکومیت»,concept
مبایعه,939,272,object,مبایعه‌نامه (0.83),واژه‌ی جدید,object
دادرسی مدنی,482,271,principle,حقوق مدنی (0.79),واژه‌ی جدید,principle
بعمل,397,271,action,وضع (0.64),واژه‌ی جدید,action
پنج,460,271,concept,خمس (0.89),alias پیشنهادی برای «خمس»,REMOVE
مبنای,352,271,object,اساسنامه (0.62),واژه‌ی جدید,object
دعوا,542,271,action,فراخواندن (0.73),واژه‌ی جدید,action
پدر,610,271,role,والدین (0.75),واژه‌ی جدید,role
مجموع,320,270,action,جمع‌بندی (0.68),واژه‌ی جدید,action
محترم بدوی,306,270,role,صاحب‌حق (0.62),واژه‌ی جدید,role
مقوم به,344,270,role,متعهدله (0.71),واژه‌ی جدید,role
متوجه,410,270,action,حصول (0.67),واژه‌ی جدید,action
در اجرای,369,269,concept,زمان اجرا (0.74),واژه‌ی جدید,concept
فروش,619,269,concept,خرید و فروش (0.83),واژه‌ی جدید,concept
استوار,275,268,principle,ثبات (0.66),واژه‌ی جدید,principle
واخواهی,660,268,action,واخواست (0.80),واژه‌ی جدید,action
نکرده است,312,267,action,عدم حضور (0.63),واژه‌ی جدید,action
المثل,1163,267,concept,اجرت المثل (0.77),واژه‌ی جدید,concept
می‌گردد,490,267,action,رجوع (0.67),واژه‌ی جدید,REMOVE
امر به,353,266,concept,اماره (0.64),واژه‌ی جدید,concept
مربوطه,376,266,role,وابسته (0.70),واژه‌ی جدید,role
ارائه ننموده,296,265,concept,نبود صلاحیت (0.66),واژه‌ی جدید,concept
نگردیده است,306,265,action,عدم حضور (0.64),واژه‌ی جدید,action
همسر,505,265,concept,ازدواج (0.68),واژه‌ی جدید,concept
بلحاظ,430,264,principle,لحاظ (0.63),واژه‌ی جدید,principle
یعنی,375,264,concept,تعریف (0.69),واژه‌ی جدید,concept
نمی تواند,329,264,concept,غیرممکن (0.78),واژه‌ی جدید,concept
مستشاران,269,264,role,مشاور (0.69),واژه‌ی جدید,role
ارجاع امر,349,263,action,ارجاع (0.82),واژه‌ی جدید,action
رعایت اصول,269,263,principle,رعایت قانون (0.86),واژه‌ی جدید,principle
ماهوی,319,263,concept,سهو (0.58),واژه‌ی جدید,concept
اطلاع,542,263,action,استعلام (0.76),واژه‌ی جدید,action
باشد،,370,263,principle,طبق قانون (0.64),واژه‌ی جدید,principle
صادرشده,328,263,role,صادرکننده (0.79),واژه‌ی جدید,role
خسارت دادرسی,327,262,object,هزینه دادرسی (0.81),واژه‌ی جدید,object
بر صحت,299,261,concept,صحت (0.74),واژه‌ی جدید,concept
این خصوص,339,261,principle,طبق قانون (0.63),واژه‌ی جدید,REMOVE
مسلم,316,261,concept,شخص (0.62),واژه‌ی جدید,concept
مؤثر,319,261,concept,مداخله (0.65),واژه‌ی جدید,concept
اجازه,380,260,object,مجوز (0.86),واژه‌ی جدید,object
گرفته است,328,260,action,گرفتن (0.80),واژه‌ی جدید,action
دعوت,424,260,action,فراخوانی (0.80),واژه‌ی جدید,action
به علت,408,260,concept,علت (0.86),واژه‌ی جدید,concept
ارجاع شده,372,259,action,ارجاع (0.87),alias پیشنهادی برای «ارجاع»,action
تأدیه,536,259,action,تقیید (0.69),واژه‌ی جدید,action
لایحه اعتراضیه,309,259,object,لایحه (0.77),واژه‌ی جدید,object
انطباق,292,258,concept,ارتفاق (0.71),واژه‌ی جدید,concept
در دادنامه,339,258,action,طی روند دادرسی (0.73),واژه‌ی جدید,action
استنباط,311,258,action,استنطاق (0.80),واژه‌ی جدید,action
حاصل,352,258,action,حصول (0.68),واژه‌ی جدید,action
از اینکه,303,258,concept,علت (0.66),واژه‌ی جدید,REMOVE
نیست که,279,257,object,غير منقول (0.59),واژه‌ی جدید,object
اموال,607,257,action,تحویل اموال (0.76),واژه‌ی جدید,action
به قسمت,275,257,object,موصى به (0.68),واژه‌ی جدید,object
رد اعتراض,263,257,action,اعتراض (0.83),واژه‌ی جدید,action
موجهی,270,257,object,دلایل توجیهی (0.66),واژه‌ی جدید,object
تهیه,458,256,action,گرفتن (0.68),واژه‌ی جدید,action
اصل خواسته,335,256,principle,اصل مالکیت (0.70),واژه‌ی جدید,principle
آپارتمان,849,256,object,شماره املاک (0.62),واژه‌ی جدید,object
مشارالیه,334,255,concept,مضاربه (0.58),واژه‌ی جدید,concept
مرحله از,264,255,action,طی مراحل قانونی (0.62),واژه‌ی جدید,action
با تقدیم,393,254,concept,تبرع (0.72),واژه‌ی جدید,concept
حل,462,254,action,علاج (0.68),واژه‌ی جدید,REMOVE
خواسته الزام,303,254,action,الزام (0.82),واژه‌ی جدید,action
روز قابل,289,254,concept,قابل اجرا بودن (0.56),واژه‌ی جدید,concept
ثابت تشخیص,265,254,object,ثابت‌نامه (0.67),واژه‌ی جدید,object
ام,611,253,object,وام (0.68),واژه‌ی جدید,REMOVE
سند نکاحیه,429,253,concept,نکاح (0.72),واژه‌ی جدید,concept
فی مابین,433,253,action,طی تفاهم (0.66),واژه‌ی جدید,action
معاون,312,253,role,نایب (0.69),واژه‌ی جدید,role
هیئت,429,252,role,هیات (0.84),واژه‌ی جدید,role
خارج از,351,252,concept,خارج از قلمرو (0.87),واژه‌ی جدید,concept
میگردد,407,251,action,رجوع (0.65),واژه‌ی جدید,action
دائم,467,250,concept,غیرقابل تغییر (0.62),واژه‌ی جدید,concept
اعلام داشته,374,250,object,اظهارنامه (0.69),واژه‌ی جدید,object
آنچه,302,250,role,مضمون (0.65),واژه‌ی جدید,role
با موازین,271,249,principle,طبق قانون (0.69),واژه‌ی جدید,principle
گواهی عدم,574,248,object,گواهی (0.74),واژه‌ی جدید,object
ختم رسیدگی,308,248,action,رسیدگی (0.79),واژه‌ی جدید,action
موجب دادنامه,370,248,concept,سبب (0.65),واژه‌ی جدید,concept
صدور قرار,311,247,action,قرار (0.85),واژه‌ی جدید,action
فرعی,494,247,object,فرع ملک (0.72),واژه‌ی جدید,object
عمومی تهران,328,246,object,خدمات عمومی (0.71),واژه‌ی جدید,object
چهار,375,246,concept,خمس (0.62),واژه‌ی جدید,concept
متعلق,357,246,principle,لحاظ (0.68),واژه‌ی جدید,principle
را جهت,280,246,concept,جهت‌گیری (0.69),واژه‌ی جدید,REMOVE
وارد نمی,265,246,action,ورود اطلاعات (0.69),واژه‌ی جدید,action
گفته,558,246,concept,ادعا (0.67),واژه‌ی جدید,REMOVE
اصدار یافته,277,245,action,حصول (0.62),واژه‌ی جدید,action
اول دادگاه,452,245,action,ورود به دادگاه (0.70),واژه‌ی جدید,action
اشاره,342,245,action,ارجاع (0.78),واژه‌ی جدید,action
صورت گرفته,313,245,action,مأخوذ (0.69),واژه‌ی جدید,action
جریان,340,244,object,قضیه (0.64),واژه‌ی جدید,object
نخواهد,307,244,concept,تمایل (0.60),واژه‌ی جدید,concept
با رد,263,244,action,رد (0.85),واژه‌ی جدید,action
تجدیدنظراستان,283,244,concept,تجدیدنظر (0.80),واژه‌ی جدید,concept
دانگ,846,244,role,ديان (0.62),واژه‌ی جدید,role
اتهام,689,243,concept,ادعا (0.81),واژه‌ی جدید,concept
توضیحات,293,243,object,دلایل توجیهی (0.75),واژه‌ی جدید,object
به زوجه,422,243,role,موصی له (0.64),واژه‌ی جدید,role
وجود ندارد,292,242,action,عدم حضور (0.72),واژه‌ی جدید,action
نحوه,343,242,action,نحوه رسیدگی (0.74),واژه‌ی جدید,action
نمودن,344,242,action,یافتن (0.69),واژه‌ی جدید,action
ردیف دوم,552,242,action,رد (0.62),واژه‌ی جدید,REMOVE
گیرد,308,242,action,گرفتن (0.71),واژه‌ی جدید,action
ید,615,242,action,خلع ید (0.75),واژه‌ی جدید,REMOVE
زن,433,242,concept,زنا (0.81),واژه‌ی جدید,REMOVE
اند که,326,241,concept,عده (0.65),واژه‌ی جدید,concept
بین طرفین,322,240,action,طی تفاهم (0.71),واژه‌ی جدید,action
به میزان,353,240,principle,طبق قانون (0.71),واژه‌ی جدید,principle
را ایجاب,247,240,action,ایجاب (0.82),واژه‌ی جدید,action
به تاریخ,434,240,principle,طبق قانون (0.63),واژه‌ی جدید,principle
در نتیجه,306,240,concept,علت (0.67),واژه‌ی جدید,concept
چرا,315,240,concept,علت (0.81),واژه‌ی جدید,REMOVE
عدم امکان,568,239,concept,غیرممکن (0.83),واژه‌ی جدید,concept
استدلال دادگاه,257,239,action,استدلال (0.83),واژه‌ی جدید,action
حکایت از,297,239,action,ذکر (0.62),واژه‌ی جدید,action
بر صدور,255,239,action,صادر کردن حکم (0.72),واژه‌ی جدید,action
وی را,307,239,role,موصی له (0.61),واژه‌ی جدید,REMOVE
تهران به,395,238,action,گرفتن (0.54),واژه‌ی جدید,action
به وی,311,238,object,موصى به (0.64),واژه‌ی جدید,object
ادعای خواهان,300,238,concept,ادعا (0.82),واژه‌ی جدید,concept
مقابل,289,237,concept,لامقابل (0.73),واژه‌ی جدید,concept
اعلام شده,310,237,concept,اقرار (0.68),واژه‌ی جدید,concept
رئیس شعبه,254,237,role,رئیس دادگاه (0.75),واژه‌ی جدید,role
آنکه,326,237,role,شخص ثالث (0.62),واژه‌ی جدید,role
منظور,296,236,concept,مقصود (0.75),واژه‌ی جدید,concept
تجدیدنظراستان تهران,270,236,concept,تجدیدنظر (0.73),واژه‌ی جدید,concept
تهران می‌باشد,260,236,object,یادداشت (0.57),واژه‌ی جدید,object
قراردادی,481,235,object,قرارداد (0.90),alias پیشنهادی برای «قرارداد»,object
خدشه,258,235,concept,ضایعه (0.74),واژه‌ی جدید,concept
وی به,271,235,role,موصی له (0.68),واژه‌ی جدید,role
پزشکی قانونی,855,235,principle,قانونی (0.67),واژه‌ی جدید,principle
بر عدم,270,235,action,عدم حضور (0.69),واژه‌ی جدید,action
از رسیدگی,248,234,action,رسیدگی (0.88),alias پیشنهادی برای «رسیدگی»,action
بعنوان,436,234,principle,طبق قانون (0.68),واژه‌ی جدید,principle
شقوق,238,234,concept,شراکت (0.60),واژه‌ی جدید,concept
توضیح داده,276,234,object,دلایل توجیهی (0.70),واژه‌ی جدید,object
رو,297,233,role,راشی (0.61),واژه‌ی جدید,REMOVE
این پرونده,279,233,object,پرونده (0.76),واژه‌ی جدید,object
واقع شده,315,233,action,وضع (0.68),واژه‌ی جدید,action
دادرسی به,271,233,concept,دادرسی (0.86),واژه‌ی جدید,concept
به عدم,276,233,action,عدم حضور (0.69),واژه‌ی جدید,action
نمی‌باشد,349,233,action,نفی (0.65),واژه‌ی جدید,REMOVE
اعتراض در,254,232,action,اعتراض (0.90),alias پیشنهادی برای «اعتراض»,action
رسمی شماره,517,232,object,شماره پرونده (0.72),واژه‌ی جدید,object
دارند,324,232,action,گرفتن (0.66),واژه‌ی جدید,action
باقی,296,231,role,ولی (0.58),واژه‌ی جدید,role
میلیون تومان,512,231,object,واحد پول (0.67),واژه‌ی جدید,object
داد,454,230,concept,دادرسی (0.74),واژه‌ی جدید,REMOVE
بی حقی,340,230,concept,بی‌تکلیفی (0.77),واژه‌ی جدید,concept
حساب,481,230,action,گشایش حساب (0.81),واژه‌ی جدید,action
در حال,339,229,concept,شخص (0.72),واژه‌ی جدید,concept
تجدیدنظرخواهی دادنامه,230,229,action,تجدید دادرسی (0.81),واژه‌ی جدید,action
هرگونه,284,228,concept,لازمه (0.62),واژه‌ی جدید,concept
پرونده در,291,228,object,پرونده (0.87),واژه‌ی جدید,object
دادنامه صادره,303,228,object,اظهارنامه (0.71),واژه‌ی جدید,object
خریداری,319,228,role,خریدار (0.83),واژه‌ی جدید,role
یکدیگر,309,228,action,همکاری (0.68),واژه‌ی جدید,action
حاضر به,333,228,action,پیشنهاد (0.69),واژه‌ی جدید,action
بدوی را,256,228,role,موصی له (0.54),واژه‌ی جدید,role
رسیده,297,227,object,رسید (0.86),واژه‌ی جدید,object
رفع,408,227,action,وضع (0.68),واژه‌ی جدید,REMOVE
در جهت,307,226,concept,جهت‌گیری (0.74),واژه‌ی جدید,REMOVE
زوجه را,376,226,concept,نفقه (0.60),واژه‌ی جدید,concept
مطالب,328,226,role,مضمون (0.79),واژه‌ی جدید,role
اینکه خواهان,244,226,object,طلب (0.75),واژه‌ی جدید,object
ثالثاً,270,226,role,ثالث (0.74),واژه‌ی جدید,role
اولیه,342,226,concept,مشروط (0.62),واژه‌ی جدید,concept
اشعار,262,226,concept,احوال (0.60),واژه‌ی جدید,concept
تعهدات,479,225,concept,تعهد (0.89),alias پیشنهادی برای «تعهد»,concept
املاک,485,225,object,شماره املاک (0.77),واژه‌ی جدید,object
اینجانب,522,225,object,یادداشت (0.71),واژه‌ی جدید,object
وی در,271,225,role,موصی له (0.64),واژه‌ی جدید,REMOVE
تسلیم,385,225,concept,تعهد (0.68),واژه‌ی جدید,concept
نیامده,239,225,action,عدم حضور (0.66),واژه‌ی جدید,action
اظهارات طرفین,262,225,object,دفاعیات (0.65),واژه‌ی جدید,object
دعوی به,258,225,concept,دعوی (0.89),alias پیشنهادی برای «دعوی»,concept
آنها,390,225,role,اهل (0.60),واژه‌ی جدید,REMOVE
باستناد,352,224,action,استنابه (0.61),واژه‌ی جدید,action
حمایت,333,224,action,پشتیبانی (0.84),واژه‌ی جدید,action
زوجه از,343,224,concept,ازدواج (0.60),واژه‌ی جدید,concept
حوزه,330,224,concept,زمینه حقوقی (0.61),واژه‌ی جدید,concept
که موجب,257,224,concept,سبب (0.78),واژه‌ی جدید,concept
میباشد,402,223,principle,طبق قانون (0.62),واژه‌ی جدید,principle
ساله,402,223,concept,عده (0.61),واژه‌ی جدید,concept
اجرای حکم,322,223,action,نحوه اجرای حکم (0.88),alias پیشنهادی برای «نحوه اجرای حکم»,action
منوط,273,223,object,منقول (0.67),واژه‌ی جدید,object
فرعی از,434,223,object,فرع ملک (0.67),واژه‌ی جدید,object
کتبی,263,222,object,شهادت کتبی (0.76),واژه‌ی جدید,object
تحقیق,447,222,action,پژوهش (0.84),واژه‌ی جدید,action
دعوی تجدیدنظرخواه,230,222,object,رای تجدیدنظر (0.82),واژه‌ی جدید,object
اینکه خوانده,247,222,concept,استقراء (0.62),واژه‌ی جدید,concept
کرده اند,317,222,concept,عده (0.65),واژه‌ی جدید,REMOVE
قبلی,390,222,action,پیش‌دستی (0.64),واژه‌ی جدید,action
رابطه زوجیت,268,222,concept,رابطه خانوادگی (0.77),واژه‌ی جدید,concept
به تمکین,497,222,action,تمکین (0.89),alias پیشنهادی برای «تمکین»,action
شور قرائت,225,221,action,گوش به زنگ بودن (0.60),واژه‌ی جدید,action
که خوانده,262,221,role,موصی له (0.56),واژه‌ی جدید,role
قطعه,504,221,object,پرونده (0.67),واژه‌ی جدید,object
ده,353,221,object,دیه (0.66),واژه‌ی جدید,REMOVE
دستگاه,435,220,object,عقار (0.72),واژه‌ی جدید,object
محقق,280,220,action,پژوهش (0.67),واژه‌ی جدید,action
نگرفته,270,220,role,مبطل (0.65),واژه‌ی جدید,role
بطرفیت آقای,256,220,principle,بی‌طرفی (0.70),واژه‌ی جدید,principle
انجام شده,321,220,action,ایفای تعهد (0.69),واژه‌ی جدید,action
نداشته است,289,220,action,عدم حضور (0.71),واژه‌ی جدید,action
قاعده,321,220,principle,قوانین (0.67),واژه‌ی جدید,principle
منعکس,311,219,concept,منافی (0.70),واژه‌ی جدید,concept
متعلق به,321,219,role,وابسته (0.68),واژه‌ی جدید,role
می‌شود,420,219,concept,مظنه (0.65),واژه‌ی جدید,REMOVE
شکلی,244,218,concept,نوع جرم (0.54),واژه‌ی جدید,concept
توضیح که,241,217,object,دلایل توجیهی (0.70),واژه‌ی جدید,object
مدت بیست,246,217,concept,بذل مدت (0.67),واژه‌ی جدید,concept
حاکی,282,217,role,شاکی (0.70),واژه‌ی جدید,role
برگ,471,217,object,مدرک (0.57),واژه‌ی جدید,REMOVE
نزد,329,217,principle,طبق قانون (0.61),واژه‌ی جدید,REMOVE
تجدیدنظر خوانده,407,217,concept,تجدیدنظر (0.83),واژه‌ی جدید,concept
دایر,277,216,role,ديان (0.69),واژه‌ی جدید,role
ارجاع گردیده,286,216,action,ارجاع (0.86),واژه‌ی جدید,action
تحقیقات,399,216,action,پژوهش (0.80),واژه‌ی جدید,action
براساس,301,216,principle,طبق قانون (0.78),واژه‌ی جدید,principle
اشخاص,345,216,role,اشخاص حقیقی (0.89),alias پیشنهادی برای «اشخاص حقیقی»,role
خواهان اظهار,260,215,object,طلب (0.75),واژه‌ی جدید,object
تقاضای رسیدگی,259,215,action,رسیدگی (0.84),واژه‌ی جدید,action
علاوه بر,270,215,principle,طبق قانون (0.62),واژه‌ی جدید,principle
با بررسی,236,215,action,بررسی (0.81),واژه‌ی جدید,action
زوج در,362,215,concept,ازدواج (0.68),واژه‌ی جدید,concept
باتوجه,324,214,principle,طبق قانون (0.74),واژه‌ی جدید,principle
را دارم,312,214,concept,شخص (0.67),واژه‌ی جدید,concept
نفر,380,214,concept,شخص (0.72),واژه‌ی جدید,REMOVE
خواندگان به,334,214,role,اصحاب دعوی (0.66),واژه‌ی جدید,role
داند,247,214,role,ديان (0.62),واژه‌ی جدید,role
همراه,309,214,role,شریک (0.67),واژه‌ی جدید,role
از آقای,298,214,concept,شخص (0.69),واژه‌ی جدید,concept
عدم پرداخت,412,214,concept,ناقص بودن قرارداد (0.76),واژه‌ی جدید,concept
دادگاه مستنداً,225,214,action,رسیدگی (0.73),واژه‌ی جدید,action
ورود,355,213,action,ورود اطلاعات (0.86),واژه‌ی جدید,action
هر دو,311,213,concept,همزمانی (0.58),واژه‌ی جدید,concept
مذکور به,247,213,role,محکوم‌علیه (0.69),واژه‌ی جدید,role
فرجامی,324,212,action,فرجام (0.57),واژه‌ی جدید,action
فرزند مشترک,565,212,concept,فصل مشترک (0.72),واژه‌ی جدید,concept
را نقض,242,212,action,نقض (0.85),واژه‌ی جدید,action
لهذا,241,211,concept,علت (0.70),واژه‌ی جدید,concept
باتوجه به,317,211,principle,طبق قانون (0.74),واژه‌ی جدید,principle
مورد اعتراض,248,211,action,اعتراض (0.90),alias پیشنهادی برای «اعتراض»,action
خواهان از,250,211,object,طلب (0.78),واژه‌ی جدید,object
اسلامی,329,211,concept,دین (0.63),واژه‌ی جدید,concept
حل اختلاف,384,211,role,شورای حل اختلاف (0.84),واژه‌ی جدید,role
تجدیدنظرخواه در,226,211,concept,تجدیدنظر (0.83),واژه‌ی جدید,concept
دادگاه تجدید,261,211,action,تجدید دادرسی (0.82),واژه‌ی جدید,action
زمانی,284,210,concept,زمان اجرا (0.58),واژه‌ی جدید,concept
داشته اند,266,210,concept,عده (0.66),واژه‌ی جدید,REMOVE
اداره ثبت,373,210,action,ثبت (0.82),واژه‌ی جدید,action
قواعد دادرسی,211,210,concept,دادرسی (0.78),واژه‌ی جدید,concept
خاص,300,210,role,گروه خاص (0.83),واژه‌ی جدید,REMOVE
معلوم,293,210,concept,عرف (0.72),واژه‌ی جدید,concept
شوهر,349,210,concept,ازدواج (0.68),واژه‌ی جدید,concept
دادنامه فرجام,366,209,action,فرجام (0.75),واژه‌ی جدید,action
این قسمت,328,209,concept,شخص (0.61),واژه‌ی جدید,concept
در دادخواست,269,209,object,دادخواست (0.86),واژه‌ی جدید,object
عیناً تأیید,215,209,action,تأیید (0.83),واژه‌ی جدید,action
دادنامه بدوی,282,208,concept,دادرسی (0.65),واژه‌ی جدید,concept
لکن,323,208,role,ولی (0.64),واژه‌ی جدید,REMOVE
رأی می,228,208,object,رأی (0.84),واژه‌ی جدید,object
مینماید,327,207,object,مایملک (0.60),واژه‌ی جدید,object
عبارت,318,207,principle,لحاظ (0.65),واژه‌ی جدید,principle
رسیدگی را,252,207,action,رسیدگی (0.91),alias پیشنهادی برای «رسیدگی»,action
دادگاه های,270,207,object,شعبه دادگاه (0.75),واژه‌ی جدید,object
ناظر به,249,207,concept,نهاد ناظر (0.78),واژه‌ی جدید,concept
پذیرفته,268,207,action,پذیرش (0.82),واژه‌ی جدید,action
محکوم می,240,207,role,محکوم‌علیه (0.81),واژه‌ی جدید,role
مستحق,353,207,role,صاحب‌حق (0.70),واژه‌ی جدید,role
مانده,246,206,concept,معلق (0.65),واژه‌ی جدید,concept
لایحه ای,315,206,object,لایحه (0.93),alias پیشنهادی برای «لایحه»,object
اولا,238,206,object,موصى به (0.63),واژه‌ی جدید,object
محمول بر,228,206,concept,محمول (0.85),واژه‌ی جدید,concept
مگر,243,206,principle,فقط در صورت (0.69),واژه‌ی جدید,REMOVE
صدور رأی,289,206,object,رأی (0.83),واژه‌ی جدید,object
پرداخت نفقه,537,205,concept,نفقه (0.82),واژه‌ی جدید,concept
در لایحه,295,205,object,لایحه (0.87),واژه‌ی جدید,object
طور,259,205,concept,شرط (0.58),واژه‌ی جدید,REMOVE
که زوجه,287,205,concept,نفقه (0.62),واژه‌ی جدید,concept
اعلام می‌نماید,248,205,object,اعلامیه حراج (0.67),واژه‌ی جدید,object
مردود,255,204,concept,معدوم (0.67),واژه‌ی جدید,concept
هنگام شور,206,204,concept,طی شرایط خاص (0.62),واژه‌ی جدید,concept
خواهد شد,236,204,concept,قابل اجرا بودن (0.60),واژه‌ی جدید,concept
ثمن معامله,484,204,object,ثمن (0.79),واژه‌ی جدید,object
دادنامه مذکور,226,203,object,اظهارنامه (0.68),واژه‌ی جدید,object
خواهان با,232,203,object,طلب (0.77),واژه‌ی جدید,object
قسمتی,275,203,object,یادداشت (0.72),واژه‌ی جدید,object
ایجاب نماید,209,203,action,ایجاب (0.76),واژه‌ی جدید,action
خلاصه,270,203,action,جمع‌بندی (0.73),واژه‌ی جدید,action
هذا,237,203,object,تصویر (0.63),واژه‌ی جدید,REMOVE
مادر,463,203,role,والدین (0.72),واژه‌ی جدید,role
نیاورده,216,202,concept,غیراصولی (0.64),واژه‌ی جدید,concept
مشمول,264,202,concept,مشمولین قانون (0.73),واژه‌ی جدید,concept
در منزل,293,202,concept,شخص (0.64),واژه‌ی جدید,concept
نحو,243,202,concept,نسب (0.62),واژه‌ی جدید,REMOVE
دعوی را,241,202,concept,دعوی (0.91),alias پیشنهادی برای «دعوی»,concept
دادگاه تجدیدنظراستان,225,202,role,دیوان عدالت اداری (0.72),واژه‌ی جدید,role
فروشنده,491,202,role,خریدار (0.84),واژه‌ی جدید,role
ترک,450,202,object,ترکه (0.83),واژه‌ی جدید,REMOVE
رد درخواست,229,201,action,انکار (0.72),واژه‌ی جدید,action
با اعلام,279,201,action,طی آگهی (0.72),واژه‌ی جدید,action
مقرر در,278,201,action,برآورد (0.67),واژه‌ی جدید,action
پرونده جهت,277,201,object,پرونده (0.83),واژه‌ی جدید,object
طرفین در,239,201,action,طی روند دادرسی (0.68),واژه‌ی جدید,action
قرار ارجاع,245,200,action,ارجاع (0.81),واژه‌ی جدید,action
پنجاه,323,200,concept,خمس (0.78),واژه‌ی جدید,concept
هیأت شعبه,211,200,object,شعبه دادگاه (0.74),واژه‌ی جدید,object
در دفتر,302,200,object,دفترخانه (0.76),واژه‌ی جدید,object
ترتیب,262,200,action,وضع (0.65),واژه‌ی جدید,action
سید,275,200,object,سند (0.61),واژه‌ی جدید,REMOVE
هستند,286,199,concept,عده (0.66),واژه‌ی جدید,concept
فرجام خواه,587,199,action,فرجام (0.75),واژه‌ی جدید,action
دعوای خواهان,272,199,role,اصحاب دعوی (0.80),واژه‌ی جدید,role
خواهان بدوی,274,199,object,طلب (0.66),واژه‌ی جدید,object
اجرا,246,199,concept,زمان اجرا (0.76),واژه‌ی جدید,concept
به تنظیم,398,199,action,تنظیم (0.81),واژه‌ی جدید,action
تاکنون,265,199,concept,پیشرفت (0.60),واژه‌ی جدید,concept
خواستار,264,199,object,طلب (0.75),واژه‌ی جدید,object
مبانی,217,198,concept,زیرساخت‌های حقوقی (0.64),واژه‌ی جدید,concept
موثر,268,198,concept,قابل اجرا بودن (0.61),واژه‌ی جدید,concept
نبوده است,242,198,action,عدم حضور (0.66),واژه‌ی جدید,action
لحاظ عدم,228,198,principle,لحاظ (0.82),واژه‌ی جدید,principle
زمین,639,198,concept,اقلیم (0.65),واژه‌ی جدید,concept
وارده,339,197,concept,مداخله (0.73),واژه‌ی جدید,concept
سکه,713,197,action,قبض (0.56),واژه‌ی جدید,REMOVE
تنها,236,197,principle,فقط در صورت (0.63),واژه‌ی جدید,principle
که دادگاه,250,197,concept,نظر دادگاه (0.72),واژه‌ی جدید,concept
می باشند,256,197,role,کسانی که تحت سرپرستی قرار دارند (0.63),واژه‌ی جدید,role
صورتی,236,197,object,قضیه (0.53),واژه‌ی جدید,object
قابل واخواهی,205,197,concept,قابل اجرا بودن (0.71),واژه‌ی جدید,concept
نمی شود,257,197,concept,غیرممکن (0.80),واژه‌ی جدید,REMOVE
دادگاه‌های,326,197,object,شعبه دادگاه (0.75),واژه‌ی جدید,object
نظر کارشناس,264,196,concept,نظر کارشناسان حقوقی (0.82),واژه‌ی جدید,concept
در سال,340,196,role,مضمون (0.60),واژه‌ی جدید,role
برخلاف,250,196,concept,خلاف (0.72),واژه‌ی جدید,concept
دادخواست آقای,203,196,object,دادخواست (0.86),واژه‌ی جدید,object
به الزام,231,196,action,الزام (0.87),alias پیشنهادی برای «الزام»,action
را عیناً,198,196,object,عین (0.70),واژه‌ی جدید,object
مکلف به,218,195,role,ملزم (0.75),واژه‌ی جدید,role
استفاده از,293,195,action,استعمال (0.91),alias پیشنهادی برای «استعمال»,action
اجاره,929,195,object,عقد اجاره (0.87),واژه‌ی جدید,object
دادگاه ضمن,198,194,action,طی روند دادرسی (0.78),واژه‌ی جدید,action
عضو معاون,233,194,role,نایب (0.70),واژه‌ی جدید,role
نماید که,228,194,role,موصی له (0.66),واژه‌ی جدید,role
مندرجات پرونده,220,194,object,پرونده (0.77),واژه‌ی جدید,object
خواسته به,243,193,object,طلب (0.77),واژه‌ی جدید,object
محاسبه,291,193,action,برآورد (0.81),واژه‌ی جدید,action
در سند,338,193,object,سند (0.83),واژه‌ی جدید,object
مهلت بیست,208,193,concept,زمان طرح دعوی (0.65),واژه‌ی جدید,concept
تحمل,342,193,concept,تحمل مسئولیت (0.82),واژه‌ی جدید,concept
داشته باشد,218,193,object,موصى به (0.68),واژه‌ی جدید,REMOVE
این موضوع,246,193,object,قضیه (0.67),واژه‌ی جدید,object
پرداخت هزینه,257,193,object,هزینه (0.86),واژه‌ی جدید,object
طرفیت خوانده,205,192,action,تبعیت (0.64),واژه‌ی جدید,action
موافق,218,192,action,تأیید (0.82),واژه‌ی جدید,action
با وصف,226,192,principle,طبق قانون (0.70),واژه‌ی جدید,principle
عمل آمده,238,192,action,تصرف (0.69),واژه‌ی جدید,action
های عمومی,247,192,object,خدمات عمومی (0.77),واژه‌ی جدید,object
منوط به,231,192,role,متعهدله (0.71),واژه‌ی جدید,role
مذکور را,227,192,object,تبصره (0.66),واژه‌ی جدید,object
فراهم نماید,200,192,concept,ایجاد تعهد (0.72),واژه‌ی جدید,concept
امتناع,257,191,action,ممانعت (0.76),واژه‌ی جدید,action
اجرای احکام,282,191,action,نحوه اجرای حکم (0.81),واژه‌ی جدید,action
اعم,235,191,object,وام (0.66),واژه‌ی جدید,REMOVE
به اظهارات,208,191,action,تحریر اظهارات (0.72),واژه‌ی جدید,action
قانون مرقوم,214,191,object,قانون جریمه (0.63),واژه‌ی جدید,object
موازین شرعی,212,191,principle,شرع (0.63),واژه‌ی جدید,principle
قطعیت,227,190,concept,قاطعیت حکم (0.75),واژه‌ی جدید,concept
جامع,213,190,concept,کامل (0.60),واژه‌ی جدید,concept
چهارم,306,190,role,ثالث (0.67),واژه‌ی جدید,role
عدم استماع,302,190,action,عدم حضور (0.76),واژه‌ی جدید,action
به دلالت,231,190,concept,صراحت (0.70),واژه‌ی جدید,concept
سابق,299,190,concept,سابقه کیفری (0.71),واژه‌ی جدید,concept
رضایت,274,190,concept,توافق (0.71),واژه‌ی جدید,concept
منتقل,309,190,action,نقل (0.80),واژه‌ی جدید,action
ضمن عقد,415,190,action,طی تفاهم (0.76),واژه‌ی جدید,action
مطابقت,201,189,concept,همزمانی (0.74),واژه‌ی جدید,concept
در صورتی,224,189,principle,فقط در صورت (0.81),واژه‌ی جدید,principle
اقدامات,274,189,action,تصرف (0.73),واژه‌ی جدید,action
صفحه,394,189,role,مضمون (0.74),واژه‌ی جدید,role
وارد ندانسته,192,189,action,ورود غیرمجاز (0.61),واژه‌ی جدید,action
صدور گواهی,302,188,action,صادر کردن گواهی (0.94),alias پیشنهادی برای «صادر کردن گواهی»,action
به طلاق,364,188,concept,طلاق (0.84),واژه‌ی جدید,concept
ثانیا,220,188,concept,زنا (0.58),واژه‌ی جدید,concept
عقد نکاح,427,188,object,عقد ازدواج (0.92),alias پیشنهادی برای «عقد ازدواج»,object
کیفیت,211,188,concept,ظرفیت (0.66),واژه‌ی جدید,concept
هیچ یک,200,188,action,نفی (0.60),واژه‌ی جدید,action
صرف نظر,218,188,concept,تجدیدنظر (0.71),واژه‌ی جدید,concept
شرح که,195,188,action,تفسیر (0.57),واژه‌ی جدید,action
مصون,196,187,concept,محصور (0.63),واژه‌ی جدید,concept
حضور در,280,187,action,عدم حضور (0.73),واژه‌ی جدید,action
با لحاظ,238,187,principle,لحاظ (0.87),واژه‌ی جدید,principle
قانون حمایت,282,187,object,قانون حمایتی (0.93),alias پیشنهادی برای «قانون حمایتی»,object
خانم الف,367,187,concept,شخص (0.64),واژه‌ی جدید,concept
مطالبه خسارت,337,187,concept,خسارت (0.81),واژه‌ی جدید,concept
پرونده نظر,190,187,object,پرونده (0.78),واژه‌ی جدید,object
شعبه دوم,325,187,object,شعبه دادگاه (0.71),واژه‌ی جدید,object
رای دادگاه,251,187,concept,نظر دادگاه (0.88),alias پیشنهادی برای «نظر دادگاه»,concept
کافی,236,187,concept,خودکار (0.58),واژه‌ی جدید,concept
ایران,328,186,principle,حقوق بشر (0.72),واژه‌ی جدید,principle
مفهوم,217,186,concept,تعریف (0.80),واژه‌ی جدید,concept
به موضوع,232,186,concept,خارج از موضوع (0.75),واژه‌ی جدید,concept
ایرادی,195,185,action,رد (0.65),واژه‌ی جدید,action
که بموجب,210,185,principle,طبق قانون (0.77),واژه‌ی جدید,principle
درخصوص تجدیدنظرخواهی,190,185,concept,تجدیدنظر (0.83),واژه‌ی جدید,concept
را ثابت,189,185,object,ثابت‌نامه (0.66),واژه‌ی جدید,object
وحدت,298,185,role,واحد دادگستری (0.66),واژه‌ی جدید,role
جمیع,198,185,role,مجمع عمومی (0.65),واژه‌ی جدید,role
مراجعه به,234,185,action,رجوع (0.74),واژه‌ی جدید,action
در پاسخ,254,185,action,رد (0.73),واژه‌ی جدید,action
با خوانده,209,184,action,طی آگهی (0.63),واژه‌ی جدید,action
لایحه تقدیمی,242,184,object,لایحه (0.82),واژه‌ی جدید,object
از پرداخت,302,184,action,پرداخت (0.86),واژه‌ی جدید,action
مطابق مقررات,202,184,principle,طبق قانون (0.85),واژه‌ی جدید,principle
بار,274,184,object,برات (0.58),واژه‌ی جدید,REMOVE
ارائه نشده,203,184,concept,غیرمستند (0.68),واژه‌ی جدید,concept
موجهی که,186,184,object,دلایل توجیهی (0.69),واژه‌ی جدید,object
تجویز,274,183,action,پیشنهاد (0.87),واژه‌ی جدید,action
دادگاه قرار,205,183,action,قرار (0.81),واژه‌ی جدید,action
پرونده مشاوره,188,183,action,مشاوره (0.81),واژه‌ی جدید,action
هر چند,202,183,principle,فقط در صورت (0.59),واژه‌ی جدید,principle
تادیه,441,183,action,تقیید (0.63),واژه‌ی جدید,action
علیهذا,208,183,concept,سبب (0.54),واژه‌ی جدید,concept
طرفین به,205,183,role,اصحاب دعوی (0.68),واژه‌ی جدید,role
از زوج,259,183,concept,ازدواج (0.66),واژه‌ی جدید,concept
اعتباری دادنامه,186,183,object,ضمانت‌نامه (0.68),واژه‌ی جدید,object
مساحت,486,183,concept,ظرفیت (0.69),واژه‌ی جدید,concept
اعلام کرده,285,183,object,اعلامیه حراج (0.66),واژه‌ی جدید,object
توجهاً,214,183,principle,احتیاط (0.75),واژه‌ی جدید,principle
مخدوش,200,182,concept,تلف (0.70),واژه‌ی جدید,concept
کلیه خسارات,214,182,concept,خسارت (0.70),واژه‌ی جدید,concept
قیمت,473,182,object,هزینه (0.78),واژه‌ی جدید,object
مورد معامله,381,182,object,معامله (0.85),واژه‌ی جدید,object
بابت اصل,229,181,concept,اصیل (0.69),واژه‌ی جدید,concept
این استدلال,223,181,action,استدلال (0.82),واژه‌ی جدید,action
اعتراض به,220,181,action,اعتراض (0.94),alias پیشنهادی برای «اعتراض»,action
داوران,338,181,action,داوری (0.87),alias پیشنهادی برای «داوری»,action
حاکی از,215,181,object,شواهد (0.69),واژه‌ی جدید,object
جاری,220,181,object,هزینه‌های جاری (0.75),واژه‌ی جدید,object
خلع,486,181,action,خلع ید (0.74),واژه‌ی جدید,REMOVE
اضافه,261,181,object,تبصره (0.70),واژه‌ی جدید,object
مرحوم,702,181,concept,شخص (0.71),واژه‌ی جدید,concept
واگذار,291,181,action,واگذاری (0.91),alias پیشنهادی برای «واگذاری»,action
ضرر,292,180,concept,زیان (0.84),واژه‌ی جدید,REMOVE
ارائه شده,221,180,action,پیشنهاد (0.75),واژه‌ی جدید,action
از دادگاه,263,180,action,ورود به دادگاه (0.78),واژه‌ی جدید,action
در بخش,259,180,object,بخش‌نامه (0.68),واژه‌ی جدید,object
جزء,283,180,concept,جزيه (0.70),واژه‌ی جدید,REMOVE
رویه,280,180,principle,رویه قضائی (0.75),واژه‌ی جدید,principle
اعم از,221,180,principle,لحاظ (0.58),واژه‌ی جدید,principle
پایان,283,180,action,ايداع (0.70),واژه‌ی جدید,action
بند الف,230,180,object,تبصره (0.59),واژه‌ی جدید,object
به رأی,231,180,object,رأی (0.86),واژه‌ی جدید,object
قرار داده,225,180,action,قرار (0.71),واژه‌ی جدید,action
تهران در,196,180,concept,خارج از موضوع (0.60),واژه‌ی جدید,concept
از شقوق,179,179,concept,خارج از موضوع (0.58),واژه‌ی جدید,concept
چرا که,218,178,concept,علت (0.72),واژه‌ی جدید,concept
مدارک ابرازی,189,178,object,اظهارنامه (0.78),واژه‌ی جدید,object
دادگاه‌های عمومی,270,178,principle,حقوق عمومی (0.77),واژه‌ی جدید,principle
امکان سازش,485,177,action,سازش (0.81),واژه‌ی جدید,action
در شعبه,240,177,object,شعبه دادگاه (0.73),واژه‌ی جدید,object
طی لایحه,274,177,object,لایحه (0.84),واژه‌ی جدید,object
سی,311,177,role,پیک (0.59),واژه‌ی جدید,REMOVE
شورای,299,177,role,شورای حل اختلاف (0.75),واژه‌ی جدید,role
احتساب خسارات,209,177,object,هزینه خسارت (0.78),واژه‌ی جدید,object
نامه شماره,274,177,object,شماره پرونده (0.76),واژه‌ی جدید,object
دعوی خانم,183,176,concept,دعوی (0.84),واژه‌ی جدید,concept
حالی,224,176,concept,احوال (0.65),واژه‌ی جدید,REMOVE
اعلامی,225,176,object,اعلامیه حراج (0.75),واژه‌ی جدید,object
مستلزم,212,176,concept,لازمه (0.73),واژه‌ی جدید,concept
دعاوی,281,176,action,فصل دعاوی (0.79),واژه‌ی جدید,action
دادرسی دادگاه,216,176,concept,دادرسی (0.87),واژه‌ی جدید,concept
نظر در,183,176,role,صاحب‌نظر (0.76),واژه‌ی جدید,REMOVE
اینکه به,192,176,principle,طبق قانون (0.64),واژه‌ی جدید,principle
مراتب مذکور,190,176,principle,لحاظ (0.61),واژه‌ی جدید,principle
که وکیل,209,175,role,وکیل (0.81),واژه‌ی جدید,role
استماع اظهارات,214,175,object,اظهارنامه (0.71),واژه‌ی جدید,object
قسمت از,254,175,concept,شخص (0.64),واژه‌ی جدید,concept
دادن,223,175,action,بذل (0.72),واژه‌ی جدید,action
سابقه,319,175,concept,سابقه حقوقی (0.87),alias پیشنهادی برای «سابقه حقوقی»,concept
صریح,215,175,concept,صراحت (0.85),واژه‌ی جدید,concept
مسکن,358,175,object,بنیاد مسکن (0.75),واژه‌ی جدید,object
خوانده از,203,175,object,موصى به (0.62),واژه‌ی جدید,object
آن وارد,178,175,action,واردات (0.65),واژه‌ی جدید,action
به نظریه,225,174,concept,نظریه مشورتی (0.67),واژه‌ی جدید,concept
مقتضی,215,174,concept,معوض (0.68),واژه‌ی جدید,concept
که حسب,209,174,principle,طبق قانون (0.75),واژه‌ی جدید,principle
دادگاه پس,202,174,concept,پروسه دادرسی (0.64),واژه‌ی جدید,concept
حمایت خانواده,258,174,object,قانون حمایتی (0.76),واژه‌ی جدید,object
با احراز,192,174,principle,طبق قانون (0.75),واژه‌ی جدید,principle
بابت هزینه,213,174,object,هزینه (0.82),واژه‌ی جدید,object
قسمتی از,227,174,object,یادداشت (0.66),واژه‌ی جدید,object
لزوم,222,174,concept,لازمه (0.77),واژه‌ی جدید,concept
اعتراض معترض,175,174,action,اعتراض (0.91),alias پیشنهادی برای «اعتراض»,action
اجمالاً,258,174,action,جمع‌بندی (0.64),واژه‌ی جدید,action
قانونی صادر,178,173,principle,قانونی (0.84),واژه‌ی جدید,principle
خالی,181,173,concept,باطل (0.63),واژه‌ی جدید,concept
متر,419,173,principle,معیار (0.63),واژه‌ی جدید,REMOVE
مدعی است,202,173,role,مدعی (0.83),واژه‌ی جدید,role
قانونی است,204,172,concept,قانونی بودن (0.89),alias پیشنهادی برای «قانونی بودن»,concept
در مرحله,215,172,action,طی روند دادرسی (0.70),واژه‌ی جدید,action
علی هذا,194,172,principle,طبق قانون (0.63),واژه‌ی جدید,principle
رغم,204,172,principle,لحاظ (0.63),واژه‌ی جدید,REMOVE
توجهاً به,197,172,principle,احتیاط (0.73),واژه‌ی جدید,principle
جلسه دادگاه,231,172,action,ورود به دادگاه (0.82),واژه‌ی جدید,action
ضمیمه,276,171,action,ضم (0.81),واژه‌ی جدید,action
دادرسی صادر,180,171,concept,دادرسی (0.81),واژه‌ی جدید,concept
خودش,272,171,concept,شخص (0.72),واژه‌ی جدید,concept
فیمابین,244,171,object,عقار (0.54),واژه‌ی جدید,object
مستند به,235,171,object,مستندات (0.74),واژه‌ی جدید,object
در حالی,219,171,action,طی روند دادرسی (0.70),واژه‌ی جدید,REMOVE
از نظر,207,171,principle,لحاظ (0.72),واژه‌ی جدید,REMOVE
به همین,189,171,concept,علت (0.65),واژه‌ی جدید,concept
یک دستگاه,285,171,concept,شخص (0.69),واژه‌ی جدید,concept
گذشته,233,171,concept,سابقه حقوقی (0.68),واژه‌ی جدید,concept
ممکن,216,170,concept,مظنه (0.69),واژه‌ی جدید,concept
مدافعات,212,170,action,دفاع (0.81),واژه‌ی جدید,action
المثل ایام,353,170,concept,اجرت المثل (0.68),واژه‌ی جدید,concept
بنابراین دادگاه,181,170,concept,نظر دادگاه (0.68),واژه‌ی جدید,concept
قانونی در,197,170,principle,قانونی (0.87),alias پیشنهادی برای «قانونی»,principle
اساسی,194,170,object,قانون اساسی (0.69),واژه‌ی جدید,object
اصول دادرسی,171,170,concept,دادرسی (0.78),واژه‌ی جدید,concept
در مقابل,191,170,concept,لامقابل (0.69),واژه‌ی جدید,concept
واعلام,196,169,action,استعلام (0.75),واژه‌ی جدید,action
بیان داشته,253,169,concept,صراحت (0.68),واژه‌ی جدید,concept
جانب,234,169,role,بی‌طرف (0.69),واژه‌ی جدید,role
پرونده،,181,169,object,پرونده (0.85),واژه‌ی جدید,object
فعلی,236,169,action,وضع (0.64),واژه‌ی جدید,action
به طور,212,169,principle,طبق قانون (0.73),واژه‌ی جدید,principle
بندهای,204,169,action,وضع قید (0.61),واژه‌ی جدید,action
واخواهی در,178,169,action,واخواست (0.75),واژه‌ی جدید,action
ارجاع می,229,169,action,ارجاع (0.89),alias پیشنهادی برای «ارجاع»,action
دست,279,169,action,پیش‌دستی (0.66),واژه‌ی جدید,REMOVE
خواهی آقای,184,169,object,طلب (0.70),واژه‌ی جدید,object
توان,216,169,concept,ظرفیت (0.70),واژه‌ی جدید,concept
هرچند,212,169,principle,فقط در صورتی که (0.59),واژه‌ی جدید,principle
پرونده صادر,171,169,object,پرونده (0.80),واژه‌ی جدید,object
شرح خواسته,192,168,object,طلب (0.69),واژه‌ی جدید,object
تبادل,209,168,object,معاوضه (0.72),واژه‌ی جدید,object
اظهار داشت,384,168,concept,صراحت (0.69),واژه‌ی جدید,concept
هزار تومان,354,168,object,واحد پول (0.67),واژه‌ی جدید,object
نمودند,249,168,action,تصرف (0.60),واژه‌ی جدید,action
به مدت,239,168,concept,بذل مدت (0.71),واژه‌ی جدید,concept
نقض آن,183,168,action,نقض (0.89),alias پیشنهادی برای «نقض»,action
پرداخت خسارت,237,168,action,جبران خسارت (0.90),alias پیشنهادی برای «جبران خسارت»,action
شروع,271,168,object,کمک (0.71),واژه‌ی جدید,object
در دفترخانه,311,168,object,دفترخانه (0.85),واژه‌ی جدید,object
دادرسی دادگاه‌های,250,168,concept,دادرسی (0.83),واژه‌ی جدید,concept
دادسرای,401,167,concept,دادرسی (0.81),واژه‌ی جدید,concept
نظریه کارشناس,244,167,concept,نظریه کارشناسی (0.83),واژه‌ی جدید,concept
همگی,254,167,object,هفتگی (0.61),واژه‌ی جدید,object
حاصله,201,167,concept,ضایعه (0.62),واژه‌ی جدید,concept
تعیین شده,230,167,concept,حق تعیین (0.71),واژه‌ی جدید,concept
وجاهت,189,167,role,ذوالوجاهة (0.70),واژه‌ی جدید,role
تکرار,268,167,action,یادآوری (0.71),واژه‌ی جدید,action
متعهد,301,167,role,متعهدله (0.86),واژه‌ی جدید,role
اتخاذ,216,167,object,تصمیم (0.79),واژه‌ی جدید,object
دلیل یا,167,167,concept,سبب (0.76),واژه‌ی جدید,concept
کسی,255,167,concept,شخص (0.67),واژه‌ی جدید,REMOVE
است وارد,168,167,object,رسید (0.69),واژه‌ی جدید,object
تمامی,208,166,concept,کامل (0.71),واژه‌ی جدید,concept
مشترک را,231,166,role,شریک (0.71),واژه‌ی جدید,role
خوانده با,182,166,action,گرفتن (0.60),واژه‌ی جدید,action
با نقض,199,166,action,نقض (0.86),واژه‌ی جدید,action
شروط,388,166,concept,شرط (0.87),واژه‌ی جدید,concept
یافته است,185,166,action,یافتن (0.75),واژه‌ی جدید,action
درخصوص دعوی,183,166,action,اقامه دعوی (0.86),واژه‌ی جدید,action
داور,642,166,action,داوری (0.85),واژه‌ی جدید,action
به داوری,198,166,action,داوری (0.83),واژه‌ی جدید,action
به آقای,262,166,action,استعلام (0.71),واژه‌ی جدید,action
آورد,179,166,object,رسید (0.66),واژه‌ی جدید,object
دادنامه را,171,166,concept,دادرسی (0.72),واژه‌ی جدید,concept
بیش,226,166,concept,بیشینه مجازات (0.62),واژه‌ی جدید,REMOVE
موکله,506,165,action,محاکمه (0.72),واژه‌ی جدید,action
نحوی,182,165,action,خوداظهاری (0.61),واژه‌ی جدید,action
خرید,263,165,role,خریدار (0.86),واژه‌ی جدید,role
مستفاد,182,165,action,مأخوذ (0.71),واژه‌ی جدید,action
دوم دادگاه,275,165,action,تجدید دادرسی (0.67),واژه‌ی جدید,action
هیچ گونه,212,165,concept,نبود صلاحیت (0.62),واژه‌ی جدید,concept
عدد,399,164,concept,عده (0.78),واژه‌ی جدید,REMOVE
ندارم,307,164,action,انکار (0.66),واژه‌ی جدید,action
در وقت,267,164,principle,طبق قانون (0.72),واژه‌ی جدید,principle
به نحو,194,164,principle,طبق قانون (0.74),واژه‌ی جدید,principle
را ندارد,188,164,concept,نبود صلاحیت (0.67),واژه‌ی جدید,REMOVE
عادی مورخ,240,164,concept,شخص طبیعی (0.59),واژه‌ی جدید,concept
از پلاک,285,164,object,پلاک (0.86),واژه‌ی جدید,object
ارزش,331,163,principle,معیار (0.65),واژه‌ی جدید,principle
نظریه کتبی,190,163,concept,نظریه مشورتی (0.74),واژه‌ی جدید,concept
دفاعیه,190,163,object,دفاعیات (0.89),alias پیشنهادی برای «دفاعیات»,object
رسیدگی در,184,163,action,رسیدگی (0.91),alias پیشنهادی برای «رسیدگی»,action
بر بی,201,163,object,برات (0.60),واژه‌ی جدید,object
که نقض,167,163,action,نقض (0.83),واژه‌ی جدید,action
داده شده,191,163,action,پرداخت (0.66),واژه‌ی جدید,REMOVE
دایر بر,205,163,role,مباشر (0.62),واژه‌ی جدید,role
به عقد,214,163,concept,عقد (0.82),واژه‌ی جدید,concept
منتخب,230,162,concept,حق انتخاب (0.70),واژه‌ی جدید,concept
تشکیل جلسه,247,162,object,جلسه (0.89),alias پیشنهادی برای «جلسه»,object
ابراز ننموده,163,162,action,انکار (0.65),واژه‌ی جدید,action
این رو,205,162,object,موصى به (0.60),واژه‌ی جدید,object
را غیر,166,162,concept,غیرمستقل (0.68),واژه‌ی جدید,concept
سکونت,276,162,concept,حق سکنی (0.76),واژه‌ی جدید,concept
الی,253,162,role,ولی (0.64),واژه‌ی جدید,REMOVE
قانون مذکور,187,162,action,طی ماده قانونی (0.72),واژه‌ی جدید,action
استوار می,164,162,principle,ثبات (0.64),واژه‌ی جدید,principle
تجدیدنظر خواه,316,162,concept,تجدیدنظر (0.85),واژه‌ی جدید,concept
از جهت,202,162,principle,لحاظ (0.75),واژه‌ی جدید,REMOVE
مستندات ابرازی,185,162,object,مستندات (0.76),واژه‌ی جدید,object
فوت,432,162,concept,موت (0.78),واژه‌ی جدید,REMOVE
علیرغم,202,161,principle,طبق قانون (0.61),واژه‌ی جدید,principle
چنین رای,173,161,object,رأی (0.72),واژه‌ی جدید,object
به اتهام,287,161,role,متهم (0.77),واژه‌ی جدید,role
رسد,183,161,object,رسید (0.85),واژه‌ی جدید,REMOVE
بطرفیت خانم,186,161,principle,بی‌طرفی (0.67),واژه‌ی جدید,principle
تائید,230,161,action,تأیید (0.94),alias پیشنهادی برای «تأیید»,action
به مفاد,173,161,role,ذی‌نفع (0.71),واژه‌ی جدید,role
حسن,217,160,concept,نفس (0.55),واژه‌ی جدید,REMOVE
خوانده دعوی,234,160,concept,دعوی (0.79),واژه‌ی جدید,concept
آنجا,216,160,object,محل (0.58),واژه‌ی جدید,object
گذشت,210,160,action,گذراندن (0.73),واژه‌ی جدید,action
جدید,267,160,role,مباشر (0.67),واژه‌ی جدید,role
از خوانده,184,160,role,مخاطب (0.61),واژه‌ی جدید,role
به مندرجات,163,160,principle,لحاظ (0.66),واژه‌ی جدید,principle
رای می,180,159,object,رأی (0.79),واژه‌ی جدید,object
موضوع را,190,159,concept,خارج از موضوع (0.70),واژه‌ی جدید,concept
دادگاه از,173,159,concept,نظر دادگاه (0.73),واژه‌ی جدید,concept
وقت رسیدگی,225,159,action,رسیدگی (0.82),واژه‌ی جدید,action
واقعی,240,159,concept,شخصیت حقیقی (0.72),واژه‌ی جدید,concept
روابط,214,159,concept,رابطه خانوادگی (0.75),واژه‌ی جدید,concept
شود که,197,159,action,حصول (0.63),واژه‌ی جدید,action
اقدام نماید,193,158,action,تصرف (0.72),واژه‌ی جدید,action
اظهارنظر,224,158,role,صاحب‌نظر (0.76),واژه‌ی جدید,role
مارالذکر,169,158,action,یادآوری (0.54),واژه‌ی جدید,action
که متضمن,177,158,role,مضمون (0.64),واژه‌ی جدید,role
مرکزی,226,158,concept,سب (0.63),واژه‌ی جدید,concept
مصادیق,220,158,concept,استحقاق (0.65),واژه‌ی جدید,concept
اساساً,192,158,principle,لحاظ (0.63),واژه‌ی جدید,principle
خالی از,162,158,action,عدم حضور (0.64),واژه‌ی جدید,action
درخصوص دادخواست,170,157,object,دادخواست (0.87),واژه‌ی جدید,object
تجدیدنظرخواهی با,158,157,concept,تجدیدنظر (0.85),واژه‌ی جدید,concept
که مورد,180,157,object,قضیه (0.64),واژه‌ی جدید,object
شناسنامه,486,157,object,گذرنامه (0.79),واژه‌ی جدید,object
صحت تشخیص,164,157,concept,صحت انتساب (0.71),واژه‌ی جدید,concept
داشتن,209,156,action,گرفتن (0.73),واژه‌ی جدید,action
نیست زیرا,181,156,action,عدم حضور (0.63),واژه‌ی جدید,action
رونوشت,195,156,object,یادداشت (0.59),واژه‌ی جدید,object
استماع دعوی,223,156,action,اقامه دعوی (0.81),واژه‌ی جدید,action
منجر,187,156,concept,سبب (0.64),واژه‌ی جدید,concept
درج,225,156,action,ثبت (0.74),واژه‌ی جدید,REMOVE
بیش از,213,156,concept,عده (0.62),واژه‌ی جدید,concept
طلاق به,271,156,concept,طلاق (0.86),واژه‌ی جدید,concept
انعقاد,252,155,concept,توافق (0.66),واژه‌ی جدید,concept
جلب نظر,198,155,action,جلب (0.81),واژه‌ی جدید,action
حال حاضر,193,155,role,مباشر (0.66),واژه‌ی جدید,role
در دیوان,203,155,concept,وضعیت دیوان‌سالاری (0.67),واژه‌ی جدید,concept
نماید رای,167,155,object,رأی (0.80),واژه‌ی جدید,object
وفق مقررات,167,155,principle,طبق قانون (0.86),واژه‌ی جدید,principle
بر مبنای,198,155,principle,طبق قانون (0.77),واژه‌ی جدید,principle
از جانب,212,155,principle,طبق قانون (0.69),واژه‌ی جدید,principle
شامل,213,155,principle,شمول (0.69),واژه‌ی جدید,principle
مرکز,282,155,object,محل (0.65),واژه‌ی جدید,object
مطروحه را,170,155,object,موصى به (0.58),واژه‌ی جدید,object
به پلاک,225,155,object,پلاک (0.84),واژه‌ی جدید,object
تجدیدنظرخواه را,163,155,concept,تجدیدنظر (0.83),واژه‌ی جدید,concept
شخصی,218,155,concept,شخص (0.85),واژه‌ی جدید,concept
به زوج,225,154,concept,ازدواج (0.64),واژه‌ی جدید,concept
شعبه سوم,264,154,object,شعبه دادگاه (0.69),واژه‌ی جدید,object
دادیار,220,154,concept,دادرسی (0.77),واژه‌ی جدید,concept
به مساحت,263,154,concept,ظرفیت (0.65),واژه‌ی جدید,concept
کنند,196,154,concept,عده (0.64),واژه‌ی جدید,REMOVE
بر الزام,183,154,action,الزام (0.83),واژه‌ی جدید,action
سازمان,534,153,role,سازمان‌های بین‌المللی (0.74),واژه‌ی جدید,role
سند ازدواج,231,153,object,سند مالکیت (0.73),واژه‌ی جدید,object
معین,212,153,object,عین (0.67),واژه‌ی جدید,object
تایید می,159,153,action,تأیید (0.87),alias پیشنهادی برای «تأیید»,action
پنجم,270,153,concept,خمس (0.82),واژه‌ی جدید,concept
منعقد,202,153,concept,عقد (0.68),واژه‌ی جدید,concept
سر,265,153,role,صاحب‌حق (0.64),واژه‌ی جدید,REMOVE
حضوری بوده,155,153,action,عدم حضور (0.72),واژه‌ی جدید,action
دادنامه موصوف,164,153,role,متهم (0.71),واژه‌ی جدید,role
کردم,304,153,role,قیم (0.57),واژه‌ی جدید,role
از عدم,193,152,action,عدم حضور (0.70),واژه‌ی جدید,action
تأخیر تأدیه,346,152,concept,تأخیر (0.86),واژه‌ی جدید,concept
مسترد,196,152,action,انکار (0.78),واژه‌ی جدید,action
حقی خواهان,174,152,concept,حق (0.71),واژه‌ی جدید,concept
ازدواج شماره,208,152,concept,ازدواج (0.77),واژه‌ی جدید,concept
علم,273,152,concept,دین (0.68),واژه‌ی جدید,concept
راستای,188,151,concept,جهت‌گیری (0.69),واژه‌ی جدید,concept
می داند,169,151,concept,عرف (0.67),واژه‌ی جدید,concept
زیر,195,151,action,زیرنظر (0.68),واژه‌ی جدید,REMOVE
ای که,203,151,role,صاحب‌حق (0.57),واژه‌ی جدید,role
بخشی,191,151,object,بخش‌نامه (0.69),واژه‌ی جدید,object
به عهده,191,151,concept,ذمه (0.70),واژه‌ی جدید,concept
می‌دارد,199,151,concept,مظنه (0.62),واژه‌ی جدید,REMOVE
استدلال که,175,150,action,استدلال (0.82),واژه‌ی جدید,action
مشارالیها,208,150,concept,مصاهره (0.59),واژه‌ی جدید,concept
قطع,180,150,concept,منقطع (0.76),واژه‌ی جدید,REMOVE
خواهان محکوم,160,150,role,محکوم‌علیه (0.84),واژه‌ی جدید,role
حسین,174,150,object,عین (0.55),واژه‌ی جدید,object
منجر به,180,150,concept,سبب (0.76),واژه‌ی جدید,concept
شرح لایحه,180,150,object,لایحه (0.81),واژه‌ی جدید,object
نماید رأی,165,150,object,رأی (0.84),واژه‌ی جدید,object
متعاقب,169,149,action,تعقیب (0.69),واژه‌ی جدید,action
خسارت تأخیر,324,149,concept,تأخیر (0.84),واژه‌ی جدید,concept
شده اند,198,149,concept,عده (0.64),واژه‌ی جدید,REMOVE
در متن,178,149,concept,خارج از موضوع (0.73),واژه‌ی جدید,concept
پرونده از,160,149,object,پرونده (0.85),واژه‌ی جدید,object
مدنی ضمن,160,149,concept,احوال مدنی (0.75),واژه‌ی جدید,concept
بنده,371,148,concept,شخص (0.64),واژه‌ی جدید,concept
مجدد به,169,148,concept,دعوی مجدد (0.71),واژه‌ی جدید,concept
مدلول,171,148,object,ادله (0.65),واژه‌ی جدید,object
در راستای,185,148,principle,طبق قانون (0.75),واژه‌ی جدید,principle
با هیچ,149,148,concept,بی‌دلیل (0.65),واژه‌ی جدید,concept
تعلق,200,148,concept,رابطه حقوقی (0.72),واژه‌ی جدید,concept
شایسته,166,148,principle,شایسته‌سالاری (0.74),واژه‌ی جدید,principle
کردن,195,148,action,تصرف (0.67),واژه‌ی جدید,action
مجدداً,205,148,action,تجدید دادرسی (0.70),واژه‌ی جدید,action
علی رغم,170,148,principle,طبق قانون (0.62),واژه‌ی جدید,principle
علقه,167,148,concept,نفقه (0.75),واژه‌ی جدید,concept
حضوری ظرف,149,147,action,عدم حضور (0.67),واژه‌ی جدید,action
مسکونی,242,147,concept,حق سکنی (0.59),واژه‌ی جدید,concept
صیغه طلاق,364,147,concept,طلاق (0.77),واژه‌ی جدید,concept
زوج از,225,147,concept,ازدواج (0.64),واژه‌ی جدید,concept
دادنامه مورد,168,147,object,دادخواست (0.73),واژه‌ی جدید,object
از موارد,204,147,concept,خارج از موضوع (0.66),واژه‌ی جدید,concept
به انجام,192,147,concept,وفاء به عهد (0.68),واژه‌ی جدید,concept
مراتب دادگاه,150,147,action,سازمان‌دهی دادگاه‌ها (0.67),واژه‌ی جدید,action
صورتجلسه,223,146,object,صورت‌جلسه تفکیکی (0.81),واژه‌ی جدید,object
مواجه,165,146,role,مخاطب (0.67),واژه‌ی جدید,role
که زوج,221,146,concept,ازدواج (0.64),واژه‌ی جدید,concept
شهادت شهود,247,146,object,شهادت کتبی (0.79),واژه‌ی جدید,object
به اثبات,181,146,concept,ثبوت (0.83),واژه‌ی جدید,concept
با وجود,176,146,principle,طبق قانون (0.68),واژه‌ی جدید,principle
اش,281,146,concept,ارش (0.75),واژه‌ی جدید,REMOVE
نامه عادی,255,146,action,طی نامه (0.72),واژه‌ی جدید,action
دفاعی,158,146,action,دفاع (0.92),alias پیشنهادی برای «دفاع»,action
او را,262,146,role,موصی له (0.65),واژه‌ی جدید,REMOVE
نفع,186,145,role,ذی‌نفع (0.79),واژه‌ی جدید,REMOVE
بهار,376,145,concept,فصل مشترک (0.60),واژه‌ی جدید,concept
خواهی نموده,176,145,concept,تمایل (0.68),واژه‌ی جدید,concept
جلسه مورخ,182,145,object,جلسه (0.84),واژه‌ی جدید,object
صادره در,165,145,action,صادر کردن گواهی (0.71),واژه‌ی جدید,action
بدین شرح,161,145,principle,طبق قانون (0.61),واژه‌ی جدید,principle
اصحاب,193,145,role,اصحاب دعوی (0.70),واژه‌ی جدید,role
بایستی,184,145,concept,لازمه (0.70),واژه‌ی جدید,concept
اینکه زوجه,187,145,concept,نفقه (0.63),واژه‌ی جدید,concept
فروخته,216,144,concept,خرید و فروش (0.71),واژه‌ی جدید,concept
منتفی,183,144,action,نفی (0.86),واژه‌ی جدید,action
اجرای صیغه,338,144,concept,صیغه (0.89),alias پیشنهادی برای «صیغه»,concept
صورت جلسه,220,144,object,صورت‌جلسه تفکیکی (0.84),واژه‌ی جدید,object
نمی گردد,167,144,concept,ناتوانی (0.62),واژه‌ی جدید,REMOVE
اظهارات وکیل,163,144,role,وکیل (0.76),واژه‌ی جدید,role
اینکه حسب,157,144,principle,طبق قانون (0.79),واژه‌ی جدید,principle
محکمه محترم,150,144,object,محکمه (0.80),واژه‌ی جدید,object
صادر واعلام,165,143,action,صادر کردن گواهی (0.69),واژه‌ی جدید,action
هیات شعبه,158,143,role,هیات (0.77),واژه‌ی جدید,role
به دعوی,189,143,concept,دعوی (0.84),واژه‌ی جدید,concept
توجیه,153,143,object,دلایل توجیهی (0.86),واژه‌ی جدید,object
از طرفین,186,143,action,طی تفاهم (0.70),واژه‌ی جدید,action
تعداد,259,143,concept,عده (0.77),واژه‌ی جدید,concept
از مصادیق,183,143,object,شواهد (0.64),واژه‌ی جدید,object
حکم طلاق,238,143,concept,طلاق (0.82),واژه‌ی جدید,concept
مصوب سال,191,143,object,تصویب‌نامه (0.74),واژه‌ی جدید,object
وظایف,200,143,concept,وظایف حقوقی (0.82),واژه‌ی جدید,concept
زوجه با,192,143,action,مرافقه (0.64),واژه‌ی جدید,action
طول,196,142,concept,حد (0.64),واژه‌ی جدید,REMOVE
پاسخ استعلام,171,142,action,استعلام (0.87),alias پیشنهادی برای «استعلام»,action
مستفاد از,156,142,principle,لحاظ (0.61),واژه‌ی جدید,principle
تعیین وقت,189,142,concept,زمان اجرا (0.74),واژه‌ی جدید,concept
گرفت,204,142,action,گرفتن (0.79),واژه‌ی جدید,action
یک باب,235,142,object,مباحات (0.63),واژه‌ی جدید,object
طرفیت آقایان,168,142,concept,تمایل (0.59),واژه‌ی جدید,concept
مطالبه وجه,221,142,concept,وجه ملزم (0.73),واژه‌ی جدید,concept
شش دانگ,260,142,concept,خمس (0.54),واژه‌ی جدید,concept
واجد,172,141,role,واهب (0.67),واژه‌ی جدید,role
اقدامی,154,141,concept,فعل مجرمانه (0.58),واژه‌ی جدید,concept
را پرداخت,196,141,action,پرداخت (0.82),واژه‌ی جدید,action
نخواهد بود,164,141,concept,غیرممکن (0.64),واژه‌ی جدید,concept
غیر وارد,156,141,concept,غیرمستند (0.78),واژه‌ی جدید,concept
از جهات,147,141,principle,لحاظ (0.70),واژه‌ی جدید,principle
را نداشته,167,141,concept,نبود صلاحیت (0.71),واژه‌ی جدید,concept
هیئت شعبه,146,141,object,شعبه دادگاه (0.74),واژه‌ی جدید,object
به حکم,182,141,object,حکم (0.76),واژه‌ی جدید,object
آزادی,335,141,concept,حریت (0.81),واژه‌ی جدید,concept
ادامه زندگی,234,141,concept,حق زندگی (0.64),واژه‌ی جدید,concept
منتهی,174,141,concept,منقطع (0.72),واژه‌ی جدید,concept
وکالت آقایان,176,141,concept,وکالت (0.73),واژه‌ی جدید,concept
دادخواست خانم,146,141,object,دادخواست (0.86),واژه‌ی جدید,object
هفت,205,141,object,هفتگی (0.68),واژه‌ی جدید,REMOVE
تا زمان,202,141,concept,زمان اجرا (0.65),واژه‌ی جدید,concept
را تایید,158,140,action,تأیید (0.86),واژه‌ی جدید,action
به هنگام,156,140,principle,طبق قانون (0.65),واژه‌ی جدید,principle
به جهات,156,140,concept,جهت‌گیری (0.68),واژه‌ی جدید,concept
اتخاذ تصمیم,169,140,concept,تصمیم‌گیری (0.94),alias پیشنهادی برای «تصمیم‌گیری»,concept
احمدی,154,140,object,یادداشت (0.56),واژه‌ی جدید,object
مطابق قانون,148,140,principle,طبق قانون (0.97),alias پیشنهادی برای «طبق قانون»,principle
به بی,169,140,concept,سب (0.61),واژه‌ی جدید,concept
نظربه,190,140,role,صاحب‌نظر (0.63),واژه‌ی جدید,role
در نظر,150,140,role,صاحب‌نظر (0.72),واژه‌ی جدید,REMOVE
تمکین از,239,140,action,تمکین (0.86),واژه‌ی جدید,action
مصون از,145,139,action,جلوگیری (0.67),واژه‌ی جدید,action
صرفا,190,139,principle,فقط در صورت (0.76),واژه‌ی جدید,principle
منعکس در,174,139,object,منقول (0.67),واژه‌ی جدید,object
مضبوط,171,139,action,جدیت (0.62),واژه‌ی جدید,action
بر خلاف,178,139,concept,خلاف (0.76),واژه‌ی جدید,concept
محکومیت تجدیدنظرخواه,156,139,concept,محکومیت (0.85),واژه‌ی جدید,concept
ندارد لذا,143,139,action,عدم حضور (0.67),واژه‌ی جدید,REMOVE
لذا تقاضای,166,139,object,طلب (0.69),واژه‌ی جدید,object
انشاء,178,139,action,تأسیس (0.70),واژه‌ی جدید,action
محکوم شده,172,139,role,محکوم (0.91),alias پیشنهادی برای «محکوم»,role
صد,230,139,concept,سب (0.59),واژه‌ی جدید,REMOVE
النهایه,150,138,concept,اشاعه (0.64),واژه‌ی جدید,concept
موجه نیست,140,138,concept,غیرقابل اثبات (0.73),واژه‌ی جدید,concept
عمل نیامده,142,138,concept,غیرقابل اعمال (0.70),واژه‌ی جدید,concept
در قرارداد,241,138,object,قرارداد (0.83),واژه‌ی جدید,object
معاملات,236,138,object,معامله (0.83),واژه‌ی جدید,object
وحدت رویه,226,138,principle,رویه قضائی (0.69),واژه‌ی جدید,principle
صدر,161,138,role,مشتری (0.56),واژه‌ی جدید,REMOVE
این حیث,162,138,principle,طبق قانون (0.61),واژه‌ی جدید,principle
محترم تجدید,150,138,action,تجدید نظر (0.75),واژه‌ی جدید,action
آثار,183,138,object,شواهد (0.59),واژه‌ی جدید,object
اعتراض تجدیدنظرخواه,151,138,concept,تجدیدنظر (0.82),واژه‌ی جدید,concept
سن,263,138,object,سند (0.68),واژه‌ی جدید,REMOVE
انضمام خسارات,166,137,object,هزینه خسارت (0.68),واژه‌ی جدید,object
دفاتر,179,137,object,دفترخانه (0.75),واژه‌ی جدید,object
وقوع عقد,198,137,concept,عقد (0.83),واژه‌ی جدید,concept
ابرام می,141,137,concept,ارحام (0.56),واژه‌ی جدید,concept
معنونه,160,137,concept,تعریف (0.67),واژه‌ی جدید,concept
تنظیمی در,185,137,action,تنظیم (0.81),واژه‌ی جدید,action
ارتباط,198,137,action,همکاری (0.70),واژه‌ی جدید,action
استناد بند,163,137,action,ارجاع (0.67),واژه‌ی جدید,action
زوج را,178,137,concept,ازدواج (0.64),واژه‌ی جدید,concept
حق فسخ,320,137,action,فسخ (0.89),alias پیشنهادی برای «فسخ»,action
لذا بنا,141,137,concept,سبب (0.58),واژه‌ی جدید,concept
ضمن ردّ,144,137,action,رد (0.77),واژه‌ی جدید,action
این توضیح,153,136,object,دلایل توجیهی (0.68),واژه‌ی جدید,object
ماهیانه,269,136,object,هفتگی (0.64),واژه‌ی جدید,object
تجدیدنظرخواهی را,137,136,concept,تجدیدنظر (0.84),واژه‌ی جدید,concept
به جامع,147,136,concept,کامل (0.62),واژه‌ی جدید,concept
را داشته,163,136,concept,شخص (0.63),واژه‌ی جدید,REMOVE
وجاهت قانونی,151,136,concept,قانونی بودن (0.71),واژه‌ی جدید,concept
متولد,249,136,role,نویسنده (0.67),واژه‌ی جدید,role
گردد که,154,136,action,ذکر (0.60),واژه‌ی جدید,action
به منزل,225,136,action,ورود به ملک (0.70),واژه‌ی جدید,action
علقه زوجیت,151,136,concept,نفقه (0.70),واژه‌ی جدید,concept
دانستن,149,135,action,یافتن (0.73),واژه‌ی جدید,action
اکنون,166,135,role,مباشر (0.64),واژه‌ی جدید,role
فرجام خوانده,254,135,action,فرجام (0.79),واژه‌ی جدید,action
ضرورت,165,135,concept,نیاز (0.76),واژه‌ی جدید,concept
نقدی,237,135,concept,جزای نقدی (0.75),واژه‌ی جدید,concept
تقاضا,161,135,object,طلب (0.79),واژه‌ی جدید,object
مطلب,148,135,role,مضمون (0.78),واژه‌ی جدید,role
معامله را,202,135,object,معامله (0.86),واژه‌ی جدید,object
از باب,163,134,principle,طبق قانون (0.67),واژه‌ی جدید,principle
تقدیم نموده,156,134,concept,تبرع (0.70),واژه‌ی جدید,concept
با مقررات,138,134,principle,طبق قانون (0.81),واژه‌ی جدید,principle
رییس شعبه,148,134,role,رئیس دادگاه (0.71),واژه‌ی جدید,role
نرخ,252,134,object,هزینه (0.68),واژه‌ی جدید,REMOVE
اشتغال,247,134,object,شغل (0.79),واژه‌ی جدید,object
ضمناً,163,134,concept,غیرمستقیم (0.69),واژه‌ی جدید,concept
متعدد,183,134,concept,عده (0.66),واژه‌ی جدید,concept
لذا دعوی,142,134,action,اقامه دعوی (0.75),واژه‌ی جدید,action
تحصیل,235,134,action,گذراندن (0.69),واژه‌ی جدید,action
دفتر اسناد,233,134,object,دفتر اسناد رسمی (0.89),alias پیشنهادی برای «دفتر اسناد رسمی»,object
دلیلی که,141,134,concept,علت (0.82),واژه‌ی جدید,concept
ازجمله,181,134,principle,لحاظ (0.66),واژه‌ی جدید,principle
پیوست پرونده,172,133,object,پیوست‌نامه (0.81),واژه‌ی جدید,object
اعلام گردیده,162,133,action,برآورد (0.69),واژه‌ی جدید,action
فرجامخواهی,339,133,action,فرجام (0.72),واژه‌ی جدید,action
یادشده,183,133,action,یادآوری (0.75),واژه‌ی جدید,action
قانون فوق,134,133,concept,قانون منع تجاوز (0.71),واژه‌ی جدید,concept
دلائل,152,133,object,دلایل توجیهی (0.81),واژه‌ی جدید,object
ملاک,176,133,object,بلاک (0.58),واژه‌ی جدید,object
اظهارات خواهان,144,133,role,اصحاب دعوی (0.71),واژه‌ی جدید,role
معوقه,280,133,concept,مانع (0.72),واژه‌ی جدید,concept
رفتار,309,133,action,تصرف (0.78),واژه‌ی جدید,action
وکیل زوجه,278,133,role,وکیل (0.76),واژه‌ی جدید,role
اعاده می,138,133,action,اعاده اعتبار (0.79),واژه‌ی جدید,action
جهیزیه,401,132,concept,ازدواج (0.65),واژه‌ی جدید,concept
یکصد,214,132,object,واحد پول (0.64),واژه‌ی جدید,object
خوانده آقای,159,132,role,موصی له (0.64),واژه‌ی جدید,role
تاخیر تادیه,319,132,concept,تأخیر (0.83),واژه‌ی جدید,concept
به استرداد,206,132,action,استرداد (0.89),alias پیشنهادی برای «استرداد»,action
این اساس,151,132,principle,طبق قانون (0.60),واژه‌ی جدید,principle
هیچیک,144,132,concept,بی‌دلیل (0.58),واژه‌ی جدید,concept
منع,242,132,action,جلوگیری (0.78),واژه‌ی جدید,REMOVE
اینکه تجدیدنظرخواه,135,132,concept,تجدیدنظر (0.85),واژه‌ی جدید,concept
استدعاست,162,132,action,فراخوانی (0.70),واژه‌ی جدید,action
مورد استدعاست,162,132,object,طلب (0.74),واژه‌ی جدید,object
تبادل لوایح,156,132,action,تعویض سند (0.63),واژه‌ی جدید,action
به مجموع,138,132,principle,لحاظ (0.64),واژه‌ی جدید,principle
از همان,166,132,principle,طبق قانون (0.65),واژه‌ی جدید,REMOVE
ادعایی,174,131,concept,ادعا (0.92),alias پیشنهادی برای «ادعا»,concept
مغایر,161,131,concept,مغایرت (0.90),alias پیشنهادی برای «مغایرت»,concept
نهایتاً,175,131,object,رای نهایی (0.64),واژه‌ی جدید,object
صادر کرده,180,131,role,صادرکننده (0.75),واژه‌ی جدید,role
در قسمت,192,131,concept,خارج از موضوع (0.68),واژه‌ی جدید,concept
وکیل وی,166,131,role,وکیل (0.84),واژه‌ی جدید,role
سوم دادگاه,197,131,role,ثالث (0.69),واژه‌ی جدید,role
قرائت می,137,131,concept,استقراء (0.65),واژه‌ی جدید,concept
ساقط,186,131,action,اسقاط (0.67),واژه‌ی جدید,action
با ملاحظه,142,131,principle,ملاحظه قانونی (0.76),واژه‌ی جدید,principle
موضوعه,141,131,role,موصی له (0.70),واژه‌ی جدید,role
اجرایی,221,131,concept,واحد اجرایی (0.80),واژه‌ی جدید,concept
به دادخواست,143,131,object,دادخواست (0.88),alias پیشنهادی برای «دادخواست»,object
حسینی,140,131,role,مشتری (0.57),واژه‌ی جدید,role
مقرون,144,131,role,مغبون (0.59),واژه‌ی جدید,role
گفت,381,131,concept,ادعا (0.65),واژه‌ی جدید,REMOVE
به درخواست,162,130,object,طلب (0.80),واژه‌ی جدید,object
تشخیص نداده,135,130,concept,نبود صلاحیت (0.69),واژه‌ی جدید,concept
نماید این,138,130,object,موصى به (0.64),واژه‌ی جدید,REMOVE
خواهان آقای,157,130,object,طلب (0.78),واژه‌ی جدید,object
طبق تعرفه,153,130,principle,طبق قانون (0.83),واژه‌ی جدید,principle
انتخاب,170,130,concept,حق انتخاب (0.85),واژه‌ی جدید,concept
از توجه,145,130,principle,لحاظ (0.69),واژه‌ی جدید,principle
که طی,158,130,action,طی نامه (0.68),واژه‌ی جدید,action
پرداخت نماید,175,130,action,پرداخت (0.85),واژه‌ی جدید,action
در واقع,166,130,concept,شخصیت حقیقی (0.59),واژه‌ی جدید,concept
موافقت,179,130,concept,توافق (0.84),واژه‌ی جدید,concept
دادخواست خواهان,138,130,object,دادخواست (0.89),alias پیشنهادی برای «دادخواست»,object
تصویر مصدق,160,130,object,تصویر (0.68),واژه‌ی جدید,object
مصدق سند,134,130,object,سند (0.75),واژه‌ی جدید,object
ارایه,201,129,action,پیشنهاد (0.78),واژه‌ی جدید,action
له,166,129,concept,هبه (0.65),واژه‌ی جدید,REMOVE
به کارشناس,154,129,object,موصى به (0.74),واژه‌ی جدید,object
با جلب,160,129,action,جلب (0.88),alias پیشنهادی برای «جلب»,action
عمل نیاورده,134,129,concept,غیرقابل اعمال (0.74),واژه‌ی جدید,concept
ثبت شده,204,129,action,ثبت (0.87),واژه‌ی جدید,action
سمت,266,129,concept,جهت‌گیری (0.65),واژه‌ی جدید,REMOVE
دادرسی را,168,129,concept,دادرسی (0.90),alias پیشنهادی برای «دادرسی»,concept
نباشد,160,129,action,عدم حضور (0.70),واژه‌ی جدید,action
هیچگونه,175,129,concept,بی‌دلیل (0.63),واژه‌ی جدید,concept
موکل به,162,129,role,متهم (0.73),واژه‌ی جدید,role
نگهداری,282,129,concept,حق نگهداری (0.84),واژه‌ی جدید,concept
حین,184,129,action,طی روند دادرسی (0.77),واژه‌ی جدید,REMOVE
منتهی به,158,129,concept,منقطع (0.70),واژه‌ی جدید,concept
به همراه,173,129,action,مرافقه (0.70),واژه‌ی جدید,action
معامله به,211,129,object,معامله (0.88),alias پیشنهادی برای «معامله»,object
مدرکی,140,129,object,مدرک (0.83),واژه‌ی جدید,object
از انجام,155,129,action,ایفای تعهد (0.67),واژه‌ی جدید,action
نجفی,133,129,role,شفیع (0.55),واژه‌ی جدید,role
از بابت,199,128,principle,لحاظ (0.73),واژه‌ی جدید,principle
اوضاع,137,128,concept,احوال (0.79),واژه‌ی جدید,concept
ایفای,184,128,action,ایفای تعهد (0.59),واژه‌ی جدید,action
تجاری,277,128,concept,تجارت (0.84),واژه‌ی جدید,concept
حقوقی شهرستان,192,128,concept,زمینه حقوقی (0.71),واژه‌ی جدید,concept
یک میلیون,189,128,object,واحد پول (0.71),واژه‌ی جدید,object
تجدیدنظرخواهی به,137,128,concept,تجدیدنظر (0.87),واژه‌ی جدید,concept
بر پرداخت,144,128,action,پرداخت (0.85),واژه‌ی جدید,action
صورتی که,148,128,principle,فقط در صورت (0.63),واژه‌ی جدید,principle
موجب سند,213,128,object,سند (0.72),واژه‌ی جدید,object
رأی صادر,169,128,object,رأی (0.82),واژه‌ی جدید,object
نقض رأی,177,127,action,نقض (0.82),واژه‌ی جدید,action
دیوانعالی,181,127,role,دیوان عدالت اداری (0.69),واژه‌ی جدید,role
مراجع,173,127,role,مراجع ذیصلاح (0.71),واژه‌ی جدید,role
به موکل,182,127,role,موصی له (0.70),واژه‌ی جدید,role
اصلاحی,219,127,action,اصلاح ذات‌البین (0.67),واژه‌ی جدید,action
التفات,138,127,concept,تلف (0.66),واژه‌ی جدید,concept
عسر,528,127,concept,عسر و حرج (0.71),واژه‌ی جدید,REMOVE
مشخصات,170,126,action,اعراض (0.65),واژه‌ی جدید,action
به رسیدگی,158,126,action,رسیدگی (0.93),alias پیشنهادی برای «رسیدگی»,action
قانونی به,143,126,principle,قانونی (0.89),alias پیشنهادی برای «قانونی»,principle
ریال با,147,126,object,واحد پول (0.61),واژه‌ی جدید,object
اصداری,141,126,concept,اصیل (0.72),واژه‌ی جدید,concept
مطالبه اجرت,268,126,concept,اجرت (0.77),واژه‌ی جدید,concept
در بند,172,126,action,وضع قید (0.73),واژه‌ی جدید,action
صادره به,139,126,action,صادر کردن گواهی (0.71),واژه‌ی جدید,action
وبه,185,126,concept,هبه (0.75),واژه‌ی جدید,REMOVE
حرج,534,126,concept,عسر و حرج (0.74),واژه‌ی جدید,REMOVE
دادخواست تجدیدنظرخواهی,163,125,object,دادخواست (0.85),واژه‌ی جدید,object
اله,155,125,concept,هبه (0.74),واژه‌ی جدید,REMOVE
مطالبه مبلغ,159,125,object,هزینه‌های درخواست (0.75),واژه‌ی جدید,object
موضوع خواسته,154,125,object,طلب (0.76),واژه‌ی جدید,object
مطابقت ندارد,128,125,concept,اختلاف (0.73),واژه‌ی جدید,concept
فرد,177,125,concept,شخص (0.83),واژه‌ی جدید,REMOVE
مؤید,146,125,action,تشیید (0.61),واژه‌ی جدید,action
به دلایل,139,125,concept,علت (0.83),واژه‌ی جدید,concept
از خواهان,153,125,object,طلب (0.75),واژه‌ی جدید,object
همسرم,257,125,concept,ازدواج (0.66),واژه‌ی جدید,concept
وسیله,170,124,object,عقار (0.72),واژه‌ی جدید,object
عدد سکه,269,124,concept,عده (0.64),واژه‌ی جدید,concept
در اختیار,156,124,action,حصول (0.67),واژه‌ی جدید,action
منزل مشترک,173,124,concept,فصل مشترک (0.72),واژه‌ی جدید,concept
در طول,167,124,action,طی روند دادرسی (0.67),واژه‌ی جدید,action
نیامده است,127,124,action,عدم حضور (0.73),واژه‌ی جدید,action
متعاقباً,159,124,principle,طبق قانون (0.67),واژه‌ی جدید,principle
ریال از,176,124,object,واحد پول (0.58),واژه‌ی جدید,object
به منظور,149,124,principle,طبق قانون (0.70),واژه‌ی جدید,principle
وکیل زوج,264,124,role,وکیل (0.79),واژه‌ی جدید,role
جداگانه,148,124,concept,منفصل (0.75),واژه‌ی جدید,concept
قابلیت استماع,141,124,concept,قابلیت اجرایی (0.70),واژه‌ی جدید,concept
مستند دعوی,162,124,object,دلایل اثبات دعوی (0.81),واژه‌ی جدید,object
ملزم به,143,124,role,ملزم (0.87),واژه‌ی جدید,role
مغازه,436,124,role,تاجر (0.74),واژه‌ی جدید,role
زناشویی,194,124,concept,ازدواج (0.77),واژه‌ی جدید,concept
گزارش اقای,128,123,object,گزارش مالی (0.75),واژه‌ی جدید,object
طرفین را,154,123,principle,بی‌طرفی (0.65),واژه‌ی جدید,principle
وارد دانسته,134,123,concept,مداخله (0.64),واژه‌ی جدید,concept
دادگاه ارائه,134,123,action,ورود به دادگاه (0.72),واژه‌ی جدید,action
نتیجتاً,135,123,concept,علت (0.62),واژه‌ی جدید,concept
یک فقره,176,123,object,یادداشت (0.67),واژه‌ی جدید,object
به اوراق,126,123,object,اوراق قرضه (0.67),واژه‌ی جدید,object
شوهرش,186,123,concept,نفقه (0.66),واژه‌ی جدید,concept
تفکیکی,266,123,action,تفکیک (0.90),alias پیشنهادی برای «تفکیک»,action
شرح دادنامه,147,123,object,اظهارنامه (0.72),واژه‌ی جدید,object
فرزند الف,147,123,role,اولاد (0.65),واژه‌ی جدید,role
ارائه نکرده,132,123,concept,نبود صلاحیت (0.70),واژه‌ی جدید,concept
بخشی از,148,123,object,بخش‌نامه (0.65),واژه‌ی جدید,object
تصرفات,257,123,action,تصرف (0.91),alias پیشنهادی برای «تصرف»,action
محرز است,134,123,action,تأیید (0.64),واژه‌ی جدید,action
از وی,161,123,role,موصی له (0.63),واژه‌ی جدید,REMOVE
آنرا,177,122,concept,زنا (0.55),واژه‌ی جدید,concept
افراد,157,122,role,اشخاص حقیقی (0.85),واژه‌ی جدید,role
متضمن جهت,124,122,concept,جهت‌گیری (0.71),واژه‌ی جدید,concept
حالیکه,147,122,principle,طبق قانون (0.65),واژه‌ی جدید,principle
در حالیکه,147,122,principle,فقط در صورتی که (0.71),واژه‌ی جدید,principle
رفته,171,122,object,رسید (0.64),واژه‌ی جدید,object
ساعت,270,122,action,تقویم (0.67),واژه‌ی جدید,action
سوی خواهان,151,122,role,اصحاب دعوی (0.61),واژه‌ی جدید,role
مربع,260,122,concept,ثلث (0.60),واژه‌ی جدید,concept
متر مربع,259,122,object,واحد پول (0.64),واژه‌ی جدید,object
الحاقی,189,122,concept,انقیاد (0.59),واژه‌ی جدید,concept
ضرب,310,122,concept,ضرب‌الاجل (0.73),واژه‌ی جدید,REMOVE
ای به,139,121,role,صاحب‌حق (0.61),واژه‌ی جدید,role
مترمربع,263,121,object,واحد پول (0.64),واژه‌ی جدید,object
مداقه,127,121,object,محکمه (0.67),واژه‌ی جدید,object
خوانده نیز,141,121,action,پیوست (0.60),واژه‌ی جدید,action
باوکالت,157,121,concept,وکالت (0.83),واژه‌ی جدید,concept
که مطابق,137,121,principle,طبق قانون (0.78),واژه‌ی جدید,principle
از صدور,153,121,action,صادر کردن گواهی (0.73),واژه‌ی جدید,action
محسوب می,134,121,principle,لحاظ (0.65),واژه‌ی جدید,principle
آورده,177,121,action,وصول (0.66),واژه‌ی جدید,action
موجبی,126,121,concept,سبب (0.69),واژه‌ی جدید,concept
به صراحت,142,121,concept,صراحت (0.85),واژه‌ی جدید,concept
طرف دیگر,146,121,role,بی‌طرف (0.70),واژه‌ی جدید,role
عینا,125,121,object,عین (0.85),واژه‌ی جدید,object
نامه مورخ,183,121,action,طی نامه (0.68),واژه‌ی جدید,action
با التفات,130,121,principle,لحاظ (0.67),واژه‌ی جدید,principle
مورد دعوی,137,121,concept,دعوی (0.87),واژه‌ی جدید,concept
است؛,175,121,object,یادداشت (0.60),واژه‌ی جدید,object
مقرون به,134,121,object,منقول (0.65),واژه‌ی جدید,object
مفاد لایحه,129,121,object,لایحه (0.81),واژه‌ی جدید,object
دارد،,140,121,role,صاحب‌حق (0.66),واژه‌ی جدید,role
دویست,204,120,role,ديان (0.61),واژه‌ی جدید,role
زوج با,158,120,concept,ازدواج (0.67),واژه‌ی جدید,concept
نمایندگی,170,120,role,نماینده (0.81),واژه‌ی جدید,role
بموجب آن,127,120,principle,طبق قانون (0.76),واژه‌ی جدید,principle
اشتباه,173,120,concept,غلط بودن (0.83),واژه‌ی جدید,concept
خواهان ها,518,120,role,اصحاب دعوی (0.77),واژه‌ی جدید,role
داده که,146,120,action,گرفتن (0.63),واژه‌ی جدید,action
خواه به,152,120,concept,تمایل (0.67),واژه‌ی جدید,concept
پیدا,139,120,action,یافتن (0.81),واژه‌ی جدید,action
در رابطه,153,120,concept,خارج از موضوع (0.72),واژه‌ی جدید,concept
اعتراض را,129,120,action,اعتراض (0.91),alias پیشنهادی برای «اعتراض»,action
خواسته ابطال,157,120,action,فسخ (0.71),واژه‌ی جدید,action
متعارف,167,120,concept,اطلاق (0.65),واژه‌ی جدید,concept
هزار ریال,220,120,object,واحد پول (0.66),واژه‌ی جدید,object
نماید ارائه,120,120,action,پیشنهاد (0.73),واژه‌ی جدید,action
باقی مانده,144,119,concept,مؤجل (0.64),واژه‌ی جدید,concept
انجام داده,209,119,action,تأیید (0.69),واژه‌ی جدید,action
موقت,362,119,concept,مشروط (0.68),واژه‌ی جدید,concept
به ابطال,154,119,role,مبطل (0.73),واژه‌ی جدید,role
بر ابطال,168,119,action,لغو (0.65),واژه‌ی جدید,action
خسارت تاخیر,306,119,object,هزینه خسارت (0.79),واژه‌ی جدید,object
خانوادگی,166,119,concept,رابطه خانوادگی (0.81),واژه‌ی جدید,concept
نامبردگان,176,119,role,اشخاص حقیقی (0.69),واژه‌ی جدید,role
آن،,135,119,object,اعیان (0.57),واژه‌ی جدید,REMOVE
به حساب,196,119,action,گشایش حساب (0.73),واژه‌ی جدید,action
ندارند,145,119,action,عدم حضور (0.69),واژه‌ی جدید,action
به من,240,119,object,موصى به (0.62),واژه‌ی جدید,object
ملک به,168,119,action,ورود به ملک (0.71),واژه‌ی جدید,action
ادعای تجدیدنظرخواه,127,119,concept,تجدیدنظر (0.78),واژه‌ی جدید,concept
آمده است,147,119,object,رسید (0.74),واژه‌ی جدید,object
در جریان,162,118,action,طی روند دادرسی (0.75),واژه‌ی جدید,action
کنم,205,118,role,قیم (0.61),واژه‌ی جدید,REMOVE
اخیرالذکر,131,118,object,تبصره (0.65),واژه‌ی جدید,object
قادر,178,118,concept,ناتوانی (0.61),واژه‌ی جدید,concept
که پرونده,141,118,object,پرونده (0.80),واژه‌ی جدید,object
کردند,197,118,concept,عده (0.65),واژه‌ی جدید,concept
با پذیرش,123,118,action,پذیرش (0.87),واژه‌ی جدید,action
بر مطالبه,143,118,object,طلب (0.73),واژه‌ی جدید,object
قبلاً,160,118,concept,سابقه حقوقی (0.64),واژه‌ی جدید,concept
تا تاریخ,164,118,principle,طبق قانون (0.58),واژه‌ی جدید,principle
هیچیک از,128,118,action,نفی (0.59),واژه‌ی جدید,action
احراز رابطه,122,118,action,احراز هویت (0.74),واژه‌ی جدید,action
اصل بر,132,118,principle,اصل مالکیت (0.68),واژه‌ی جدید,principle
وی از,128,117,role,موصی له (0.64),واژه‌ی جدید,REMOVE
میدهد,156,117,action,بذل (0.68),واژه‌ی جدید,action
ایشان در,138,117,role,موصی له (0.61),واژه‌ی جدید,REMOVE
دیوانعالی کشور,167,117,role,دیوان عدالت اداری (0.83),واژه‌ی جدید,role
هزینه های,170,117,object,هزینه (0.93),alias پیشنهادی برای «هزینه»,object
مخالفت,134,117,concept,مخالف (0.90),alias پیشنهادی برای «مخالف»,concept
که دلالت,128,117,concept,صراحت (0.66),واژه‌ی جدید,concept
عرض,162,117,action,عرضه (0.69),واژه‌ی جدید,REMOVE
اداری,351,117,object,دفترخانه (0.70),واژه‌ی جدید,object
صورت عدم,135,117,action,عدم حضور (0.71),واژه‌ی جدید,action
لحاظ اینکه,129,117,principle,لحاظ (0.82),واژه‌ی جدید,principle
حکم مبنی,132,117,object,حکم (0.76),واژه‌ی جدید,object
مشترک به,158,117,role,شریک (0.73),واژه‌ی جدید,role
دار,207,116,role,دلال (0.63),واژه‌ی جدید,REMOVE
نامبرده در,137,116,role,محکوم‌علیه (0.71),واژه‌ی جدید,role
تاریخ تقدیم,161,116,concept,تبرع (0.65),واژه‌ی جدید,concept
حالی که,146,116,concept,طی شرایط خاص (0.63),واژه‌ی جدید,concept
نبودن,151,116,action,عدم حضور (0.70),واژه‌ی جدید,action
مختلف,136,116,concept,اختلاف (0.74),واژه‌ی جدید,concept
مازاد,199,116,object,تبصره (0.61),واژه‌ی جدید,object
اینکه از,119,116,principle,طبق قانون (0.63),واژه‌ی جدید,REMOVE
این وصف,128,116,concept,صراحت (0.61),واژه‌ی جدید,concept
شهر,229,116,role,شهرداری (0.76),واژه‌ی جدید,REMOVE
به طرفین,154,116,principle,بی‌طرفی (0.70),واژه‌ی جدید,principle
بر عهده,135,116,concept,ذمه (0.71),واژه‌ی جدید,concept
دراین,152,116,role,ديان (0.61),واژه‌ی جدید,role
غیر از,140,116,principle,فقط در صورت (0.72),واژه‌ی جدید,principle
داده اند,155,115,action,گرفتن (0.67),واژه‌ی جدید,REMOVE
خصوص دادنامه,119,115,concept,دادرسی (0.68),واژه‌ی جدید,concept
نفره,218,115,concept,شخص (0.64),واژه‌ی جدید,concept
اجابت,125,115,concept,اجرت (0.63),واژه‌ی جدید,concept
بحث,152,115,action,بررسی (0.70),واژه‌ی جدید,REMOVE
بدیهی,124,115,concept,لازمه (0.66),واژه‌ی جدید,concept
مع,170,115,role,معشر (0.67),واژه‌ی جدید,REMOVE
از مهریه,171,115,object,ارثیه (0.65),واژه‌ی جدید,object
بیشتر,148,115,concept,پیشرفت (0.60),واژه‌ی جدید,concept
از آنجا,142,115,principle,طبق قانون (0.58),واژه‌ی جدید,principle
رابطه با,142,115,concept,رابطه حقوقی (0.77),واژه‌ی جدید,concept
دختر,197,115,role,کودک (0.74),واژه‌ی جدید,role
آن دعوی,115,115,concept,دعوی (0.84),واژه‌ی جدید,concept
زیرا دادنامه,115,115,concept,دادرسی (0.67),واژه‌ی جدید,concept
دادگاه ادعای,118,115,concept,ادعا (0.77),واژه‌ی جدید,concept
تمکین زوجه,158,115,action,تمکین (0.77),واژه‌ی جدید,action
دعوی در,128,114,concept,دعوی (0.91),alias پیشنهادی برای «دعوی»,concept
تجدیدنظرخواهی نموده,119,114,concept,تجدیدنظر (0.83),واژه‌ی جدید,concept
میدارد,159,114,role,مودع (0.54),واژه‌ی جدید,role
درخواست تجدیدنظرخواهی,116,114,concept,تجدیدنظر (0.85),واژه‌ی جدید,concept
میشود,189,114,concept,قابل اجرا بودن (0.66),واژه‌ی جدید,concept
تعرض,138,114,concept,اطلاق (0.74),واژه‌ی جدید,concept
موضوع دعوی,155,114,action,اقامه دعوی (0.85),واژه‌ی جدید,action
محلی,182,114,object,محل (0.78),واژه‌ی جدید,object
در دعوی,137,114,concept,دعوی (0.87),alias پیشنهادی برای «دعوی»,concept
قرار صادره,142,114,action,قرار (0.80),واژه‌ی جدید,action
در محل,156,114,object,محل (0.82),واژه‌ی جدید,object
دلایلی,117,114,object,دلایل توجیهی (0.80),واژه‌ی جدید,object
آنجا که,143,114,object,محل (0.62),واژه‌ی جدید,object
امانی,138,114,concept,امانت (0.75),واژه‌ی جدید,concept
واعلام می,127,114,object,اعلامیه حراج (0.67),واژه‌ی جدید,object
موجه تشخیص,118,114,object,دلایل توجیهی (0.67),واژه‌ی جدید,object
التفات به,124,114,role,موصی له (0.71),واژه‌ی جدید,role
کپی,185,114,object,کپی‌رایت (0.74),واژه‌ی جدید,REMOVE
آن صادر,122,114,action,صادر کردن حکم (0.66),واژه‌ی جدید,action
ملاقات,295,114,concept,حق ملاقات (0.81),واژه‌ی جدید,concept
فرزندان,292,114,role,اولاد (0.89),alias پیشنهادی برای «اولاد»,role
به‌,187,114,concept,به‌محکومیت (0.64),واژه‌ی جدید,REMOVE
مطالبه خسارات,146,113,concept,خسارت (0.74),واژه‌ی جدید,concept
هستم,176,113,object,یادداشت (0.69),واژه‌ی جدید,object
را قبول,168,113,action,پذیرش (0.78),واژه‌ی جدید,action
با استدلال,141,113,action,استدلال (0.91),alias پیشنهادی برای «استدلال»,action
قرار نگرفته,130,113,concept,مؤجل (0.67),واژه‌ی جدید,concept
قادر به,171,113,concept,قابل اجرا بودن (0.67),واژه‌ی جدید,concept
معادل,151,113,concept,همزمانی (0.68),واژه‌ی جدید,concept
صرفنظر,138,113,concept,تجدیدنظر (0.72),واژه‌ی جدید,concept
اختلافات,153,113,concept,اختلاف (0.93),alias پیشنهادی برای «اختلاف»,concept
فقره چک,241,113,action,صدور چک (0.77),واژه‌ی جدید,action
مدنی مصوب,129,113,concept,احوال مدنی (0.71),واژه‌ی جدید,concept
غیره,131,113,concept,غیرمستقل (0.74),واژه‌ی جدید,concept
به پزشکی,212,113,object,موصى به (0.60),واژه‌ی جدید,object
در اوراق,125,113,object,اوراق قرضه (0.70),واژه‌ی جدید,object
داشتند,150,113,concept,عده (0.64),واژه‌ی جدید,concept
از زمان,145,113,concept,خارج از موضوع (0.63),واژه‌ی جدید,concept
فاقد وجاهت,123,113,concept,نبود صلاحیت (0.82),واژه‌ی جدید,concept
جزایی,170,112,concept,وضعیت جزائی (0.77),واژه‌ی جدید,concept
منطقه,175,112,object,محل (0.72),واژه‌ی جدید,object
جبران,170,112,action,جبران خسارت (0.78),واژه‌ی جدید,action
از هرگونه,115,112,action,جلوگیری (0.58),واژه‌ی جدید,action
عمده,137,112,concept,عده (0.66),واژه‌ی جدید,concept
در مهلت,143,112,principle,طبق قانون (0.70),واژه‌ی جدید,principle
صدور رای,191,112,object,رای مشورتی (0.80),واژه‌ی جدید,object
گواهان,230,112,object,گواهی (0.80),واژه‌ی جدید,object
با قانون,125,112,principle,طبق قانون (0.88),alias پیشنهادی برای «طبق قانون»,principle
خویش را,133,112,action,خوداظهاری (0.74),واژه‌ی جدید,action
مستقل,152,112,concept,غیرمستقل (0.73),واژه‌ی جدید,concept
ارکان,139,112,concept,ارکان عقد (0.79),واژه‌ی جدید,concept
امعان,116,112,concept,لعان (0.70),واژه‌ی جدید,concept
در ماهیت,155,112,concept,ماهیت (0.85),واژه‌ی جدید,concept
رویه شماره,154,112,object,سریال شماره (0.71),واژه‌ی جدید,object
شاخص,146,112,principle,معیار (0.67),واژه‌ی جدید,principle
خیر,174,112,principle,خیرخواهی (0.68),واژه‌ی جدید,REMOVE
به او,175,112,role,موصی له (0.73),واژه‌ی جدید,role
تقدیمی خواهان,115,112,role,اصحاب دعوی (0.71),واژه‌ی جدید,role
به ثبت,173,112,action,ثبت (0.87),واژه‌ی جدید,action
دادگاه کیفری,345,112,concept,قانون کیفری (0.80),واژه‌ی جدید,concept
زوجین در,136,112,concept,ازدواج (0.67),واژه‌ی جدید,concept
در وضعیت,122,112,action,وضع (0.74),واژه‌ی جدید,action
شورای حل,189,112,role,شورای حل اختلاف (0.84),واژه‌ی جدید,role
گردیده وارد,114,112,concept,مداخله (0.69),واژه‌ی جدید,concept
موضوع به,122,111,concept,خارج از موضوع (0.73),واژه‌ی جدید,concept
مطروحه از,130,111,concept,خارج از موضوع (0.65),واژه‌ی جدید,concept
از وصول,136,111,action,وصول (0.91),alias پیشنهادی برای «وصول»,action
فتوکپی,153,111,object,تصویر (0.67),واژه‌ی جدید,object
اینکه دادنامه,114,111,concept,دادرسی (0.71),واژه‌ی جدید,concept
کسر,162,111,action,تقسیط (0.62),واژه‌ی جدید,REMOVE
خواندگان ردیف,225,111,role,اصحاب دعوی (0.59),واژه‌ی جدید,role
به اعتبار,145,111,action,اعاده اعتبار (0.71),واژه‌ی جدید,action
قید شده,136,111,action,وضع قید (0.81),واژه‌ی جدید,action
اینکه زوج,129,111,concept,ازدواج (0.70),واژه‌ی جدید,concept
نظربه اینکه,151,111,action,بررسی (0.69),واژه‌ی جدید,action
امری,132,111,principle,حقوق بشر (0.69),واژه‌ی جدید,principle
قطعه زمین,204,111,object,نمونه (0.63),واژه‌ی جدید,object
می باشد،,138,111,principle,طبق قانون (0.64),واژه‌ی جدید,principle
وجود دارد,127,111,concept,قانونی بودن (0.67),واژه‌ی جدید,concept
دادنامه های,154,111,concept,دادرسی (0.71),واژه‌ی جدید,concept
مرا,221,111,concept,مراهنه (0.64),واژه‌ی جدید,REMOVE
اعلام می‌دارد,122,111,object,اعلامیه حراج (0.68),واژه‌ی جدید,object
واصله,123,110,action,مرافقه (0.64),واژه‌ی جدید,action
مراحل,130,110,action,طی مراحل قانونی (0.69),واژه‌ی جدید,action
به صحت,118,110,concept,صحت (0.74),واژه‌ی جدید,concept
قابل فرجام,142,110,action,فرجام (0.74),واژه‌ی جدید,action
مواردی,129,110,concept,طی شرایط خاص (0.73),واژه‌ی جدید,concept
صالح,165,110,concept,صالح بودن (0.78),واژه‌ی جدید,concept
معتبر,151,110,object,مدرک (0.66),واژه‌ی جدید,object
معمول,121,110,principle,پیش‌فرض (0.62),واژه‌ی جدید,principle
خروج,180,110,action,خروج از زندان (0.77),واژه‌ی جدید,action
حاکم بر,133,110,role,حاکم (0.90),alias پیشنهادی برای «حاکم»,role
به کیفیت,113,110,concept,ظرفیت (0.62),واژه‌ی جدید,concept
درحق,136,110,concept,حق (0.73),واژه‌ی جدید,concept
جهت موجه,112,110,concept,جهت‌گیری (0.75),واژه‌ی جدید,concept
ابتدا,132,110,object,کمک (0.61),واژه‌ی جدید,object
با صدور,143,110,action,صادر کردن حکم (0.73),واژه‌ی جدید,action
دادستان,235,110,concept,دادرسی (0.81),واژه‌ی جدید,concept
دائر,155,110,concept,عقد (0.60),واژه‌ی جدید,concept
در همین,122,110,principle,طبق قانون (0.65),واژه‌ی جدید,principle
در عقد,183,110,concept,عقد (0.82),واژه‌ی جدید,concept
شده،,158,110,action,مأخوذ (0.63),واژه‌ی جدید,action
دال,133,110,role,دلال (0.69),واژه‌ی جدید,REMOVE
که موکل,133,110,role,موصی له (0.67),واژه‌ی جدید,role
پرداخت وجه,174,110,action,پرداخت (0.86),واژه‌ی جدید,action
بخواسته مطالبه,122,109,object,طلب (0.77),واژه‌ی جدید,object
زندگی می,153,109,concept,حق زندگی (0.60),واژه‌ی جدید,concept
از تبادل,129,109,action,تبدیل (0.68),واژه‌ی جدید,action
وکالت اقای,213,109,concept,وکالت (0.77),واژه‌ی جدید,concept
رأی فرجام,193,109,object,رای نهایی (0.79),واژه‌ی جدید,object
عقود,168,109,concept,عقد (0.77),واژه‌ی جدید,concept
کارشناسان,237,109,concept,نظر کارشناسان حقوقی (0.76),واژه‌ی جدید,concept
مقام دفاع,121,109,action,دفاع (0.79),واژه‌ی جدید,action
بدیهی است,117,109,concept,غیرقابل اعتراض (0.66),واژه‌ی جدید,concept
دادگاه نخستین,140,109,action,ورود به دادگاه (0.61),واژه‌ی جدید,action
یک واحد,173,109,object,واحد پول (0.80),واژه‌ی جدید,object
مطلع,155,109,concept,موقوف (0.63),واژه‌ی جدید,concept
بهار آزادی,297,109,object,حق‌التحریر (0.72),واژه‌ی جدید,object
اعلام ختم,140,109,action,اعلام ورشکستگی (0.75),واژه‌ی جدید,action
اول به,143,109,object,موصى به (0.60),واژه‌ی جدید,object
را مورد,125,109,action,رد (0.63),واژه‌ی جدید,REMOVE
بعمل آمده,139,109,action,تصرف (0.69),واژه‌ی جدید,action
نداده است,125,109,action,عدم حضور (0.66),واژه‌ی جدید,action
مطابق با,130,109,principle,طبق قانون (0.83),واژه‌ی جدید,principle
از خانم,140,109,concept,شخص (0.68),واژه‌ی جدید,concept
موسوی,112,109,concept,مشارکت (0.55),واژه‌ی جدید,concept
فراهم آورد,110,109,concept,ایجاد تعهد (0.71),واژه‌ی جدید,concept
هنوز,139,109,concept,بلاتکلیفی (0.60),واژه‌ی جدید,concept
مضافاً,128,109,object,تبصره (0.70),واژه‌ی جدید,object
ابلاغ،,129,109,action,نقل (0.65),واژه‌ی جدید,action
یا عدم,129,108,action,عدم حضور (0.68),واژه‌ی جدید,action
کارشناس منتخب,140,108,role,مشاور (0.66),واژه‌ی جدید,role
بموجب دادنامه,172,108,principle,طبق قانون (0.78),واژه‌ی جدید,principle
مداقه در,114,108,role,مدیون (0.65),واژه‌ی جدید,role
دلیل بر,118,108,concept,علت (0.85),واژه‌ی جدید,concept
ذکر شده,137,108,action,ذکر (0.77),واژه‌ی جدید,action
رأی شماره,197,108,object,رأی (0.86),واژه‌ی جدید,object
اختیارات,193,108,concept,صلاحیت (0.73),واژه‌ی جدید,concept
وظرف,109,108,action,ضیعف (0.63),واژه‌ی جدید,action
درمحاکم,114,108,action,محاکمه (0.73),واژه‌ی جدید,action
صحیحاً,111,108,role,صاحب‌حق (0.70),واژه‌ی جدید,role
نفقه معوقه,205,108,concept,نفقه (0.83),واژه‌ی جدید,concept
انتظامی,191,108,action,گشت پلیس (0.71),واژه‌ی جدید,action
متن دادخواست,115,108,object,دادخواست (0.85),واژه‌ی جدید,object
بیماری,561,108,action,علاج (0.71),واژه‌ی جدید,action
وقتی,160,108,principle,فقط در صورتی که (0.72),واژه‌ی جدید,principle
جدا,150,108,action,جداسازی (0.79),واژه‌ی جدید,REMOVE
اشعار دارد,119,108,role,صاحب‌نظر (0.64),واژه‌ی جدید,role
طفل,308,108,role,کودک (0.93),alias پیشنهادی برای «کودک»,REMOVE
مرادی,111,108,concept,مقصود (0.56),واژه‌ی جدید,concept
تشریفات قانونی,119,107,object,هزینه‌های قانونی (0.77),واژه‌ی جدید,object
حیث رعایت,107,107,principle,رعایت حقوق (0.76),واژه‌ی جدید,principle
در صلاحیت,202,107,concept,صلاحیت (0.87),واژه‌ی جدید,concept
ملک مورد,155,107,object,فرع ملک (0.65),واژه‌ی جدید,object
سوء,256,107,concept,سوءنیت (0.79),واژه‌ی جدید,REMOVE
طرفیت خواندگان,127,107,concept,تمایل (0.61),واژه‌ی جدید,concept
موکل در,149,107,role,متهم (0.70),واژه‌ی جدید,role
که حکایت,122,107,object,قضیه (0.61),واژه‌ی جدید,object
مگر اینکه,123,107,principle,فقط در صورتی که (0.84),واژه‌ی جدید,principle
به غیر,143,107,principle,فقط در صورت (0.73),واژه‌ی جدید,principle
ها را,146,107,object,هامش (0.63),واژه‌ی جدید,object
به وجود,121,107,action,حصول (0.66),واژه‌ی جدید,action
بر فرض,131,107,concept,فرض (0.84),واژه‌ی جدید,concept
تنظیم شده,126,107,action,تنظیم (0.75),واژه‌ی جدید,action
محتویات پرونده،,109,107,object,پرونده (0.76),واژه‌ی جدید,object
خوانده اظهار,133,106,action,تحریر اظهارات (0.70),واژه‌ی جدید,action
را مطالبه,123,106,object,طلب (0.70),واژه‌ی جدید,object
مدنی دادنامه,114,106,concept,قانون مدنی (0.74),واژه‌ی جدید,concept
روی,171,106,action,رد (0.59),واژه‌ی جدید,REMOVE
لوایح طرفین,108,106,object,لایحه (0.66),واژه‌ی جدید,object
یک قطعه,164,106,object,یادداشت (0.68),واژه‌ی جدید,object
پرداخت شده,128,106,action,پرداخت (0.84),واژه‌ی جدید,action
دادرسی،,123,106,concept,دادرسی (0.86),واژه‌ی جدید,concept
محول,126,106,action,تبدیل (0.76),واژه‌ی جدید,action
کاری,156,106,object,حق‌العمل‌کاری (0.64),واژه‌ی جدید,object
ایرادی از,106,106,concept,خارج از موضوع (0.71),واژه‌ی جدید,concept
ریاست,161,106,role,ریاست قضاوت (0.80),واژه‌ی جدید,role
را منطبق,106,106,action,رد (0.66),واژه‌ی جدید,action
شده است،,126,106,principle,طبق قانون (0.63),واژه‌ی جدید,principle
اعتراضی,109,105,action,اعتراض (0.91),alias پیشنهادی برای «اعتراض»,action
تقدیمی است,119,105,concept,تبرع (0.69),واژه‌ی جدید,concept
از اداره,128,105,principle,طبق قانون (0.70),واژه‌ی جدید,principle
سوی زوج,143,105,concept,ازدواج (0.59),واژه‌ی جدید,concept
سازد,118,105,concept,بزه (0.61),واژه‌ی جدید,concept
مشاهده,151,105,role,شاهد (0.73),واژه‌ی جدید,role
از حق,147,105,concept,حق (0.79),واژه‌ی جدید,concept
نحن,120,105,action,همکاری (0.59),واژه‌ی جدید,REMOVE
شدم,176,105,concept,سلم (0.60),واژه‌ی جدید,REMOVE
انجام تعهد,208,105,concept,ایجاد تعهد (0.91),alias پیشنهادی برای «ایجاد تعهد»,concept
کلی,146,105,principle,کلیات (0.77),واژه‌ی جدید,REMOVE
بینی,131,105,action,پیش‌بینی (0.61),واژه‌ی جدید,action
تفویض,187,105,concept,تبعیض (0.69),واژه‌ی جدید,concept
به وکیل,134,105,role,وکیل (0.83),واژه‌ی جدید,role
به اصل,133,105,principle,طبق قانون (0.66),واژه‌ی جدید,principle
نماید،,129,105,principle,لحاظ (0.63),واژه‌ی جدید,principle
دال بر,126,105,object,برات (0.63),واژه‌ی جدید,object
قرارگرفته,152,105,action,گرفتن (0.69),واژه‌ی جدید,action
محض,127,105,principle,لحاظ (0.60),واژه‌ی جدید,REMOVE
چندین,121,105,concept,عده (0.72),واژه‌ی جدید,concept
رأی به,126,105,object,رأی (0.89),alias پیشنهادی برای «رأی»,object
دادرسی نیز,107,105,concept,دادرسی (0.82),واژه‌ی جدید,concept
تأیید می‌نماید,107,105,action,تأیید (0.85),واژه‌ی جدید,action
استدلال محکمه,109,105,action,استدلال (0.84),واژه‌ی جدید,action
اجمالاً مبنی,107,105,principle,لحاظ (0.64),واژه‌ی جدید,principle
سال است,141,104,concept,شخص (0.63),واژه‌ی جدید,concept
برای زوجه,146,104,role,موصی له (0.65),واژه‌ی جدید,role
موثری,111,104,concept,قابل اجرا بودن (0.63),واژه‌ی جدید,concept
پور,131,104,object,پروانه (0.57),واژه‌ی جدید,REMOVE
نگرفته است,116,104,action,عدم حضور (0.65),واژه‌ی جدید,action
به علاوه,126,104,object,تبصره (0.63),واژه‌ی جدید,object
اینکه مطابق,126,104,principle,طبق قانون (0.81),واژه‌ی جدید,principle
تجدیدنظرخوانده به,120,104,concept,تجدیدنظر (0.84),واژه‌ی جدید,concept
رسمی انتقال,184,104,action,نقل و انتقال (0.70),واژه‌ی جدید,action
به طرح,129,104,principle,طبق قانون (0.69),واژه‌ی جدید,principle
با مراجعه,126,104,action,رجوع (0.72),واژه‌ی جدید,action
نهایت,130,104,object,رای نهایی (0.66),واژه‌ی جدید,object
دو سال,138,104,concept,دوره محکومیت (0.56),واژه‌ی جدید,concept
کند که,115,104,object,موصى به (0.64),واژه‌ی جدید,object
ساختمان,339,104,concept,شرکت (0.69),واژه‌ی جدید,concept
دو نفر,133,104,concept,شخص (0.70),واژه‌ی جدید,concept
به هیچ,130,104,concept,بی‌دلیل (0.60),واژه‌ی جدید,concept
از نوع,138,104,concept,نوع جرم (0.71),واژه‌ی جدید,concept
احد,156,104,role,ثالث (0.63),واژه‌ی جدید,REMOVE
در ادامه,147,104,concept,خارج از موضوع (0.74),واژه‌ی جدید,concept
صاحب,170,104,role,صاحب‌حق (0.75),واژه‌ی جدید,role
اعلام می‌گردد,124,104,object,اعلامیه حراج (0.68),واژه‌ی جدید,object
ثالثا,118,103,role,ثالث (0.76),واژه‌ی جدید,role
مجلس,155,103,role,مجلس شورای اسلامی (0.84),واژه‌ی جدید,role
مذکور با,112,103,principle,طبق قانون (0.67),واژه‌ی جدید,principle
بانکی,181,103,object,بانک (0.80),واژه‌ی جدید,object
منصرف,127,103,concept,منفصل (0.73),واژه‌ی جدید,concept
که اولاً,113,103,principle,لحاظ (0.57),واژه‌ی جدید,principle
مضبوط در,122,103,action,جدیت (0.63),واژه‌ی جدید,action
وکلای طرفین,134,103,role,وکیل (0.71),واژه‌ی جدید,role
در رأی,132,103,object,رأی (0.87),alias پیشنهادی برای «رأی»,object
خانم ها,148,103,concept,شخص (0.62),واژه‌ی جدید,concept
محکوم گردیده,116,103,role,محکوم‌علیه (0.87),alias پیشنهادی برای «محکوم‌علیه»,role
نظر می,112,103,role,صاحب‌نظر (0.74),واژه‌ی جدید,REMOVE
قانون ثبت,186,103,concept,حق ثبت (0.85),واژه‌ی جدید,concept
عدم تمکین,125,103,action,تمکین (0.74),واژه‌ی جدید,action
خواهان مبنی,112,103,role,اصحاب دعوی (0.75),واژه‌ی جدید,role
مفاد دادخواست,106,102,object,دادخواست (0.80),واژه‌ی جدید,object
پانصد,171,102,concept,خمس (0.71),واژه‌ی جدید,concept
معاینه,213,102,action,بازرسی (0.73),واژه‌ی جدید,action
به تبصره,106,102,object,تبصره (0.90),alias پیشنهادی برای «تبصره»,object
کشف,167,102,action,کشف جرم (0.82),واژه‌ی جدید,REMOVE
ستون,120,102,action,استیمان (0.57),واژه‌ی جدید,action
بنظر,129,102,role,صاحب‌نظر (0.70),واژه‌ی جدید,role
حمل,229,102,action,نقل (0.68),واژه‌ی جدید,action
به نفع,129,102,role,ذی‌نفع (0.77),واژه‌ی جدید,role
آمد,184,102,object,رسید (0.83),واژه‌ی جدید,REMOVE
هر گونه,117,102,concept,نوع جرم (0.60),واژه‌ی جدید,concept
جهت عدم,117,102,action,جلوگیری (0.72),واژه‌ی جدید,action
تومان به,139,102,object,واحد پول (0.64),واژه‌ی جدید,object
بدین توضیح,108,102,object,دلایل توجیهی (0.70),واژه‌ی جدید,object
است نظر,112,102,role,صاحب‌نظر (0.72),واژه‌ی جدید,REMOVE
جرح,212,102,concept,خسارت (0.75),واژه‌ی جدید,REMOVE
منافع,206,101,concept,منافع اقتصادی (0.88),alias پیشنهادی برای «منافع اقتصادی»,concept
مکلف است,111,101,concept,ملزم بودن (0.78),واژه‌ی جدید,concept
مردود اعلام,117,101,action,اعلام ورشکستگی (0.74),واژه‌ی جدید,action
العاده,130,101,concept,عده (0.65),واژه‌ی جدید,concept
فوق العاده,130,101,concept,غیرقابل اغماض (0.68),واژه‌ی جدید,concept
لوایح تقدیمی,119,101,object,لایحه (0.68),واژه‌ی جدید,object
مقدار,195,101,concept,حد (0.70),واژه‌ی جدید,concept
ما نحن,115,101,concept,تعریف (0.55),واژه‌ی جدید,concept
شعب,134,101,object,شعبه دادگاه (0.60),واژه‌ی جدید,REMOVE
صلاحیت دادگاه,179,101,concept,صلاحیت (0.82),واژه‌ی جدید,concept
ابلاغ شده,122,101,action,استعلام (0.70),واژه‌ی جدید,action
امعان نظر,105,101,role,صاحب‌نظر (0.65),واژه‌ی جدید,role
قائم,183,101,object,موقوفه (0.59),واژه‌ی جدید,object
قرائن,121,101,concept,قرابت (0.68),واژه‌ی جدید,concept
این شرح,109,101,object,یادداشت (0.60),واژه‌ی جدید,object
از عقد,224,101,concept,عقد (0.84),واژه‌ی جدید,concept
واحده,148,101,role,واحد حقوقی (0.75),واژه‌ی جدید,role
ارائه نگردیده,116,101,action,عدم حضور (0.69),واژه‌ی جدید,action
صادرشده است,116,101,action,صادر کردن گواهی (0.69),واژه‌ی جدید,action
چیزی,134,101,object,قضیه (0.72),واژه‌ی جدید,object
آیا,201,101,principle,طبق قانون (0.58),واژه‌ی جدید,REMOVE
را انجام,147,101,object,موصى به (0.68),واژه‌ی جدید,object
تبصره الحاقی,156,101,object,تبصره (0.87),alias پیشنهادی برای «تبصره»,object
ردّ دعوی,145,101,concept,دعوی نفی مالکیت (0.76),واژه‌ی جدید,concept
رسیدگی قرار,112,100,action,رسیدگی (0.90),alias پیشنهادی برای «رسیدگی»,action
زوجه می,122,100,concept,ازدواج (0.62),واژه‌ی جدید,concept
در حد,116,100,concept,حد (0.81),واژه‌ی جدید,concept
گزارش عضو,101,100,action,گزارش‌گیری (0.79),واژه‌ی جدید,action
صرفنظر از,118,100,principle,فقط در صورت (0.71),واژه‌ی جدید,principle
پیوست دادخواست,119,100,object,دادخواست (0.82),واژه‌ی جدید,object
به قرار,129,100,action,قرار (0.80),واژه‌ی جدید,action
عمومی دیوان,137,100,role,دیوان عدالت اداری (0.76),واژه‌ی جدید,role
رسمی دادگستری,124,100,role,واحد دادگستری (0.76),واژه‌ی جدید,role
با تعیین,131,100,principle,طبق قانون (0.75),واژه‌ی جدید,principle
اقامه نشده,102,100,concept,غیرمستند (0.68),واژه‌ی جدید,concept
بررسی محتویات,107,100,action,بررسی (0.77),واژه‌ی جدید,action
در ضمن,129,100,principle,طبق قانون (0.69),واژه‌ی جدید,REMOVE
می گیرد,121,100,action,گرفتن (0.79),واژه‌ی جدید,action
ناحیه تجدیدنظرخواه,112,100,concept,قابل تجدیدنظر (0.71),واژه‌ی جدید,concept
قرارداد عادی,141,100,object,قرارداد (0.78),واژه‌ی جدید,object
توجهی,105,100,principle,احتیاط (0.73),واژه‌ی جدید,principle
زیرا رأی,105,100,object,رأی (0.74),واژه‌ی جدید,object
کتبی آقای,100,100,object,شهادت کتبی (0.76),واژه‌ی جدید,object
دستگاه آپارتمان,160,100,object,لوازم (0.61),واژه‌ی جدید,object
سرانجام,130,99,object,رای نهایی (0.69),واژه‌ی جدید,object
جلسات,137,99,object,جلسه (0.88),alias پیشنهادی برای «جلسه»,object
اصرار,126,99,concept,اراده (0.70),واژه‌ی جدید,concept
مورد رسیدگی,111,99,action,رسیدگی (0.91),alias پیشنهادی برای «رسیدگی»,action
مطالبه نفقه,156,99,concept,نفقه (0.81),واژه‌ی جدید,concept
دادخواست فرجامی,130,99,object,دادخواست (0.75),واژه‌ی جدید,object
عقدنامه,148,99,object,عهدنامه (0.79),واژه‌ی جدید,object
از رأی,136,99,object,رأی (0.86),واژه‌ی جدید,object
رسیده است,115,99,object,رسید (0.82),واژه‌ی جدید,object
موضوع دادنامه,104,99,object,دادخواست (0.77),واژه‌ی جدید,object
برای دادگاه,113,99,action,ورود به دادگاه (0.80),واژه‌ی جدید,action
مرد,150,99,concept,شخص (0.79),واژه‌ی جدید,REMOVE
مورد نظر,124,99,object,یادداشت (0.75),واژه‌ی جدید,REMOVE
بصورت,135,99,principle,طبق قانون (0.72),واژه‌ی جدید,principle
پرونده پس,107,99,object,پرونده (0.79),واژه‌ی جدید,object
نفقه زوجه,153,99,concept,نفقه (0.86),واژه‌ی جدید,concept
آن ها,221,99,role,اهل (0.61),واژه‌ی جدید,role
آن قسمت,122,99,object,قضیه (0.66),واژه‌ی جدید,object
ابلاغ، قابل,113,99,concept,قابل اجرا بودن (0.67),واژه‌ی جدید,concept
مترتب,116,98,role,محتسب (0.67),واژه‌ی جدید,role
ایشان را,128,98,role,موصی له (0.68),واژه‌ی جدید,REMOVE
طلاق را,147,98,concept,طلاق (0.85),واژه‌ی جدید,concept
به ان,163,98,object,اعیان (0.60),واژه‌ی جدید,object
تقاضای رد,113,98,action,رد (0.74),واژه‌ی جدید,action
نحن فیه,112,98,action,طی تفاهم (0.59),واژه‌ی جدید,action
استنکاف,117,98,action,استیناف (0.83),واژه‌ی جدید,action
نظرخواهی,113,98,object,رای مشورتی (0.78),واژه‌ی جدید,object
غیر قابل,129,98,concept,غیرممکن (0.89),alias پیشنهادی برای «غیرممکن»,concept
پسندی,99,98,concept,تمایل (0.63),واژه‌ی جدید,concept
پایه,130,98,concept,پایه‌گذاری حق (0.62),واژه‌ی جدید,concept
صادره را,116,98,action,صادر کردن حکم (0.68),واژه‌ی جدید,action
از دادرسی,101,98,concept,دادرسی (0.84),واژه‌ی جدید,concept
به زندگی,146,98,concept,حق زندگی (0.65),واژه‌ی جدید,concept
متقاضی,132,98,object,طلب (0.74),واژه‌ی جدید,object
نامبرده به,105,98,role,محکوم‌علیه (0.72),واژه‌ی جدید,role
لذا ضمن,100,98,principle,طبق قانون (0.65),واژه‌ی جدید,REMOVE
عمدی,256,98,concept,خطای عمدی (0.85),واژه‌ی جدید,concept
شوند,126,98,action,حصول (0.62),واژه‌ی جدید,REMOVE
ششم,154,98,role,شخص ثالث (0.57),واژه‌ی جدید,REMOVE
تجدیدنظرخواندگان,174,98,concept,تجدیدنظر (0.79),واژه‌ی جدید,concept
اجتماعی,170,98,concept,وضعیت اجتماعی (0.73),واژه‌ی جدید,concept
شرط ضمن,192,98,concept,شرط (0.84),واژه‌ی جدید,concept
ارائه نداده,106,98,concept,نبود صلاحیت (0.70),واژه‌ی جدید,concept
مؤثر در,116,98,concept,مداخله (0.65),واژه‌ی جدید,concept
فقهی,130,98,principle,قضائی (0.68),واژه‌ی جدید,principle
لذا مستنداً,104,98,principle,طبق قانون (0.68),واژه‌ی جدید,principle
اساس محتویات,98,98,object,اساسنامه (0.64),واژه‌ی جدید,object
رأی بر,108,98,object,رأی (0.91),alias پیشنهادی برای «رأی»,object
نیاورده است,101,97,action,عدم حضور (0.69),واژه‌ی جدید,action
میلیارد,165,97,object,واحد پول (0.64),واژه‌ی جدید,object
حاصله از,108,97,action,مأخوذ (0.67),واژه‌ی جدید,action
مدتی,118,97,concept,بذل مدت (0.70),واژه‌ی جدید,concept
قانونی اصدار,98,97,principle,قانونی (0.71),واژه‌ی جدید,principle
مؤثری,105,97,concept,مداخله (0.65),واژه‌ی جدید,concept
به نحوی,108,97,principle,طبق قانون (0.69),واژه‌ی جدید,principle
مطرح شده,117,97,action,پیشنهاد (0.73),واژه‌ی جدید,action
شرح فوق,104,97,object,دلایل تکمیلی (0.66),واژه‌ی جدید,object
ارجاع به,135,97,action,ارجاع (0.90),alias پیشنهادی برای «ارجاع»,action
ساخت,171,97,action,تأسیس (0.69),واژه‌ی جدید,action
توافقی,138,97,concept,توافق (0.88),alias پیشنهادی برای «توافق»,concept
منقوض,107,97,concept,معوض (0.72),واژه‌ی جدید,concept
به همان,110,97,principle,طبق قانون (0.67),واژه‌ی جدید,principle
خواهان نیز,102,97,role,اصحاب دعوی (0.74),واژه‌ی جدید,role
البته,126,97,principle,طبق قانون (0.63),واژه‌ی جدید,principle
مطالعه,101,97,action,بررسی (0.74),واژه‌ی جدید,action
در نهایت,123,97,object,رای نهایی (0.66),واژه‌ی جدید,object
معترض دادنامه,97,97,action,اعتراض (0.78),واژه‌ی جدید,action
شدید,168,97,action,جدیت (0.67),واژه‌ی جدید,action
به انتقال,140,97,action,نقل (0.80),واژه‌ی جدید,action
صراحتاً,122,97,action,تأیید (0.65),واژه‌ی جدید,action
مدنی حکم,106,96,object,حکم (0.75),واژه‌ی جدید,object
پزشک,185,96,role,نویسنده (0.66),واژه‌ی جدید,role
هفته,123,96,object,هفتگی (0.84),واژه‌ی جدید,object
تجدیدنظرخواهان,182,96,concept,تجدیدنظر (0.82),واژه‌ی جدید,concept
که حاکی,103,96,concept,ادعا (0.62),واژه‌ی جدید,concept
ماه از,108,96,concept,خارج از موضوع (0.56),واژه‌ی جدید,concept
زوجیت دائم,104,96,concept,ازدواج (0.69),واژه‌ی جدید,concept
اثبات ادعای,102,96,object,دلایل اثبات دعوی (0.85),واژه‌ی جدید,object
آراء,121,96,object,رأی (0.78),واژه‌ی جدید,object
صورت نگرفته,113,96,concept,غیرمستند (0.69),واژه‌ی جدید,concept
متنازع,120,96,concept,غیرقابل اثبات (0.71),واژه‌ی جدید,concept
سال از,125,96,role,مضمون (0.62),واژه‌ی جدید,role
اینک,106,96,object,عین (0.58),واژه‌ی جدید,object
دادسرای عمومی,194,96,concept,دادرسی (0.71),واژه‌ی جدید,concept
نیاز به,112,96,concept,نیاز (0.83),واژه‌ی جدید,concept
هفتم,167,96,object,هفتگی (0.66),واژه‌ی جدید,object
ویژه,126,96,role,گروه خاص (0.78),واژه‌ی جدید,role
خواسته مشاوره,96,96,action,مشاوره (0.84),واژه‌ی جدید,action
مشاعی,236,96,object,مشاع (0.83),واژه‌ی جدید,object
احد از,136,96,concept,شخص (0.60),واژه‌ی جدید,concept
جمیع اوراق,103,96,object,اوراق قرضه (0.66),واژه‌ی جدید,object
نماید ابراز,96,96,action,تحریر اظهارات (0.66),واژه‌ی جدید,action
بشرح دادخواست,113,95,object,دادخواست (0.81),واژه‌ی جدید,object
استشهادیه,136,95,action,استشهاد (0.87),واژه‌ی جدید,action
در ما,109,95,principle,طبق قانون (0.57),واژه‌ی جدید,REMOVE
بدواً,111,95,concept,عده (0.61),واژه‌ی جدید,concept
مبتنی,115,95,role,وابسته (0.67),واژه‌ی جدید,role
تعرفه قانونی,104,95,object,هزینه‌های قانونی (0.83),واژه‌ی جدید,object
این مورد,112,95,concept,شخص (0.66),واژه‌ی جدید,REMOVE
اینکه وکیل,104,95,role,وکیل (0.80),واژه‌ی جدید,role
که توسط,107,95,principle,طبق قانون (0.64),واژه‌ی جدید,principle
تکالیف,143,95,concept,صلاحیت (0.67),واژه‌ی جدید,concept
سوابق,143,95,concept,سابقه حقوقی (0.66),واژه‌ی جدید,concept
اظهار نظر,124,95,role,صاحب‌نظر (0.77),واژه‌ی جدید,role
وکیل محترم,146,95,role,وکیل (0.80),واژه‌ی جدید,role
به ایشان,122,95,role,موصی له (0.70),واژه‌ی جدید,role
می رسد,105,95,object,رسید (0.80),واژه‌ی جدید,object
به تحمل,178,95,concept,تحمل مسئولیت (0.76),واژه‌ی جدید,concept
پرداختی,127,95,action,پرداخت (0.94),alias پیشنهادی برای «پرداخت»,action
قرار می,117,95,action,قرار (0.77),واژه‌ی جدید,action
موضوع پرونده,118,95,object,پرونده (0.84),واژه‌ی جدید,object
به تحویل,178,95,action,تحویل حکم (0.78),واژه‌ی جدید,action
بدهد,129,95,action,بذل (0.71),واژه‌ی جدید,action
واحد آپارتمان,170,95,role,واحد دادگستری (0.77),واژه‌ی جدید,role
معاشرت,173,95,concept,وضعیت اجتماعی (0.62),واژه‌ی جدید,concept
ندارد،,100,95,action,عدم حضور (0.65),واژه‌ی جدید,action
در مرجع,108,95,action,ارجاع (0.67),واژه‌ی جدید,action
فسخ نکاح,561,95,action,فسخ (0.83),واژه‌ی جدید,action
تجدیدنظرخواه دلیل,95,95,concept,تجدیدنظر (0.78),واژه‌ی جدید,concept
رأی حضوری,96,95,object,رأی (0.76),واژه‌ی جدید,object
نیافته,105,94,concept,غیرمستقل (0.61),واژه‌ی جدید,concept
افزایش,181,94,concept,پیشرفت (0.67),واژه‌ی جدید,concept
مشهود,125,94,object,مشاع (0.67),واژه‌ی جدید,object
موکل را,125,94,role,موصی له (0.63),واژه‌ی جدید,role
ادعای خود,98,94,concept,ادعا (0.84),واژه‌ی جدید,concept
جهت اثبات,105,94,concept,ثبوت (0.80),واژه‌ی جدید,concept
در حکم,108,94,object,حکم (0.81),واژه‌ی جدید,object
مثبت,114,94,action,ایجاب (0.75),واژه‌ی جدید,action
موعد,136,94,action,تقویم (0.70),واژه‌ی جدید,action
شروط ضمن,183,94,concept,شرط (0.76),واژه‌ی جدید,concept
ابطال سند,212,94,action,فسخ (0.74),واژه‌ی جدید,action
نقض می,98,94,action,نقض (0.85),واژه‌ی جدید,action
بوده اند,109,94,concept,عده (0.66),واژه‌ی جدید,REMOVE
مهریه را,135,94,object,ارثیه (0.65),واژه‌ی جدید,object
دادگاه نظر,99,94,concept,نظر دادگاه (0.87),واژه‌ی جدید,concept
حسب محتویات,100,94,principle,طبق قانون (0.75),واژه‌ی جدید,principle
ممکن است,112,94,concept,مظنه (0.67),واژه‌ی جدید,concept
اطلاع از,130,94,action,استعلام (0.79),واژه‌ی جدید,action
به اخذ,119,94,action,گرفتن (0.83),واژه‌ی جدید,action
احمد,112,94,object,وام (0.57),واژه‌ی جدید,object
پرداخت خسارات,114,94,action,جبران خسارت (0.85),واژه‌ی جدید,action
حقیقت,116,94,concept,حق (0.75),واژه‌ی جدید,concept
ماده واحده,139,94,role,واحد حقوقی (0.74),واژه‌ی جدید,role
گسیختن,94,94,concept,لغزش (0.63),واژه‌ی جدید,concept
ابلاغ رأی,124,94,object,رأی (0.75),واژه‌ی جدید,object
آپارتمان به,148,94,object,شماره املاک (0.63),واژه‌ی جدید,object
آن صحیح,94,94,role,صاحب‌حق (0.68),واژه‌ی جدید,role
عملیات,162,93,action,تصرف (0.67),واژه‌ی جدید,action
دادرسی با,102,93,concept,دادرسی (0.84),واژه‌ی جدید,concept
قانونی بوده,106,93,concept,قانونی بودن (0.89),alias پیشنهادی برای «قانونی بودن»,concept
فرجامخواسته,173,93,action,فرجام (0.72),واژه‌ی جدید,action
خدشه ای,102,93,concept,ضایعه (0.74),واژه‌ی جدید,concept
تحت عنوان,106,93,principle,طبق قانون (0.70),واژه‌ی جدید,principle
است فلذا,102,93,principle,طبق قانون (0.58),واژه‌ی جدید,principle
وکیل طبق,105,93,principle,طبق قانون (0.77),واژه‌ی جدید,principle
در مورخ,176,93,principle,طبق قانون (0.64),واژه‌ی جدید,principle
ودر,116,93,principle,طبق قانون (0.54),واژه‌ی جدید,REMOVE
وکیل در,104,93,role,وکیل (0.87),واژه‌ی جدید,role
یا خیر,141,93,concept,صالح بودن (0.55),واژه‌ی جدید,concept
خواهان می,103,93,object,طلب (0.76),واژه‌ی جدید,object
صادره غیابی,96,93,concept,غیابی (0.76),واژه‌ی جدید,concept
حدی,110,93,concept,حد (0.90),alias پیشنهادی برای «حد»,REMOVE
رابعاً,104,93,concept,ادله اربعه (0.61),واژه‌ی جدید,concept
به تجویز,98,93,action,پیشنهاد (0.79),واژه‌ی جدید,action
مجتمع,117,93,principle,محیط (0.69),واژه‌ی جدید,principle
مذکور از,101,93,principle,لحاظ (0.66),واژه‌ی جدید,principle
رسمی به,105,93,concept,رسمیت (0.71),واژه‌ی جدید,concept
عرفی,134,93,concept,عرف (0.83),واژه‌ی جدید,concept
سیصد,145,93,role,قاصد (0.59),واژه‌ی جدید,role
چهل,137,92,concept,خمس (0.60),واژه‌ی جدید,REMOVE
سه ماه,113,92,concept,ثلث (0.62),واژه‌ی جدید,concept
ایام زندگی,179,92,concept,احوال (0.58),واژه‌ی جدید,concept
اعتراض موجه,92,92,action,اعتراض (0.83),واژه‌ی جدید,action
بلحاظ عدم,110,92,action,عدم حضور (0.68),واژه‌ی جدید,action
دهم,157,92,role,شخص ثالث (0.58),واژه‌ی جدید,REMOVE
وانقلاب,105,92,action,تغییر (0.63),واژه‌ی جدید,action
عمومی وانقلاب,105,92,object,حق‌التحریر (0.65),واژه‌ی جدید,object
اقامت,210,92,object,عقد اجاره (0.60),واژه‌ی جدید,object
بررسی اوراق,102,92,action,بررسی (0.77),واژه‌ی جدید,action
خواهان دعوی,163,92,role,اصحاب دعوی (0.87),واژه‌ی جدید,role
بنا بر,110,92,principle,طبق قانون (0.76),واژه‌ی جدید,principle
قطع نظر,97,92,action,تجدید نظر (0.68),واژه‌ی جدید,action
قرار گیرد,105,92,action,وضع (0.73),واژه‌ی جدید,action
طلاق از,122,92,concept,طلاق (0.88),alias پیشنهادی برای «طلاق»,concept
زوجه نیز,113,92,action,مرافقه (0.63),واژه‌ی جدید,action
ها به,124,92,concept,هبه (0.70),واژه‌ی جدید,concept
باقیمانده,131,92,concept,مؤجل (0.66),واژه‌ی جدید,concept
باعث,114,92,concept,سبب (0.86),واژه‌ی جدید,concept
از سال,146,92,role,مضمون (0.60),واژه‌ی جدید,role
درباره,146,92,concept,خارج از موضوع (0.73),واژه‌ی جدید,concept
پسر,120,92,role,کودک (0.75),واژه‌ی جدید,REMOVE
مسلم است,97,92,concept,شخص (0.62),واژه‌ی جدید,concept
کمتر,113,92,concept,کاهش (0.79),واژه‌ی جدید,concept
در انجام,133,92,action,طی آگهی (0.73),واژه‌ی جدید,action
نفقه از,129,92,concept,نفقه (0.81),واژه‌ی جدید,concept
آید,104,92,object,رسید (0.67),واژه‌ی جدید,REMOVE
بودند,145,92,concept,عده (0.66),واژه‌ی جدید,concept
می‌دهد,144,92,role,وام‌دهنده (0.69),واژه‌ی جدید,role
معترض‌عنه,115,92,action,اعتراض (0.82),واژه‌ی جدید,action
مستندات آن,92,92,object,مستندات (0.84),واژه‌ی جدید,object
از ازدواج,141,92,concept,ازدواج (0.84),واژه‌ی جدید,concept
بر همین,99,91,principle,طبق قانون (0.63),واژه‌ی جدید,principle
جامع اوراق,100,91,object,اوراق قرضه (0.69),واژه‌ی جدید,object
امده,164,91,object,رسید (0.78),واژه‌ی جدید,object
بخواسته صدور,102,91,action,صادر کردن حکم (0.75),واژه‌ی جدید,action
یک سال,130,91,object,واحد پول (0.64),واژه‌ی جدید,object
طلاق با,120,91,concept,طلاق (0.87),واژه‌ی جدید,concept
درحالی,114,91,action,طی روند دادرسی (0.67),واژه‌ی جدید,action
اخطاریه,121,91,action,اخطار (0.89),alias پیشنهادی برای «اخطار»,action
موکلین,243,91,action,توکیل (0.55),واژه‌ی جدید,action
به پرونده,106,91,object,پرونده (0.82),واژه‌ی جدید,object
دادگستری شهرستان,105,91,role,واحد دادگستری (0.75),واژه‌ی جدید,role
بین زوجین,113,91,concept,ازدواج (0.67),واژه‌ی جدید,concept
با هیچیک,91,91,concept,بی‌دلیل (0.64),واژه‌ی جدید,concept
ای از,107,91,concept,خارج از موضوع (0.62),واژه‌ی جدید,concept
امضای,123,91,action,امضاء (0.98),alias پیشنهادی برای «امضاء»,action
شش ماه,120,91,concept,دوره محکومیت (0.55),واژه‌ی جدید,concept
زیرا اولاً,96,91,concept,علت (0.63),واژه‌ی جدید,concept
محکومیت زوج,121,91,concept,محکومیت (0.79),واژه‌ی جدید,concept
قانون اصلاح,126,91,action,اصلاح ذات‌البین (0.69),واژه‌ی جدید,action
بر رد,102,91,action,رد (0.80),واژه‌ی جدید,action
ملک را,132,91,action,ورود به ملک (0.66),واژه‌ی جدید,action
علت عدم,105,91,concept,علت (0.76),واژه‌ی جدید,concept
حیدری,122,91,action,عید (0.53),واژه‌ی جدید,action
کارهای,211,90,object,شغل (0.74),واژه‌ی جدید,object
پرداخت نموده,114,90,action,پرداخت (0.84),واژه‌ی جدید,action
مشعر,129,90,role,محيل (0.59),واژه‌ی جدید,role
مجموع اوراق,91,90,object,اوراق بهادار (0.64),واژه‌ی جدید,object
مغایر با,101,90,concept,مغایرت (0.83),واژه‌ی جدید,concept
بطلان دعوای,103,90,concept,بطلان (0.76),واژه‌ی جدید,concept
رأی در,101,90,object,رأی (0.89),alias پیشنهادی برای «رأی»,object
تقدیم دادگاه,111,90,action,ورود به دادگاه (0.79),واژه‌ی جدید,action
در شرح,96,90,action,طی آگهی (0.66),واژه‌ی جدید,action
استناد قسمت,92,90,action,ارجاع (0.71),واژه‌ی جدید,action
تقابل,385,90,concept,تراضی (0.68),واژه‌ی جدید,concept
جریان پرونده,94,90,action,طی روند دادرسی (0.83),واژه‌ی جدید,action
چک به,157,90,object,چک (0.85),واژه‌ی جدید,object
به مرجع,108,90,action,ارجاع (0.72),واژه‌ی جدید,action
درصد,212,90,concept,نسبت (0.67),واژه‌ی جدید,concept
کارشناس رسمی,112,90,concept,شخص حقیقی (0.68),واژه‌ی جدید,concept
جز,100,90,concept,جزيه (0.87),واژه‌ی جدید,REMOVE
اعتراض موجهی,91,90,action,اعتراض (0.82),واژه‌ی جدید,action
به اجرای,110,90,concept,زمان اجرا (0.72),واژه‌ی جدید,concept
نمی توان,105,90,concept,غیرممکن (0.82),واژه‌ی جدید,concept
پدرش,140,90,role,والدین (0.69),واژه‌ی جدید,role
دلایلی که,91,90,concept,علت (0.78),واژه‌ی جدید,concept
نظریه پزشکی,154,90,concept,نظریه مشورتی (0.69),واژه‌ی جدید,concept
می‌کند,175,90,concept,شخص (0.67),واژه‌ی جدید,REMOVE
حاضر نشده,92,89,action,عدم حضور (0.84),واژه‌ی جدید,action
تشکیل گردیده,102,89,action,تأسیس (0.70),واژه‌ی جدید,action
خواسته در,105,89,object,طلب (0.76),واژه‌ی جدید,object
بعلاوه,107,89,object,تبصره (0.64),واژه‌ی جدید,object
معرفی نموده,104,89,action,پیشنهاد (0.69),واژه‌ی جدید,action
بنابر,112,89,role,نایب (0.51),واژه‌ی جدید,role
صادرواعلام,102,89,action,استعلام (0.70),واژه‌ی جدید,action
خواهانها,269,89,object,طلب (0.71),واژه‌ی جدید,object
مدنی،,126,89,principle,حقوق مدنی (0.72),واژه‌ی جدید,principle
به جمیع,92,89,concept,عده (0.64),واژه‌ی جدید,concept
نگردید,106,89,concept,غیرمستند (0.57),واژه‌ی جدید,concept
اذعان,101,89,concept,اذن (0.75),واژه‌ی جدید,concept
را نسبت,102,89,concept,نسبت (0.81),واژه‌ی جدید,REMOVE
موجبی برای,92,89,concept,سبب (0.75),واژه‌ی جدید,concept
دعوی مطالبه,109,89,concept,دعوی (0.86),واژه‌ی جدید,concept
مهر,179,89,object,مهر دفترخانه (0.70),واژه‌ی جدید,REMOVE
می کنند,111,89,action,زیر سوال بردن (0.64),واژه‌ی جدید,REMOVE
ارژنگی,94,89,action,واجگاری (0.55),واژه‌ی جدید,action
وبا,106,89,concept,صحت (0.58),واژه‌ی جدید,REMOVE
وکلای خواهان,144,89,role,اصحاب دعوی (0.78),واژه‌ی جدید,role
ننموده لذا,89,89,action,انکار (0.58),واژه‌ی جدید,action
حضوری محسوب,92,89,action,عدم حضور (0.69),واژه‌ی جدید,action
نموده‌اند,163,89,action,تصرف (0.63),واژه‌ی جدید,REMOVE
درآمده,113,89,concept,مداخله (0.65),واژه‌ی جدید,concept
وی صادر,98,88,role,صادرکننده (0.63),واژه‌ی جدید,role
مدلل,94,88,object,ادله (0.68),واژه‌ی جدید,object
حضانت فرزند,197,88,concept,حضانت (0.86),واژه‌ی جدید,concept
خواه در,113,88,object,طلب (0.60),واژه‌ی جدید,object
داخل,229,88,concept,مداخله (0.68),واژه‌ی جدید,concept
تکلیفی,96,88,concept,تکلیف (0.88),alias پیشنهادی برای «تکلیف»,concept
تجدیدنظرخواسته به,89,88,concept,تجدیدنظر (0.84),واژه‌ی جدید,concept
ازتاریخ,120,88,role,مضمون (0.63),واژه‌ی جدید,role
متداعیین,112,88,role,متبایع (0.67),واژه‌ی جدید,role
خلاصه جریان,92,88,action,جمع‌بندی (0.63),واژه‌ی جدید,action
نشد,118,88,concept,نبود صلاحیت (0.71),واژه‌ی جدید,REMOVE
در همان,110,88,principle,طبق قانون (0.64),واژه‌ی جدید,REMOVE
از منزل,118,88,concept,شخص (0.65),واژه‌ی جدید,concept
بهای,177,88,concept,بهای رسمی (0.72),واژه‌ی جدید,concept
وارده به,126,88,concept,مداخله (0.74),واژه‌ی جدید,concept
کرمی,97,88,concept,قهری (0.56),واژه‌ی جدید,concept
هشت,130,88,concept,عده (0.57),واژه‌ی جدید,REMOVE
نظر خواسته,115,88,object,طلب (0.73),واژه‌ی جدید,object
ورثه,228,88,object,ارثیه (0.79),واژه‌ی جدید,object
ایشان به,98,88,role,موصی له (0.64),واژه‌ی جدید,role
یا بی,88,88,role,ولی (0.57),واژه‌ی جدید,role
موصوف به,91,88,role,موصی له (0.73),واژه‌ی جدید,role
قانونی ندارد,100,88,concept,غیرقانونی (0.78),واژه‌ی جدید,concept
دفتر رسمی,99,88,object,دفتر اسناد رسمی (0.83),واژه‌ی جدید,object
خواهان خانم,97,88,object,طلب (0.75),واژه‌ی جدید,object
به قصد,137,88,concept,قصد (0.82),واژه‌ی جدید,concept
محاکم عمومی,124,88,principle,حقوق عمومی (0.74),واژه‌ی جدید,principle
ظهر,202,88,role,ظهرنویس (0.74),واژه‌ی جدید,REMOVE
می‌تواند,113,88,concept,مظنه (0.65),واژه‌ی جدید,concept
به سبب,126,87,concept,سبب (0.85),واژه‌ی جدید,concept
خودرو,318,87,object,وسائل نقلیه (0.76),واژه‌ی جدید,object
تمام بهار,165,87,concept,کامل (0.63),واژه‌ی جدید,concept
استماع شهادت,127,87,object,شهادت کتبی (0.77),واژه‌ی جدید,object
به رای,140,87,object,رأی (0.81),واژه‌ی جدید,object
تعرفه شده,116,87,object,تعرفه (0.82),واژه‌ی جدید,object
باعنایت,97,87,action,جدیت (0.67),واژه‌ی جدید,action
به شرط,129,87,concept,شرط (0.86),واژه‌ی جدید,concept
برای رسیدگی,128,87,action,رسیدگی (0.87),واژه‌ی جدید,action
مدیر,182,87,role,مدیر حقوقی (0.80),واژه‌ی جدید,role
بوده،,105,87,concept,ملزم بودن (0.59),واژه‌ی جدید,concept
بر فسخ,129,87,action,فسخ (0.87),واژه‌ی جدید,action
زاده,92,87,concept,زکات (0.59),واژه‌ی جدید,concept
به کارشناسی,115,87,concept,نظریه کارشناسی (0.73),واژه‌ی جدید,concept
مبلغ یک,125,87,object,واحد پول (0.76),واژه‌ی جدید,object
رسیدگی دلیل,87,87,action,رسیدگی (0.85),واژه‌ی جدید,action
ضمن اینکه,102,87,principle,طبق قانون (0.64),واژه‌ی جدید,REMOVE
تبصره ذیل,102,87,object,تبصره (0.81),واژه‌ی جدید,object
به کلاسه,126,87,concept,کلاس (0.75),واژه‌ی جدید,concept
قبیل,95,87,action,قسم (0.59),واژه‌ی جدید,action
نیم,134,87,concept,شبه عقد (0.69),واژه‌ی جدید,REMOVE
اعتراضیه متضمن,87,87,action,اعتراض (0.80),واژه‌ی جدید,action
قابل استماع,106,87,action,گوش به زنگ بودن (0.72),واژه‌ی جدید,action
اصلی بخش,152,87,object,بخش‌نامه (0.66),واژه‌ی جدید,object
آخر,112,87,object,رای نهایی (0.63),واژه‌ی جدید,REMOVE
که طبق,103,87,principle,طبق قانون (0.81),واژه‌ی جدید,principle
الزام خواندگان,119,87,role,اصحاب دعوی (0.68),واژه‌ی جدید,role
است نه,96,87,action,نفی (0.60),واژه‌ی جدید,action
نماید به,90,87,object,موصى به (0.68),واژه‌ی جدید,object
اگرچه,99,87,principle,فقط در صورتی که (0.58),واژه‌ی جدید,principle
پرداخت آن,103,87,action,پرداخت (0.87),alias پیشنهادی برای «پرداخت»,action
کشور اجمالاً,87,87,concept,وضعیت اقتصادی (0.62),واژه‌ی جدید,concept
روحانی,93,87,role,رئیس قوه قضائیه (0.58),واژه‌ی جدید,role
از دفاتر,100,86,object,دفترخانه (0.72),واژه‌ی جدید,object
پرونده با,91,86,object,پرونده (0.87),واژه‌ی جدید,object
دادگاه مستندا,91,86,object,مستندات (0.66),واژه‌ی جدید,object
باعنایت به,96,86,principle,احتیاط (0.69),واژه‌ی جدید,principle
مبتنی بر,104,86,principle,طبق قانون (0.66),واژه‌ی جدید,principle
فلذا دادگاه,92,86,concept,نظر دادگاه (0.69),واژه‌ی جدید,concept
محکمه پسندی,87,86,object,محکمه (0.76),واژه‌ی جدید,object
است وکیل,116,86,role,وکیل (0.79),واژه‌ی جدید,role
لازم به,105,86,concept,لازمه (0.82),واژه‌ی جدید,concept
بدوی به,104,86,concept,بهای رسمی (0.55),واژه‌ی جدید,concept
مطرح نموده,94,86,action,پیشنهاد (0.70),واژه‌ی جدید,action
نوشته,138,86,role,نویسنده (0.79),واژه‌ی جدید,role
میان,122,86,action,طی تفاهم (0.59),واژه‌ی جدید,action
جزای,178,86,concept,جزا (0.92),alias پیشنهادی برای «جزا»,concept
دائر بر,116,86,object,برات (0.56),واژه‌ی جدید,object
اظهار نموده,124,86,object,اظهارنامه (0.72),واژه‌ی جدید,object
خسارات قانونی,104,86,object,هزینه‌های قانونی (0.80),واژه‌ی جدید,object
از اجرای,99,86,concept,زمان اجرا (0.74),واژه‌ی جدید,concept
وراث,182,86,concept,وراثت (0.92),alias پیشنهادی برای «وراثت»,concept
تصدیر,92,86,concept,تعزیر (0.68),واژه‌ی جدید,concept
این صورت,96,86,principle,فقط در صورت (0.68),واژه‌ی جدید,REMOVE
عقد دائم,124,86,concept,عقد (0.75),واژه‌ی جدید,concept
مشکل,136,86,concept,علت (0.73),واژه‌ی جدید,concept
مرجع محترم,103,86,role,صاحب‌حق (0.69),واژه‌ی جدید,role
دانگ یک,116,86,object,واحد پول (0.56),واژه‌ی جدید,object
به فسخ,131,86,action,فسخ (0.89),alias پیشنهادی برای «فسخ»,action
دلایل موجود,87,86,object,دلایل توجیهی (0.86),واژه‌ی جدید,object
دادیار دیوان,86,86,role,رئیس دادگاه (0.71),واژه‌ی جدید,role
رسمی ثبت,109,86,action,ثبت (0.81),واژه‌ی جدید,action
عدم انجام,122,85,action,عدم حضور (0.80),واژه‌ی جدید,action
محاکم تجدید,95,85,action,تجدید دادرسی (0.83),واژه‌ی جدید,action
دارایی,236,85,concept,مالکیت (0.74),واژه‌ی جدید,concept
ذی,103,85,role,ذی‌نفع (0.72),واژه‌ی جدید,REMOVE
زمانی که,110,85,principle,فقط در صورتی که (0.71),واژه‌ی جدید,principle
سکه بهار,156,85,object,واحد پول (0.51),واژه‌ی جدید,object
بدوی در,93,85,role,اهل (0.54),واژه‌ی جدید,role
برده,109,85,role,زیان‌برده (0.72),واژه‌ی جدید,role
مآلاً,89,85,concept,مظنه (0.65),واژه‌ی جدید,concept
محکومیت خواندگان,114,85,concept,محکومیت (0.73),واژه‌ی جدید,concept
وقت فوق,110,85,concept,ضیق وقت (0.64),واژه‌ی جدید,concept
در دفاع,88,85,action,دفاع (0.87),alias پیشنهادی برای «دفاع»,action
داوری صادر,88,85,action,داوری (0.78),واژه‌ی جدید,action
به یکی,92,85,object,موصى به (0.72),واژه‌ی جدید,object
شهرت,101,85,object,نام (0.58),واژه‌ی جدید,object
تأیید نموده,97,85,action,تأیید (0.89),alias پیشنهادی برای «تأیید»,action
متضمن صدور,94,85,action,صادر کردن گواهی (0.71),واژه‌ی جدید,action
بدلیل,118,85,action,جایگزینی (0.68),واژه‌ی جدید,action
مهم,101,85,concept,لازمه (0.64),واژه‌ی جدید,REMOVE
مشترک با,98,85,role,شریک (0.74),واژه‌ی جدید,role
اینکه با,87,85,principle,طبق قانون (0.69),واژه‌ی جدید,principle
نظر خواه,137,85,role,صاحب‌نظر (0.68),واژه‌ی جدید,role
گردیده،,94,85,action,تصرف (0.64),واژه‌ی جدید,action
دادرسی مورخ,104,85,concept,دادرسی (0.73),واژه‌ی جدید,concept
فرجام‌خواهی,158,85,action,فرجام (0.73),واژه‌ی جدید,action
با اوضاع,88,84,concept,طی شرایط خاص (0.73),واژه‌ی جدید,concept
خواهان،,87,84,role,اصحاب دعوی (0.73),واژه‌ی جدید,role
مزبور را,90,84,object,موصى به (0.67),واژه‌ی جدید,object
مجموع محتویات,89,84,action,جمع‌بندی (0.64),واژه‌ی جدید,action
متنازع فیه,108,84,role,محال عليه (0.71),واژه‌ی جدید,role
موجب نقض,85,84,action,نقض (0.86),واژه‌ی جدید,action
مادتین,94,84,role,مدیون (0.59),واژه‌ی جدید,role
طی آن,113,84,action,طی نامه (0.76),واژه‌ی جدید,action
خصوصی,114,84,principle,حقوق خصوصی (0.81),واژه‌ی جدید,principle
به حضور,120,84,action,عدم حضور (0.72),واژه‌ی جدید,action
بشماره,108,84,object,سریال شماره (0.68),واژه‌ی جدید,object
سپس ظرف,86,84,action,طی آگهی (0.54),واژه‌ی جدید,action
اشکالی,84,84,concept,نقص (0.64),واژه‌ی جدید,concept
ارتباطی,101,84,object,وسایل ارتباطی (0.69),واژه‌ی جدید,object
نرسیده,93,84,object,رسید (0.70),واژه‌ی جدید,object
جای,109,84,object,محل (0.75),واژه‌ی جدید,REMOVE
رد آن,89,84,action,رد (0.83),واژه‌ی جدید,action
اصالت,118,84,concept,اصیل (0.78),واژه‌ی جدید,concept
در مورخه,149,84,principle,طبق قانون (0.66),واژه‌ی جدید,principle
قوه,143,84,concept,اراده (0.64),واژه‌ی جدید,REMOVE
رضا,104,84,role,رشید (0.60),واژه‌ی جدید,REMOVE
مناسب,110,84,action,تأیید (0.68),واژه‌ی جدید,action
نوع طلاق,100,83,concept,طلاق (0.80),واژه‌ی جدید,concept
دکتر,183,83,role,نویسنده (0.65),واژه‌ی جدید,role
شصت,117,83,role,موصی (0.57),واژه‌ی جدید,REMOVE
بخش از,124,83,object,بخش‌نامه (0.69),واژه‌ی جدید,object
قرائت خواهد,83,83,action,پیش‌گویی (0.63),واژه‌ی جدید,action
قسمت اول,87,83,object,سریال شماره (0.59),واژه‌ی جدید,object
مدیریت,131,83,concept,مدیریت حقوقی (0.75),واژه‌ی جدید,concept
آخرین,114,83,object,رکورد (0.63),واژه‌ی جدید,object
خاصی,108,83,role,گروه خاص (0.73),واژه‌ی جدید,role
خواهی خانم,85,83,object,طلب (0.65),واژه‌ی جدید,object
با خواسته,95,83,object,طلب (0.75),واژه‌ی جدید,object
سه سال,111,83,concept,ثلث (0.59),واژه‌ی جدید,concept
تعزیری,182,83,concept,تعزیر (0.92),alias پیشنهادی برای «تعزیر»,concept
است لیکن,88,83,role,ولی (0.63),واژه‌ی جدید,role
اخلاقی,115,83,concept,وجدان حقوقی (0.71),واژه‌ی جدید,concept
خواست,95,83,object,طلب (0.73),واژه‌ی جدید,object
سه دانگ,252,83,concept,ثلث (0.67),واژه‌ی جدید,concept
قانوناً,100,83,principle,طبق قانون (0.85),واژه‌ی جدید,principle
لایحه تجدیدنظرخواهی,87,83,concept,تجدیدنظر (0.79),واژه‌ی جدید,concept
حیث ماهوی,83,83,concept,ماهیت (0.61),واژه‌ی جدید,concept
تهران با,91,83,concept,خارج از موضوع (0.57),واژه‌ی جدید,concept
طبقه,200,83,concept,کلاس (0.70),واژه‌ی جدید,concept
دائمی,122,83,concept,غیرقابل تغییر (0.65),واژه‌ی جدید,concept
نکاح به,121,83,concept,نکاح (0.87),alias پیشنهادی برای «نکاح»,concept
جهت اجرای,158,82,concept,قابل اجرا بودن (0.73),واژه‌ی جدید,concept
مواجه با,92,82,role,مخاطب (0.66),واژه‌ی جدید,role
انقضای,102,82,role,مبطل (0.66),واژه‌ی جدید,role
درحالی که,100,82,principle,فقط در صورتی که (0.68),واژه‌ی جدید,principle
عدم احراز,95,82,concept,عدم صلاحیت (0.78),واژه‌ی جدید,concept
نوعی,94,82,concept,نوع جرم (0.71),واژه‌ی جدید,concept
ختم دادرسی,98,82,concept,دادرسی (0.75),واژه‌ی جدید,concept
شعبه پنجم,145,82,object,شعبه دادگاه (0.70),واژه‌ی جدید,object
از حقوق,109,82,concept,حقوق (0.83),واژه‌ی جدید,concept
نشانی,290,82,object,محل (0.65),واژه‌ی جدید,object
جمهوری,118,82,role,دولت (0.59),واژه‌ی جدید,role
موقع,105,82,object,محل (0.73),واژه‌ی جدید,object
ماده مذکور,90,82,action,طی ماده قانونی (0.65),واژه‌ی جدید,action
توافق طرفین,94,82,concept,توافق (0.83),واژه‌ی جدید,concept
مورد پذیرش,87,82,action,پذیرش (0.87),واژه‌ی جدید,action
دو فقره,148,82,object,تبصره (0.62),واژه‌ی جدید,object
ثبتی شماره,169,82,action,ثبت (0.82),واژه‌ی جدید,action
در موضوع,101,82,concept,خارج از موضوع (0.78),واژه‌ی جدید,concept
در رسیدگی,98,82,action,رسیدگی (0.88),alias پیشنهادی برای «رسیدگی»,action
حبیب,84,82,concept,عقد (0.57),واژه‌ی جدید,concept
گسیختن دادنامه,82,82,concept,ضایع شدن حق (0.65),واژه‌ی جدید,concept
تخلف از,136,82,concept,تخلف (0.94),alias پیشنهادی برای «تخلف»,concept
تصریح شده,102,82,concept,صراحت (0.70),واژه‌ی جدید,concept
ولیکن,96,82,role,ولی (0.70),واژه‌ی جدید,role
بودم,154,82,concept,شخص (0.62),واژه‌ی جدید,concept
مستندات موجود,84,82,object,مستندات (0.88),alias پیشنهادی برای «مستندات»,object
برقرار,86,82,action,حفظ (0.69),واژه‌ی جدید,action
تجدیدنظرخواهی،,83,82,concept,تجدیدنظر (0.83),واژه‌ی جدید,concept
وارد دانستن,85,81,action,ورود اطلاعات (0.66),واژه‌ی جدید,action
وی با,85,81,role,موصی له (0.61),واژه‌ی جدید,role
دادرسی کیفری,164,81,concept,قانون کیفری (0.83),واژه‌ی جدید,concept
موثر در,101,81,concept,قابل اجرا بودن (0.62),واژه‌ی جدید,concept
قالب,97,81,object,نمونه (0.61),واژه‌ی جدید,object
فوق به,88,81,concept,تجاوز (0.63),واژه‌ی جدید,concept
موید,94,81,role,مودع (0.63),واژه‌ی جدید,role
یا مدرک,81,81,object,مدرک (0.79),واژه‌ی جدید,object
تکمیل,116,81,concept,کامل (0.81),واژه‌ی جدید,concept
طرفین دعوی,92,81,role,اصحاب دعوی (0.84),واژه‌ی جدید,role
هریک,105,81,concept,هرم قضائی (0.54),واژه‌ی جدید,concept
امور مدنی،,116,81,principle,حقوق مدنی (0.77),واژه‌ی جدید,principle
نصف,200,81,concept,شبه عقد (0.81),واژه‌ی جدید,REMOVE
سکه تمام,150,81,concept,کامل (0.67),واژه‌ی جدید,concept
بدوی صادر,84,81,role,صادرکننده (0.62),واژه‌ی جدید,role
اجرائیه,165,81,object,هزینه‌های اجرائیات (0.74),واژه‌ی جدید,object
تمبر,99,81,concept,تملیک (0.67),واژه‌ی جدید,concept
عدم توجه,101,81,concept,غفلت (0.78),واژه‌ی جدید,concept
ماهوی به,90,81,role,موصی له (0.56),واژه‌ی جدید,role
که آقای,99,81,role,موصی له (0.68),واژه‌ی جدید,role
طلاق زوجه,99,81,concept,طلاق (0.85),واژه‌ی جدید,concept
صدورحکم,104,81,action,صادر کردن حکم (0.80),واژه‌ی جدید,action
ملکی,107,81,concept,ملکیت (0.77),واژه‌ی جدید,concept
تورم,96,81,concept,وضعیت اقتصادی (0.64),واژه‌ی جدید,concept
توسط خوانده,98,81,action,طی آگهی (0.70),واژه‌ی جدید,action
تجدیدنظرخواه ایراد,81,81,concept,تجدیدنظر (0.76),واژه‌ی جدید,concept
با فرض,89,81,concept,فرض (0.86),واژه‌ی جدید,concept
احداث,206,81,action,تأسیس (0.73),واژه‌ی جدید,action
سوی خوانده,91,81,role,محکوم‌علیه (0.58),واژه‌ی جدید,role
است خوانده,83,81,concept,استقراء (0.66),واژه‌ی جدید,concept
اثباتی,89,81,concept,ثبوت (0.81),واژه‌ی جدید,concept
اتفاق,91,81,object,قضیه (0.70),واژه‌ی جدید,object
جهات مندرج,82,81,object,منقول (0.63),واژه‌ی جدید,object
توسط زوج,101,81,concept,ازدواج (0.65),واژه‌ی جدید,concept
همچنان,87,81,action,حفظ (0.61),واژه‌ی جدید,action
مقدم,106,81,object,یادداشت (0.70),واژه‌ی جدید,object
بی‌اعتباری,86,81,concept,بی‌کفایتی (0.79),واژه‌ی جدید,concept
عقیده,99,80,role,صاحب‌نظر (0.71),واژه‌ی جدید,role
دادگاه حاضر,88,80,action,ورود به دادگاه (0.76),واژه‌ی جدید,action
با اصلاح,106,80,action,اصلاح ذات‌البین (0.71),واژه‌ی جدید,action
انعقاد عقد,100,80,concept,عقد (0.86),واژه‌ی جدید,concept
گرچه,89,80,role,ولی (0.59),واژه‌ی جدید,role
ولو,95,80,role,ولی (0.65),واژه‌ی جدید,REMOVE
مهلت قانونی,104,80,concept,وضعیت قانونی (0.77),واژه‌ی جدید,concept
در قالب,95,80,principle,طبق قانون (0.72),واژه‌ی جدید,principle
مورد مطالبه,91,80,object,طلب (0.77),واژه‌ی جدید,object
به خواندگان,120,80,object,موصى به (0.67),واژه‌ی جدید,object
می نمایند,104,80,object,موصى به (0.64),واژه‌ی جدید,object
مورد استناد,96,80,principle,لحاظ (0.72),واژه‌ی جدید,principle
روانی,175,80,concept,نفس (0.63),واژه‌ی جدید,concept
جمهوری اسلامی,115,80,role,مجلس شورای اسلامی (0.71),واژه‌ی جدید,role
قرار دارد,97,80,action,وضع (0.70),واژه‌ی جدید,action
وارد نبوده,84,80,action,عدم حضور (0.68),واژه‌ی جدید,action
باز,102,80,action,گشایش حساب (0.64),واژه‌ی جدید,REMOVE
گردد این,82,80,action,رجوع (0.60),واژه‌ی جدید,REMOVE
را خواستار,98,80,object,طلب (0.70),واژه‌ی جدید,object
صادرگردیده,84,80,role,صادرکننده (0.74),واژه‌ی جدید,role
طرفین،,87,80,principle,بی‌طرفی (0.67),واژه‌ی جدید,principle
دادنامه تجدید,88,80,action,تجدید دادرسی (0.85),واژه‌ی جدید,action
مالکین,182,80,role,مالک (0.82),واژه‌ی جدید,role
جامعه,107,80,principle,محیط (0.69),واژه‌ی جدید,principle
خواهان اعلام,86,80,object,طلب (0.74),واژه‌ی جدید,object
این مدت,105,80,concept,بذل مدت (0.62),واژه‌ی جدید,concept
استناد نموده,93,80,action,ارجاع (0.71),واژه‌ی جدید,action
دوران,121,80,concept,دوران محکومیت (0.62),واژه‌ی جدید,concept
مفهوم مخالف,88,80,concept,مخالف (0.85),واژه‌ی جدید,concept
باشد ارائه,84,80,action,پیشنهاد (0.71),واژه‌ی جدید,action
کسب,141,80,action,کسب حقوق (0.80),واژه‌ی جدید,REMOVE
خواسته تقاضای,86,80,object,طلب (0.82),واژه‌ی جدید,object
معترضٌ,96,80,action,اعتراض (0.87),واژه‌ی جدید,action
اسامی,104,80,object,نام (0.70),واژه‌ی جدید,object
واریز,150,80,action,پرداخت (0.71),واژه‌ی جدید,action
نیست،,85,80,action,عدم حضور (0.64),واژه‌ی جدید,action
یا دلایلی,80,80,object,دلایل توجیهی (0.71),واژه‌ی جدید,object
ثبت ازدواج,95,80,concept,ازدواج (0.83),واژه‌ی جدید,concept
مانده است,80,79,concept,معلق (0.67),واژه‌ی جدید,concept
نیستم,118,79,action,عدم حضور (0.66),واژه‌ی جدید,action
بر اثبات,98,79,concept,ثبوت (0.80),واژه‌ی جدید,concept
موقعیت,111,79,object,جایگاه (0.77),واژه‌ی جدید,object
سه نفره,115,79,concept,ثلث (0.70),واژه‌ی جدید,concept
موضوع قرارداد,125,79,object,قرارداد (0.84),واژه‌ی جدید,object
مقنن,110,79,concept,مراهنه (0.64),واژه‌ی جدید,concept
به سایر,86,79,concept,خارج از موضوع (0.68),واژه‌ی جدید,concept
پسندی که,79,79,concept,تمایل (0.65),واژه‌ی جدید,concept
صدور دادنامه,115,79,concept,دادرسی (0.72),واژه‌ی جدید,concept
متأسفانه,99,79,concept,تعذر (0.62),واژه‌ی جدید,REMOVE
توانند,91,79,action,حصول (0.61),واژه‌ی جدید,action
تهران،,112,79,object,شوارع (0.61),واژه‌ی جدید,object
نوبت,99,79,action,فراخوانی (0.64),واژه‌ی جدید,action
را ترک,106,79,object,ترکه (0.64),واژه‌ی جدید,object
بروز,103,79,action,حصول (0.60),واژه‌ی جدید,action
از بررسی,84,79,action,بررسی (0.85),واژه‌ی جدید,action
دیون,154,79,object,دیه (0.67),واژه‌ی جدید,object
زمان اجرای,120,79,concept,زمان اجرا (0.97),alias پیشنهادی برای «زمان اجرا»,concept
ازدواج نموده,99,79,concept,ازدواج (0.79),واژه‌ی جدید,concept
اولین,94,79,object,رکورد (0.57),واژه‌ی جدید,object
بقیه,109,79,concept,خارج از موضوع (0.63),واژه‌ی جدید,concept
به محض,93,79,principle,فقط در صورت (0.67),واژه‌ی جدید,principle
فتوکپی مصدق,87,79,concept,موقوف (0.57),واژه‌ی جدید,concept
در ید,90,79,action,خلع ید (0.66),واژه‌ی جدید,action
شود،,87,79,action,حصول (0.62),واژه‌ی جدید,action
مقررات موضوعه,85,79,action,وضع مقررات (0.73),واژه‌ی جدید,action
مشکلات,100,79,object,شکایت (0.71),واژه‌ی جدید,object
در نظریه,108,78,concept,نظریه مشورتی (0.68),واژه‌ی جدید,concept
تعیین نموده,92,78,concept,حق تعیین (0.70),واژه‌ی جدید,concept
تعیین تکلیف,108,78,concept,تکلیف (0.78),واژه‌ی جدید,concept
خریداری نموده,92,78,role,خریدار (0.79),واژه‌ی جدید,role
محضر,97,78,concept,موقوف (0.67),واژه‌ی جدید,concept
دادخواست به,83,78,object,دادخواست (0.90),alias پیشنهادی برای «دادخواست»,object
بانضمام,89,78,principle,شمولیت (0.71),واژه‌ی جدید,principle
الاشعار,85,78,role,نویسنده (0.61),واژه‌ی جدید,role
بیحقی,94,78,concept,بی‌تکلیفی (0.78),واژه‌ی جدید,concept
مابقی,104,78,object,منقول (0.61),واژه‌ی جدید,object
راه,136,78,role,راهن (0.76),واژه‌ی جدید,REMOVE
که برابر,88,78,concept,مقایسه حقوقی (0.62),واژه‌ی جدید,concept
مبنا,92,78,object,مباحات (0.57),واژه‌ی جدید,object
واخواه,198,78,action,واخواست (0.80),واژه‌ی جدید,action
از ثمن,109,78,object,ثمن (0.81),واژه‌ی جدید,object
غیر ثابت,78,78,concept,غیرمستقل (0.75),واژه‌ی جدید,concept
زوجیت بین,83,78,concept,ازدواج (0.70),واژه‌ی جدید,concept
نیست لذا,81,78,action,عدم حضور (0.62),واژه‌ی جدید,REMOVE
قانون قطعی,80,78,concept,احکام قطعی (0.79),واژه‌ی جدید,concept
رد دادخواست,88,78,object,دادخواست (0.68),واژه‌ی جدید,object
آنچه که,85,78,object,یادداشت (0.59),واژه‌ی جدید,object
این مطلب,86,78,role,مضمون (0.70),واژه‌ی جدید,role
الباقی,129,78,role,متبایع (0.57),واژه‌ی جدید,role
ایراد ضرب,151,78,concept,ضرب‌الاجل (0.64),واژه‌ی جدید,concept
می‌باشد که,101,78,concept,قانونی بودن (0.62),واژه‌ی جدید,concept
نافذ,105,78,concept,معلق (0.59),واژه‌ی جدید,concept
هرندی,80,78,concept,زراندوزی (0.59),واژه‌ی جدید,concept
هم چنین,129,77,concept,هم‌راهی (0.68),واژه‌ی جدید,concept
ابلاغ قانونی,88,77,action,طی مراحل قانونی (0.72),واژه‌ی جدید,action
فردی,112,77,concept,شخص (0.77),واژه‌ی جدید,concept
از لحاظ,86,77,principle,لحاظ (0.81),واژه‌ی جدید,principle
بر دادنامه,87,77,concept,دادرسی (0.69),واژه‌ی جدید,concept
رسیدگی دادگاه,91,77,action,رسیدگی (0.90),alias پیشنهادی برای «رسیدگی»,action
را مطرح,88,77,object,موصى به (0.72),واژه‌ی جدید,object
خانواده مصوب,95,77,object,قانون خانواده (0.61),واژه‌ی جدید,object
است بنا,79,77,concept,استيلا (0.61),واژه‌ی جدید,concept
در ذیل,95,77,principle,طبق قانون (0.65),واژه‌ی جدید,principle
به مطالبه,83,77,object,طلب (0.74),واژه‌ی جدید,object
معنی,90,77,concept,تعریف (0.80),واژه‌ی جدید,concept
انتقال سند,136,77,action,تعویض سند (0.85),واژه‌ی جدید,action
خواهان که,80,77,object,طلب (0.75),واژه‌ی جدید,object
شماره های,106,77,object,سریال شماره (0.80),واژه‌ی جدید,object
تلاش,93,77,action,جستجو (0.72),واژه‌ی جدید,action
کریم,111,77,role,قیم (0.65),واژه‌ی جدید,role
خواهان نسبت,86,77,role,اصحاب دعوی (0.75),واژه‌ی جدید,role
ارتکاب,144,77,concept,وقوع جرم (0.79),واژه‌ی جدید,concept
روحی,142,77,concept,نفس (0.58),واژه‌ی جدید,concept
دادگاه تجدیدنظرخواهی,77,77,role,دیوان عدالت اداری (0.79),واژه‌ی جدید,role
رد دعوای,84,77,concept,دعوی نفی مالکیت (0.72),واژه‌ی جدید,concept
شلمزاری,79,77,action,زرنگاری (0.53),واژه‌ی جدید,action
امانی شلمزاری,79,77,concept,امانت (0.48),واژه‌ی جدید,concept
به سند,85,77,object,سند (0.80),واژه‌ی جدید,object
عودت,94,77,action,اعاده اعتبار (0.67),واژه‌ی جدید,action
وجود نداشته,95,77,concept,نبود صلاحیت (0.73),واژه‌ی جدید,concept
به حکایت,80,77,principle,لحاظ (0.66),واژه‌ی جدید,principle
زوج نیز,99,77,concept,ازدواج (0.64),واژه‌ی جدید,concept
دفترخانه شماره,104,77,object,دفترخانه (0.84),واژه‌ی جدید,object
از شروط,132,77,concept,شرط (0.77),واژه‌ی جدید,concept
نامه رسمی,119,77,action,طی نامه (0.73),واژه‌ی جدید,action
روشن,90,77,action,جستجو (0.56),واژه‌ی جدید,action
در زندگی,91,77,concept,شخص (0.63),واژه‌ی جدید,concept
ثبت احوال,251,77,action,ثبت (0.74),واژه‌ی جدید,action
معترضٌ عنه,91,77,action,اعتراض (0.81),واژه‌ی جدید,action
پول,129,77,object,واحد پول (0.71),واژه‌ی جدید,object
بخواهد,86,77,object,طلب (0.71),واژه‌ی جدید,object
با وی,108,77,role,بایع (0.67),واژه‌ی جدید,role
دادنامه معترض‌عنه,93,77,action,اعتراض (0.72),واژه‌ی جدید,action
جلوگیری از,96,76,action,جلوگیری (0.93),alias پیشنهادی برای «جلوگیری»,action
داریم,91,76,action,گرفتن (0.67),واژه‌ی جدید,action
اعتراضات,102,76,action,اعتراض (0.89),alias پیشنهادی برای «اعتراض»,action
مورد ادعای,90,76,concept,ادعا (0.87),واژه‌ی جدید,concept
مشعر بر,108,76,object,برات (0.55),واژه‌ی جدید,object
دادگاه نیز,87,76,concept,نظر دادگاه (0.71),واژه‌ی جدید,concept
خللی,82,76,action,عزل (0.58),واژه‌ی جدید,action
مستوجب,81,76,concept,ملزم بودن (0.72),واژه‌ی جدید,concept
مقرر می,93,76,action,برآورد (0.71),واژه‌ی جدید,action
مذکور،,92,76,principle,لحاظ (0.67),واژه‌ی جدید,principle
ستون خواسته,81,76,object,طلب (0.61),واژه‌ی جدید,object
وکیل فرجام,112,76,action,فرجام (0.74),واژه‌ی جدید,action
دادنامه فوق,88,76,object,دادخواست (0.67),واژه‌ی جدید,object
ملی,148,76,concept,شرکت (0.59),واژه‌ی جدید,REMOVE
تقدیم لایحه,94,76,object,لایحه (0.85),واژه‌ی جدید,object
هرگاه,101,76,principle,فقط در صورتی که (0.67),واژه‌ی جدید,principle
از قبیل,82,76,principle,لحاظ (0.64),واژه‌ی جدید,principle
مسئول,102,76,role,فرد مسئول (0.89),alias پیشنهادی برای «فرد مسئول»,role
که موضوع,89,76,role,مضمون (0.66),واژه‌ی جدید,role
حضوری است,76,76,action,عدم حضور (0.73),واژه‌ی جدید,action
دادرسی از,82,76,concept,دادرسی (0.82),واژه‌ی جدید,concept
مانند,97,76,principle,طبق قانون (0.65),واژه‌ی جدید,principle
نموده است،,96,76,role,موقوف علیه (0.61),واژه‌ی جدید,role
ابرازی از,80,76,action,خوداظهاری (0.72),واژه‌ی جدید,action
موظف,91,76,role,کارمند (0.84),واژه‌ی جدید,role
اقدام نموده,85,76,action,تصرف (0.73),واژه‌ی جدید,action
دانسته است,86,76,concept,عرف (0.65),واژه‌ی جدید,concept
مهدی,92,76,role,مخاطب (0.57),واژه‌ی جدید,role
سلامت,165,76,concept,صحت (0.87),alias پیشنهادی برای «صحت»,concept
انفاق,124,76,object,بودجه (0.73),واژه‌ی جدید,object
دادم,131,76,action,بذل (0.65),واژه‌ی جدید,action
پرداخت اجرت,97,76,concept,اجرت (0.88),alias پیشنهادی برای «اجرت»,concept
شکلی به,77,76,concept,نوع جرم (0.57),واژه‌ی جدید,concept
نموده،,102,76,principle,لحاظ (0.62),واژه‌ی جدید,principle
مرادی هرندی,78,76,concept,زراندوزی (0.51),واژه‌ی جدید,concept
تقدیم داشته,99,75,concept,تبرع (0.69),واژه‌ی جدید,concept
از قرار,108,75,action,قرار (0.76),واژه‌ی جدید,action
دادگاه ختم,78,75,concept,نظر دادگاه (0.65),واژه‌ی جدید,concept
تایید دادنامه,87,75,action,تأیید (0.78),واژه‌ی جدید,action
مزبور به,83,75,object,موصى به (0.67),واژه‌ی جدید,object
ردّ تجدیدنظرخواهی,80,75,concept,تجدیدنظر (0.77),واژه‌ی جدید,concept
قابل پذیرش,84,75,action,پذیرش (0.78),واژه‌ی جدید,action
دادگاه خواسته,79,75,object,دادخواست (0.73),واژه‌ی جدید,object
با استفاده,87,75,action,استعمال (0.84),واژه‌ی جدید,action
وکیل تجدیدنظرخواه,86,75,role,وکیل (0.75),واژه‌ی جدید,role
از شمول,86,75,principle,شمول (0.88),alias پیشنهادی برای «شمول»,principle
این بخش,121,75,role,مضمون (0.62),واژه‌ی جدید,role
تابع,90,75,action,تبعیت (0.74),واژه‌ی جدید,action
جمعاً,96,75,action,جمع‌بندی (0.79),واژه‌ی جدید,action
دفترخانه اسناد,114,75,object,دفترخانه (0.85),واژه‌ی جدید,object
کیفرخواست,127,75,object,دادخواست (0.78),واژه‌ی جدید,object
مقدمات,99,75,concept,تحقیقات مقدماتی (0.71),واژه‌ی جدید,concept
منکر,101,75,action,نفی (0.81),واژه‌ی جدید,action
گفته است,188,75,concept,شخص (0.67),واژه‌ی جدید,REMOVE
ثابت دانسته,76,75,object,ثابت‌نامه (0.71),واژه‌ی جدید,object
علیرضا,80,75,role,وارث (0.54),واژه‌ی جدید,role
محمدی,88,75,role,موصی (0.51),واژه‌ی جدید,role
را عینا,75,75,object,عین (0.72),واژه‌ی جدید,object
شعبه چهارم,108,75,object,شعبه دادگاه (0.71),واژه‌ی جدید,object
درتاریخ,139,75,role,مضمون (0.67),واژه‌ی جدید,role
فوریت,144,75,concept,اضطرار (0.70),واژه‌ی جدید,concept
علم به,109,75,concept,عرف (0.61),واژه‌ی جدید,concept
رعایت مقررات,80,75,principle,رعایت قانون (0.90),alias پیشنهادی برای «رعایت قانون»,principle
نمی کند,82,75,concept,غیرممکن (0.67),واژه‌ی جدید,REMOVE
انجام می,87,75,concept,ایجاد تعهد (0.69),واژه‌ی جدید,concept
به فروش,107,75,concept,خرید و فروش (0.77),واژه‌ی جدید,concept
چراکه,92,75,concept,سبب (0.64),واژه‌ی جدید,concept
ننموده اند,85,75,concept,غیرمستند (0.61),واژه‌ی جدید,concept
الیه,92,75,role,ديان (0.64),واژه‌ی جدید,role
در صفحه,119,75,action,طی آگهی (0.67),واژه‌ی جدید,action
عدم تبرع,143,75,concept,تبرع (0.79),واژه‌ی جدید,concept
فاصله,95,75,concept,اختلاف (0.71),واژه‌ی جدید,concept
معنوی,83,75,concept,ضایعه معنوی (0.69),واژه‌ی جدید,concept
استعلام از,90,75,action,استعلام (0.92),alias پیشنهادی برای «استعلام»,action
عرفاً,100,75,concept,عرف (0.78),واژه‌ی جدید,concept
بچه,172,75,role,کودک (0.91),alias پیشنهادی برای «کودک»,REMOVE
مدنی قرار,79,74,concept,احوال مدنی (0.73),واژه‌ی جدید,concept
ذات,90,74,concept,شخص حقیقی (0.83),واژه‌ی جدید,REMOVE
خوانده ازدواج,77,74,object,عقد ازدواج (0.72),واژه‌ی جدید,object
موجه است,75,74,concept,قانونی بودن (0.71),واژه‌ی جدید,concept
سوی زوجه,98,74,concept,نفقه (0.64),واژه‌ی جدید,concept
تعارض,92,74,concept,مخالف (0.78),واژه‌ی جدید,concept
دادرسی می,80,74,concept,دادرسی (0.85),واژه‌ی جدید,concept
ناظر بر,91,74,concept,نهاد ناظر (0.78),واژه‌ی جدید,concept
این حق,103,74,concept,حق (0.72),واژه‌ی جدید,concept
رأی وحدت,116,74,object,رأی (0.81),واژه‌ی جدید,object
قراردادها,104,74,object,قرارداد (0.87),واژه‌ی جدید,object
رسمی ازدواج,89,74,concept,ازدواج (0.76),واژه‌ی جدید,concept
انها,107,74,role,موصی له (0.58),واژه‌ی جدید,role
پنج میلیون,118,74,concept,خمس (0.72),واژه‌ی جدید,concept
دادنامه در,82,74,concept,دادرسی (0.70),واژه‌ی جدید,concept
در هنگام,85,74,action,طی روند دادرسی (0.74),واژه‌ی جدید,action
بطلان آن,78,74,concept,بطلان (0.86),واژه‌ی جدید,concept
پرونده های,101,74,object,پرونده (0.88),alias پیشنهادی برای «پرونده»,object
خصوص تجدیدنظر,79,74,concept,تجدیدنظر (0.86),واژه‌ی جدید,concept
روزانه,201,74,role,مضمون (0.68),واژه‌ی جدید,role
به ادعای,80,74,concept,ادعا (0.83),واژه‌ی جدید,concept
درنتیجه,93,74,principle,طبق قانون (0.61),واژه‌ی جدید,principle
مرتکب,90,74,role,متهم (0.81),واژه‌ی جدید,role
اساس مقررات,76,74,action,وضع مقررات (0.71),واژه‌ی جدید,action
دارنده,150,74,role,صاحب‌حق (0.71),واژه‌ی جدید,role
اساس آن,75,74,object,اساسنامه (0.66),واژه‌ی جدید,object
از ابلاغ،,82,74,concept,اطلاق (0.64),واژه‌ی جدید,concept
برخی,94,73,concept,عده (0.71),واژه‌ی جدید,concept
توجها,84,73,principle,احتیاط (0.76),واژه‌ی جدید,principle
ان را,111,73,action,رد (0.60),واژه‌ی جدید,action
خودم,114,73,action,خوداظهاری (0.69),واژه‌ی جدید,action
مهریه زوجه,103,73,object,ارثیه (0.65),واژه‌ی جدید,object
مقرر داشته,80,73,action,برآورد (0.69),واژه‌ی جدید,action
وصول پرونده,118,73,action,وصول (0.86),واژه‌ی جدید,action
بوده لذا,78,73,concept,سبب (0.61),واژه‌ی جدید,REMOVE
شماره دادنامه,106,73,object,شماره پرونده (0.82),واژه‌ی جدید,object
دادگاه،,85,73,action,ورود به دادگاه (0.77),واژه‌ی جدید,action
قراردادهای,123,73,object,قرارداد (0.87),alias پیشنهادی برای «قرارداد»,object
برخوردار,82,73,concept,برخورداری (0.87),واژه‌ی جدید,concept
خواسته با,75,73,object,طلب (0.77),واژه‌ی جدید,object
از موضوع,87,73,concept,خارج از موضوع (0.78),واژه‌ی جدید,concept
تسری,83,73,action,تسهیم (0.64),واژه‌ی جدید,action
متکی,82,73,role,وابسته (0.72),واژه‌ی جدید,role
قانع,73,73,role,قاصد (0.54),واژه‌ی جدید,role
دادگاه که,80,73,object,شعبه دادگاه (0.70),واژه‌ی جدید,object
شناخته,91,73,concept,عرف (0.77),واژه‌ی جدید,concept
رسیدگی ماهوی,90,73,action,رسیدگی (0.75),واژه‌ی جدید,action
ساکن,103,73,concept,موقوف (0.64),واژه‌ی جدید,concept
عدم رعایت,109,73,concept,تخلف (0.81),واژه‌ی جدید,concept
پاسخ به,86,73,action,رد (0.76),واژه‌ی جدید,action
شدند,102,73,object,رسید (0.62),واژه‌ی جدید,object
نفر از,94,73,concept,شخص (0.74),واژه‌ی جدید,concept
مورد خواسته,90,73,object,طلب (0.78),واژه‌ی جدید,object
دچار,120,73,concept,تضرر (0.65),واژه‌ی جدید,concept
بعداً,108,73,concept,خارج از موضوع (0.63),واژه‌ی جدید,concept
توسط خواهان,80,73,role,اصحاب دعوی (0.74),واژه‌ی جدید,role
ریال در,102,73,object,واحد پول (0.60),واژه‌ی جدید,object
عملی,93,73,principle,قانونی (0.67),واژه‌ی جدید,principle
ملاحظه می,86,73,principle,ملاحظه قانونی (0.79),واژه‌ی جدید,principle
عام,116,73,object,نهاد عمومی (0.59),واژه‌ی جدید,REMOVE
بازگشت,108,73,action,بازیابی (0.75),واژه‌ی جدید,action
از وقوع,88,73,concept,وقوع جرم (0.77),واژه‌ی جدید,concept
است، لذا,82,73,principle,طبق قانون (0.63),واژه‌ی جدید,principle
حوزه ثبتی,99,73,concept,وضعیت ثبتی (0.79),واژه‌ی جدید,concept
نمی‌تواند,85,73,concept,غیرممکن (0.78),واژه‌ی جدید,concept
ایرادات,97,72,object,یادداشت (0.70),واژه‌ی جدید,object
احتساب کلیه,82,72,object,کلیه (0.79),واژه‌ی جدید,object
با زوجه,102,72,action,مرافقه (0.66),واژه‌ی جدید,action
برای وی,86,72,role,موصی له (0.62),واژه‌ی جدید,role
با خواهان,85,72,object,طلب (0.75),واژه‌ی جدید,object
غیرقابل,85,72,concept,غیرممکن (0.89),alias پیشنهادی برای «غیرممکن»,concept
کشور است,76,72,concept,شخص (0.64),واژه‌ی جدید,concept
طرف مقابل,87,72,principle,بی‌طرفی (0.69),واژه‌ی جدید,principle
پیوستی,91,72,action,پیوست (0.90),alias پیشنهادی برای «پیوست»,action
بطور,87,72,principle,طبق قانون (0.74),واژه‌ی جدید,principle
ضروری,81,72,concept,لازمه (0.79),واژه‌ی جدید,concept
پیرامون,98,72,principle,محیط (0.73),واژه‌ی جدید,principle
هشتم,112,72,role,شخص ثالث (0.54),واژه‌ی جدید,role
حضوری وظرف,72,72,action,عدم حضور (0.70),واژه‌ی جدید,action
نشود,93,72,action,جلوگیری (0.64),واژه‌ی جدید,action
نهایی,127,72,object,رای نهایی (0.81),واژه‌ی جدید,object
ها در,93,72,role,اهل (0.66),واژه‌ی جدید,role
رای صادر,103,72,concept,نظر دادگاه (0.81),واژه‌ی جدید,concept
اقایان,154,72,object,اعیان (0.71),واژه‌ی جدید,object
تشریفات دادرسی,74,72,concept,دادرسی (0.77),واژه‌ی جدید,concept
مقید,115,72,action,تقیید (0.78),واژه‌ی جدید,action
مبین,83,72,concept,مباح (0.64),واژه‌ی جدید,concept
دوم به,97,72,object,موصى به (0.57),واژه‌ی جدید,object
آبادی,75,72,role,شهرداری (0.68),واژه‌ی جدید,role
زوج است,78,72,concept,ازدواج (0.72),واژه‌ی جدید,concept
واحده قانون,86,72,role,واحد حقوقی (0.77),واژه‌ی جدید,role
مورد ادعا,84,72,concept,ادعا (0.91),alias پیشنهادی برای «ادعا»,concept
باب مغازه,140,72,role,تاجر (0.69),واژه‌ی جدید,role
علیخانی,74,72,object,اعیانی (0.53),واژه‌ی جدید,object
وظیفه,93,72,concept,وظیفه قانونی (0.81),واژه‌ی جدید,concept
الحاقی به,101,72,principle,شمولیت (0.69),واژه‌ی جدید,principle
را تقدیم,85,72,action,پیشنهاد (0.70),واژه‌ی جدید,action
کریمی,84,72,role,قیم (0.56),واژه‌ی جدید,role
پاسخ داده,123,72,action,رد (0.74),واژه‌ی جدید,action
از شش,112,72,concept,خمس (0.62),واژه‌ی جدید,concept
مجاز,103,71,object,مجوز (0.70),واژه‌ی جدید,object
سپس دادگاه,106,71,action,ورود به دادگاه (0.69),واژه‌ی جدید,action
نیز پرداخت,84,71,action,پرداخت (0.77),واژه‌ی جدید,action
ایام زوجیت,158,71,concept,ازدواج (0.62),واژه‌ی جدید,concept
معرفی شده,79,71,action,پیشنهاد (0.73),واژه‌ی جدید,action
اراضی,335,71,object,قانون اراضی (0.80),واژه‌ی جدید,object
باینکه,117,71,concept,بینونت (0.56),واژه‌ی جدید,concept
پرونده امر,92,71,object,پرونده (0.67),واژه‌ی جدید,object
فسخ معامله,159,71,action,فسخ (0.87),alias پیشنهادی برای «فسخ»,action
به تجدیدنظرخواه,85,71,concept,تجدیدنظر (0.86),واژه‌ی جدید,concept
ایام تصرف,155,71,action,تصرف (0.70),واژه‌ی جدید,action
صلاحیت به,117,71,concept,صلاحیت (0.91),alias پیشنهادی برای «صلاحیت»,concept
از موکل,87,71,role,مودع (0.66),واژه‌ی جدید,role
وکالت در,102,71,concept,وکالت (0.84),واژه‌ی جدید,concept
سازش به,87,71,action,سازش (0.91),alias پیشنهادی برای «سازش»,action
نشان,97,71,object,مدرک (0.61),واژه‌ی جدید,object
وکالت بعدی,78,71,concept,وکالت (0.72),واژه‌ی جدید,concept
از محل,101,71,object,محل (0.79),واژه‌ی جدید,object
رو دادگاه,78,71,action,ورود به دادگاه (0.79),واژه‌ی جدید,action
داشته در,82,71,principle,لحاظ (0.64),واژه‌ی جدید,REMOVE
آن قرار,71,71,action,قرار (0.81),واژه‌ی جدید,action
حداقل,85,71,concept,مشروط (0.65),واژه‌ی جدید,concept
خواستار شده,84,71,object,طلب (0.78),واژه‌ی جدید,object
نمی داند,75,71,concept,بی‌نام (0.63),واژه‌ی جدید,concept
در مدت,90,71,concept,طی شرایط خاص (0.68),واژه‌ی جدید,concept
فرجه,78,71,action,فرجام (0.66),واژه‌ی جدید,action
خواسته خود,84,71,object,طلب (0.75),واژه‌ی جدید,object
را موجه,76,71,object,دلایل توجیهی (0.66),واژه‌ی جدید,object
کمتر از,86,71,concept,کاهش (0.72),واژه‌ی جدید,concept
یکسال,105,71,object,واحد پول (0.68),واژه‌ی جدید,object
آل,72,71,role,ولی (0.58),واژه‌ی جدید,REMOVE
دیوان عدالت,300,71,role,دیوان عدالت اداری (0.93),alias پیشنهادی برای «دیوان عدالت اداری»,role
عدالت اداری,273,71,role,دیوان عدالت اداری (0.85),واژه‌ی جدید,role
ماهوی یا,71,71,object,هامش (0.53),واژه‌ی جدید,object
یا شکلی,71,71,concept,نوع جرم (0.58),واژه‌ی جدید,concept
مشغول,103,70,role,مشغول الذمه (0.85),واژه‌ی جدید,role
دلیل عدم,79,70,concept,علت (0.75),واژه‌ی جدید,concept
با طرح,77,70,principle,طبق قانون (0.71),واژه‌ی جدید,principle
اعتراض دادنامه,70,70,action,اعتراض (0.80),واژه‌ی جدید,action
درخواست صدور,89,70,object,طلب (0.75),واژه‌ی جدید,object
سازش بین,103,70,action,سازش (0.88),alias پیشنهادی برای «سازش»,action
پنجاه میلیون,108,70,concept,خمس (0.64),واژه‌ی جدید,concept
تومان بابت,89,70,action,پرداخت (0.63),واژه‌ی جدید,action
بدون توجه,76,70,concept,بی‌دلیل (0.70),واژه‌ی جدید,concept
فرجامخواه,155,70,action,فرجام (0.73),واژه‌ی جدید,action
مطابق موازین,80,70,principle,طبق قانون (0.80),واژه‌ی جدید,principle
تعیین می,83,70,concept,حق تعیین (0.68),واژه‌ی جدید,concept
باوکالت آقای,79,70,concept,وکالت (0.71),واژه‌ی جدید,concept
بوکالت,112,70,action,احاله (0.55),واژه‌ی جدید,action
بعلت,113,70,action,اقاله (0.59),واژه‌ی جدید,action
به نرخ,148,70,principle,طبق قانون (0.64),واژه‌ی جدید,principle
زمینه,80,70,concept,زمینه حقوقی (0.76),واژه‌ی جدید,concept
ذکر است,79,70,action,ذکر (0.86),واژه‌ی جدید,action
شایستگی,106,70,concept,صلاحیت (0.75),واژه‌ی جدید,concept
بیان نموده,86,70,concept,صراحت (0.69),واژه‌ی جدید,concept
جمع,92,70,action,جمع‌بندی (0.81),واژه‌ی جدید,REMOVE
برد,88,70,role,جد (0.62),واژه‌ی جدید,REMOVE
تحت نظر,88,70,action,زیرنظر (0.82),واژه‌ی جدید,action
اسلامی ایران,85,70,role,مجلس شورای اسلامی (0.71),واژه‌ی جدید,role
محسوب نمی,82,70,object,غير منقول (0.64),واژه‌ی جدید,object
دادگاه صادرکننده,77,70,role,صادرکننده (0.80),واژه‌ی جدید,role
ادامه رسیدگی,87,70,action,رسیدگی (0.83),واژه‌ی جدید,action
احکام مدنی,94,70,principle,حقوق مدنی (0.78),واژه‌ی جدید,principle
تأیید دادنامه,79,70,action,تأیید (0.79),واژه‌ی جدید,action
سقم,75,70,concept,سلم (0.63),واژه‌ی جدید,REMOVE
زمین به,103,70,action,ورود به ملک (0.59),واژه‌ی جدید,action
این ادعا,82,70,concept,ادعا (0.81),واژه‌ی جدید,concept
ضمن پذیرش,72,70,action,پذیرش (0.81),واژه‌ی جدید,action
تقاضای طلاق,91,70,concept,طلاق (0.83),واژه‌ی جدید,concept
تهیه مسکن,127,70,action,وضع مقررات (0.63),واژه‌ی جدید,action
مدللی,70,70,object,نمونه (0.69),واژه‌ی جدید,object
تصدیر گردیده,72,70,role,متعهدله (0.69),واژه‌ی جدید,role
مطروحه در,86,70,role,مضمون (0.64),واژه‌ی جدید,role
از دو,82,70,concept,خارج از موضوع (0.60),واژه‌ی جدید,concept
او به,83,70,role,موصی له (0.68),واژه‌ی جدید,role
در اثر,87,70,principle,طبق قانون (0.71),واژه‌ی جدید,principle
به بعد,85,70,action,طی نامه (0.59),واژه‌ی جدید,action
نیت,84,70,concept,نیات (0.82),واژه‌ی جدید,REMOVE
از شرط,124,70,concept,شرط (0.84),واژه‌ی جدید,concept
توانایی,103,70,concept,صلاحیت (0.77),واژه‌ی جدید,concept
اقرار به,98,70,concept,اقرار (0.94),alias پیشنهادی برای «اقرار»,concept
نیز مستندات,70,70,object,مستندات (0.82),واژه‌ی جدید,object
آینده,90,70,action,پیش‌بینی (0.67),واژه‌ی جدید,action
موکل با,74,69,role,متهم (0.71),واژه‌ی جدید,role
رجعی,93,69,role,رجعیه (0.89),alias پیشنهادی برای «رجعیه»,role
ابلاغ دادنامه,78,69,object,پرداخت‌نامه (0.69),واژه‌ی جدید,object
با یکدیگر,82,69,action,همکاری (0.69),واژه‌ی جدید,action
فر,75,69,action,فرجام (0.67),واژه‌ی جدید,REMOVE
ازاین,83,69,action,ازله (0.64),واژه‌ی جدید,action
لغایت اجرای,90,69,concept,زمان اجرا (0.77),واژه‌ی جدید,concept
دادگاه صادر,75,69,concept,نظر دادگاه (0.78),واژه‌ی جدید,concept
رأی میدهد,71,69,object,رأی (0.78),واژه‌ی جدید,object
این جهت,81,69,concept,جهت‌گیری (0.71),واژه‌ی جدید,REMOVE
مستشار شعبه,80,69,role,مشاور (0.68),واژه‌ی جدید,role
حدوث,82,69,concept,وقوع جرم (0.76),واژه‌ی جدید,concept
طرفیت شرکت,95,69,principle,بی‌طرفی (0.65),واژه‌ی جدید,principle
تردید,96,69,concept,اختلاف (0.67),واژه‌ی جدید,concept
تهدید,151,69,concept,خطر (0.80),واژه‌ی جدید,concept
بیرون,105,69,concept,طبیعت (0.73),واژه‌ی جدید,concept
برای اثبات,80,69,concept,ثبوت (0.80),واژه‌ی جدید,concept
موصوف را,74,69,role,موصی (0.72),واژه‌ی جدید,role
تلقی می,79,69,concept,ایجاد تعهد (0.64),واژه‌ی جدید,concept
اعتراضیه وارد,73,69,action,اعتراض (0.85),واژه‌ی جدید,action
نژاد,88,69,concept,وراثت (0.61),واژه‌ی جدید,concept
ارتباط با,92,69,action,همکاری (0.68),واژه‌ی جدید,action
در پلاک,110,69,object,پلاک (0.84),واژه‌ی جدید,object
تاریخ وقوع,82,69,concept,وقوع جرم (0.68),واژه‌ی جدید,concept
گذاشته,77,69,action,وضع (0.70),واژه‌ی جدید,action
عملاً,74,69,object,شغل (0.73),واژه‌ی جدید,object
مهریه به,106,69,object,ودیعه (0.64),واژه‌ی جدید,object
در ملک,113,69,action,ورود به ملک (0.71),واژه‌ی جدید,action
آل حبیب,70,69,action,جلب (0.49),واژه‌ی جدید,action
داده می,73,69,object,بدهی (0.62),واژه‌ی جدید,REMOVE
وارد نمی‌باشد,70,69,action,عدم حضور (0.67),واژه‌ی جدید,action
دو میلیون,108,69,role,مدیون (0.58),واژه‌ی جدید,role
را محرز,72,69,role,مکره (0.55),واژه‌ی جدید,role
مورد تأیید,73,69,action,تأیید (0.90),alias پیشنهادی برای «تأیید»,action
مشترک از,80,69,concept,فصل مشترک (0.73),واژه‌ی جدید,concept
فعل,113,68,action,تصرف (0.75),واژه‌ی جدید,REMOVE
به عبارت,75,68,principle,لحاظ (0.71),واژه‌ی جدید,principle
زوجه صادر,82,68,concept,طلاق (0.61),واژه‌ی جدید,concept
عنوان وکیل,88,68,role,وکیل (0.81),واژه‌ی جدید,role
ناحیه خواهان,77,68,object,طلب (0.63),واژه‌ی جدید,object
مستوجب نقض,70,68,action,نقض (0.83),واژه‌ی جدید,action
محل سکونت,110,68,object,محل (0.76),واژه‌ی جدید,object
موضوعی,98,68,concept,خارج از موضوع (0.68),واژه‌ی جدید,concept
مطالبات,116,68,object,طلب (0.75),واژه‌ی جدید,object
به خانم,88,68,object,موصى به (0.69),واژه‌ی جدید,object
از ان,106,68,role,اهل (0.61),واژه‌ی جدید,role
قانع کننده,68,68,action,تأیید (0.71),واژه‌ی جدید,action
قانونی می,73,68,principle,قانونی (0.87),واژه‌ی جدید,principle
دفاع از,81,68,action,دفاع (0.84),واژه‌ی جدید,action
منقوض ارجاع,77,68,action,ارجاع (0.75),واژه‌ی جدید,action
از ثبت,77,68,action,ثبت (0.85),واژه‌ی جدید,action
زوج که,78,68,concept,ازدواج (0.64),واژه‌ی جدید,concept
نظام,101,68,concept,نظام اقتصادی (0.82),واژه‌ی جدید,concept
خطاب,117,68,role,مخاطب (0.66),واژه‌ی جدید,role
سال حبس,133,68,concept,میزان مجازات (0.80),واژه‌ی جدید,concept
که ملک,95,68,object,فرع ملک (0.61),واژه‌ی جدید,object
مالکیت رسمی,78,68,concept,مالکیت (0.83),واژه‌ی جدید,concept
اقتصادی,90,68,concept,وضعیت اقتصادی (0.74),واژه‌ی جدید,concept
تجدیدنظرخواه با,71,68,concept,تجدیدنظر (0.82),واژه‌ی جدید,concept
مبلغی,89,68,concept,برخورداری (0.61),واژه‌ی جدید,concept
تجدیدنظرخواهی وارد,68,68,concept,تجدیدنظر (0.84),واژه‌ی جدید,concept
تجدیدنظرخواه مبنی,69,68,concept,تجدیدنظر (0.80),واژه‌ی جدید,concept
قائم مقام,92,68,role,مقام قضائی (0.73),واژه‌ی جدید,role
نه تنها,73,68,concept,خارج از موضوع (0.60),واژه‌ی جدید,concept
پرداخت ثمن,97,68,object,ثمن (0.78),واژه‌ی جدید,object
سیفی,73,68,concept,سیفه (0.81),واژه‌ی جدید,concept
شده دادگاه,118,68,action,ورود به دادگاه (0.78),واژه‌ی جدید,action
کاملاً,85,68,concept,کامل (0.74),واژه‌ی جدید,concept
ادعای وکیل,72,68,role,وکیل (0.76),واژه‌ی جدید,role
بدوی با,68,68,role,بایع (0.58),واژه‌ی جدید,role
متناسب,94,68,concept,التزام (0.63),واژه‌ی جدید,concept
اطلاعی,95,68,action,استعلام (0.71),واژه‌ی جدید,action
زوج نسبت,96,68,concept,نسبت (0.78),واژه‌ی جدید,concept
قانونی معرفی,94,68,principle,قانونی (0.77),واژه‌ی جدید,principle
گردد،,77,68,action,رجوع (0.63),واژه‌ی جدید,action
وجود علقه,71,68,concept,نفقه (0.71),واژه‌ی جدید,concept
ظاهر,87,68,concept,ظاهر حقوقی (0.83),واژه‌ی جدید,concept
رونوشت سند,74,68,object,سند (0.79),واژه‌ی جدید,object
بودن آن,76,68,concept,صالح بودن (0.67),واژه‌ی جدید,concept
انتقال رسمی,111,68,action,نقل و انتقال (0.68),واژه‌ی جدید,action
حال آنکه,74,68,principle,فقط در صورتی که (0.64),واژه‌ی جدید,principle
گردیده است،,70,68,role,موقوف علیه (0.62),واژه‌ی جدید,role
صادر می‌نماید,90,68,role,صادرکننده (0.73),واژه‌ی جدید,role
بیگدلی,68,68,role,بزهکار (0.58),واژه‌ی جدید,role
جوابیه,83,67,action,رد (0.75),واژه‌ی جدید,action
ششدانگ,104,67,concept,اشاعه (0.50),واژه‌ی جدید,concept
تودیع,86,67,action,تسهیم (0.63),واژه‌ی جدید,action
سازش جهت,127,67,action,سازش (0.82),واژه‌ی جدید,action
دادگاه جهت,74,67,concept,نظر دادگاه (0.66),واژه‌ی جدید,concept
چگونگی,89,67,action,نحوه رسیدگی (0.70),واژه‌ی جدید,action
خسارت ناشی,117,67,concept,خسارت (0.92),alias پیشنهادی برای «خسارت»,concept
اختلاف در,98,67,concept,اختلاف (0.94),alias پیشنهادی برای «اختلاف»,concept
مکرر,90,67,action,یادآوری (0.63),واژه‌ی جدید,action
قید گردیده,70,67,action,وضع قید (0.78),واژه‌ی جدید,action
ظاهراً,95,67,object,ظاهر حکم (0.68),واژه‌ی جدید,object
محترم دادگاه,69,67,role,رئیس دادگاه (0.74),واژه‌ی جدید,role
جهت ادامه,71,67,object,موصى به (0.66),واژه‌ی جدید,object
هشتاد,106,67,concept,عده (0.55),واژه‌ی جدید,concept
حبس تعزیری,133,67,concept,حبس (0.83),واژه‌ی جدید,concept
واصل,79,67,concept,موقوف (0.61),واژه‌ی جدید,concept
دهند,74,67,action,بذل (0.66),واژه‌ی جدید,action
وجه چک,163,67,object,چک (0.79),واژه‌ی جدید,object
به ردّ,94,67,action,رد (0.81),واژه‌ی جدید,action
اقساط,142,67,concept,قرض (0.71),واژه‌ی جدید,concept
دفاعیات خوانده,72,67,object,دفاعیات (0.82),واژه‌ی جدید,object
خوانده می,72,67,action,گذراندن (0.64),واژه‌ی جدید,action
تحویل مبیع,164,67,action,تحویل حکم (0.74),واژه‌ی جدید,action
توضیحات طرفین,68,67,action,طی تفاهم (0.63),واژه‌ی جدید,action
ادای,82,67,role,اجیر (0.65),واژه‌ی جدید,role
طولانی,84,67,concept,طولانی شدن دادرسی (0.66),واژه‌ی جدید,concept
واسطه,77,67,role,واسطه حقوقی (0.86),واژه‌ی جدید,role
زوجین به,75,67,concept,ازدواج (0.66),واژه‌ی جدید,concept
مشارٌالیه,78,67,role,متعهدله (0.64),واژه‌ی جدید,role
اعلام وکالت,77,67,object,عقد وکالت (0.79),واژه‌ی جدید,object
جامع محتویات,69,67,action,جمع‌بندی (0.56),واژه‌ی جدید,action
مدرکی که,70,67,object,مدرک (0.81),واژه‌ی جدید,object
فرجام‌خواسته,128,67,action,فرجام (0.73),واژه‌ی جدید,action
از شرایط,76,67,concept,طی شرایط خاص (0.73),واژه‌ی جدید,concept
رای حضوری,67,66,object,رای غیابی (0.78),واژه‌ی جدید,object
حق زوجه,90,66,concept,حق نسق (0.72),واژه‌ی جدید,concept
کشور جهت,69,66,concept,جهت‌گیری (0.63),واژه‌ی جدید,concept
شرط مذکور,107,66,concept,شرط (0.81),واژه‌ی جدید,concept
نهم,107,66,object,نام (0.55),واژه‌ی جدید,REMOVE
را ارائه,69,66,action,پیشنهاد (0.77),واژه‌ی جدید,action
نامبرده را,74,66,role,موقوف علیه (0.68),واژه‌ی جدید,role
را محمول,66,66,concept,محمول (0.82),واژه‌ی جدید,concept
از خواندگان,103,66,role,اصحاب دعوی (0.59),واژه‌ی جدید,role
متکی به,74,66,role,وابسته (0.78),واژه‌ی جدید,role
خصوص تجدید,69,66,action,تجدید نظر (0.77),واژه‌ی جدید,action
ارسال شده,77,66,action,رسیدگی (0.67),واژه‌ی جدید,action
داور زوج,76,66,action,داوری (0.69),واژه‌ی جدید,action
صفحات,144,66,principle,قوانین (0.65),واژه‌ی جدید,principle
به نسبت,82,66,concept,نسبت (0.87),alias پیشنهادی برای «نسبت»,concept
تهران میباشد,71,66,object,یادداشت (0.58),واژه‌ی جدید,object
اتومبیل,168,66,object,وسائل نقلیه (0.76),واژه‌ی جدید,object
مجرد,83,66,concept,بلاتکلیفی (0.61),واژه‌ی جدید,concept
خصوص دعوای,78,66,role,اصحاب دعوی (0.71),واژه‌ی جدید,role
جلسه اول,78,66,object,جلسه (0.79),واژه‌ی جدید,object
در ارتباط,90,66,action,طی تفاهم (0.68),واژه‌ی جدید,action
متقابل,107,66,role,متبایع (0.65),واژه‌ی جدید,role
انعکاس,77,66,action,رد (0.63),واژه‌ی جدید,action
طرفین با,75,66,action,طی تفاهم (0.67),واژه‌ی جدید,action
وجه التزام,225,66,concept,التزام (0.83),واژه‌ی جدید,concept
گوید,87,66,concept,ادعا (0.67),واژه‌ی جدید,concept
می گوید,87,66,concept,شخص (0.70),واژه‌ی جدید,concept
تقاضای نقض,74,66,action,نقض (0.83),واژه‌ی جدید,action
زوجه نسبت,87,66,concept,نسبت خانوادگی (0.66),واژه‌ی جدید,concept
مورد حکم,102,66,object,حکم (0.84),واژه‌ی جدید,object
مدللی که,66,66,object,نمونه (0.69),واژه‌ی جدید,object
وجود داشته,75,66,concept,قانونی بودن (0.64),واژه‌ی جدید,concept
نبود,83,66,concept,نبود صلاحیت (0.76),واژه‌ی جدید,concept
ریاست محترم,83,66,role,رئیس دادگاه (0.68),واژه‌ی جدید,role
دقت,71,66,principle,احتیاط (0.80),واژه‌ی جدید,REMOVE
بپردازد,79,66,action,پرداخت (0.86),واژه‌ی جدید,action
خواهم,89,66,concept,تمایل (0.57),واژه‌ی جدید,concept
واقع نشده,77,66,action,عدم حضور (0.68),واژه‌ی جدید,action
با قبول,69,66,action,پذیرش (0.78),واژه‌ی جدید,action
دانگ پلاک,114,66,object,پلاک (0.75),واژه‌ی جدید,object
به مفهوم,68,66,principle,طبق قانون (0.65),واژه‌ی جدید,principle
ساخته,84,66,action,تأسیس (0.66),واژه‌ی جدید,action
حرج زوجه,121,66,concept,عسر و حرج (0.70),واژه‌ی جدید,concept
خاطر,85,66,action,یادآوری (0.66),واژه‌ی جدید,action
حکم دادگاه,84,66,concept,نظر دادگاه (0.86),واژه‌ی جدید,concept
که من,95,66,object,یادداشت (0.57),واژه‌ی جدید,object
به دو,81,66,object,موصى به (0.63),واژه‌ی جدید,object
در پرداخت,95,66,action,پرداخت (0.86),واژه‌ی جدید,action
اسلامشهر,138,66,object,بنیاد شهید (0.49),واژه‌ی جدید,object
جلسه داده,87,65,object,جلسه (0.84),واژه‌ی جدید,object
تایید نموده,69,65,action,تأیید (0.87),واژه‌ی جدید,action
دوست,91,65,object,یادداشت (0.67),واژه‌ی جدید,object
منزل مسکونی,101,65,concept,شخص (0.64),واژه‌ی جدید,concept
مهلت مقرر,89,65,concept,زمان طرح دعوی (0.71),واژه‌ی جدید,concept
نکاح دائم,98,65,concept,نکاح (0.75),واژه‌ی جدید,concept
خوانده خانم,88,65,action,فراخواندن (0.60),واژه‌ی جدید,action
مورد تجدیدنظرخواهی,71,65,concept,قابل تجدیدنظر (0.87),واژه‌ی جدید,concept
شده توسط,73,65,role,نویسنده (0.65),واژه‌ی جدید,role
فوق الاشعار,70,65,concept,خارج از قلمرو (0.61),واژه‌ی جدید,concept
وقت مقرر,109,65,concept,زمان اجرا (0.73),واژه‌ی جدید,concept
حقوقی دادگستری,72,65,role,واحد دادگستری (0.74),واژه‌ی جدید,role
تصاویر,80,65,object,تصویر (0.83),واژه‌ی جدید,object
وکیل پایه,83,65,role,وکیل (0.74),واژه‌ی جدید,role
همین اساس,71,65,concept,سبب (0.64),واژه‌ی جدید,concept
به دادگستری,74,65,role,واحد دادگستری (0.74),واژه‌ی جدید,role
صدرالذکر,71,65,action,ذکر (0.62),واژه‌ی جدید,action
جنبه,102,65,principle,لحاظ (0.72),واژه‌ی جدید,principle
نرخ روز,124,65,concept,اجرت (0.65),واژه‌ی جدید,concept
از تعرض,67,65,concept,تعدی (0.73),واژه‌ی جدید,concept
قانون اجرای,87,65,principle,مقررات اجرائی (0.70),واژه‌ی جدید,principle
می توانند,76,65,concept,قابل اجرا بودن (0.65),واژه‌ی جدید,concept
به دفاعیات,67,65,object,دفاعیات (0.87),واژه‌ی جدید,object
محمود,75,65,role,مودع (0.57),واژه‌ی جدید,role
است ثانیاً,74,65,concept,قابل تجدیدنظر (0.61),واژه‌ی جدید,concept
کردیم,103,65,action,گام (0.58),واژه‌ی جدید,action
بعضی,82,65,concept,عده (0.72),واژه‌ی جدید,concept
ده میلیون,100,65,role,مدیون (0.55),واژه‌ی جدید,role
درمان,161,65,action,علاج (0.94),alias پیشنهادی برای «علاج»,action
اثری,71,65,action,همکاری (0.58),واژه‌ی جدید,action
مشروح,72,65,role,مضمون (0.72),واژه‌ی جدید,role
حضور طرفین,83,65,action,عدم حضور (0.72),واژه‌ی جدید,action
زوجه است,74,65,concept,نفقه (0.64),واژه‌ی جدید,concept
حکم در,67,65,object,حکم (0.86),واژه‌ی جدید,object
نقد,80,65,action,ارزیابی (0.66),واژه‌ی جدید,REMOVE
نکته,85,65,concept,نکته حقوقی (0.88),alias پیشنهادی برای «نکته حقوقی»,concept
استقرار,90,65,principle,ثبات (0.83),واژه‌ی جدید,principle
نص,73,65,role,مضمون (0.72),واژه‌ی جدید,REMOVE
دفاع اظهار,69,65,action,دفاع (0.81),واژه‌ی جدید,action
تواند از,71,65,object,منقول (0.57),واژه‌ی جدید,object
ریال هزینه,74,65,object,هزینه (0.77),واژه‌ی جدید,object
لهذا دادگاه,69,65,action,ورود به دادگاه (0.70),واژه‌ی جدید,action
اصلی واقع,85,65,concept,اصیل (0.69),واژه‌ی جدید,concept
در حدی,69,65,concept,حد (0.76),واژه‌ی جدید,concept
فوق‌الذکر,79,65,concept,خارج از موضوع (0.68),واژه‌ی جدید,concept
جعفر,77,65,role,جد (0.52),واژه‌ی جدید,role
صحیح می,66,65,role,صاحب‌حق (0.69),واژه‌ی جدید,role
بیان شده,77,64,action,یادآوری (0.68),واژه‌ی جدید,action
نفقه ایام,146,64,concept,نفقه (0.73),واژه‌ی جدید,concept
مقرر قانونی,81,64,principle,قانونی (0.72),واژه‌ی جدید,principle
به شهادت,72,64,action,شهادت (0.82),واژه‌ی جدید,action
انقضاء,100,64,concept,تلف (0.70),واژه‌ی جدید,concept
از بانک,89,64,object,بانک (0.78),واژه‌ی جدید,object
به مقررات,71,64,action,وضع مقررات (0.79),واژه‌ی جدید,action
به اعتراض,85,64,action,اعتراض (0.94),alias پیشنهادی برای «اعتراض»,action
زده,84,64,concept,عوض (0.64),واژه‌ی جدید,REMOVE
صادر نشده,68,64,object,غير منقول (0.64),واژه‌ی جدید,object
منصرف از,68,64,action,خودداری (0.70),واژه‌ی جدید,action
خواندگان در,77,64,role,اصحاب دعوی (0.61),واژه‌ی جدید,role
در طلاق,102,64,concept,طلاق (0.84),واژه‌ی جدید,concept
ضمیمه پرونده,81,64,object,پیوست‌نامه (0.74),واژه‌ی جدید,object
نقض قرار,66,64,action,نقض (0.83),واژه‌ی جدید,action
ضربه,155,64,concept,خسارت (0.67),واژه‌ی جدید,concept
با ارائه,80,64,action,پیشنهاد (0.73),واژه‌ی جدید,action
ممنوع,100,64,principle,ممنوعیت (0.86),واژه‌ی جدید,principle
اعلام میدارد,76,64,object,اعلامیه حراج (0.68),واژه‌ی جدید,object
ازابلاغ,65,64,action,ازله (0.63),واژه‌ی جدید,action
موضوع از,64,64,concept,خارج از موضوع (0.73),واژه‌ی جدید,concept
فلذا با,66,64,object,موصى به (0.60),واژه‌ی جدید,object
چهارم دادگاه,97,64,concept,ادله اربعه (0.61),واژه‌ی جدید,concept
تومان از,86,64,object,واحد پول (0.62),واژه‌ی جدید,object
احتمالی,83,64,concept,مظنه (0.74),واژه‌ی جدید,concept
به دفتر,73,64,object,دفترخانه (0.75),واژه‌ی جدید,object
به اعلام,80,64,action,اعلام ورشکستگی (0.69),واژه‌ی جدید,action
زوجه اظهار,85,64,action,تحریر اظهارات (0.64),واژه‌ی جدید,action
تعرفه در,69,64,object,تعرفه (0.77),واژه‌ی جدید,object
اینکه دادگاه,66,64,concept,نظر دادگاه (0.77),واژه‌ی جدید,concept
جری,66,64,concept,حق المجری (0.58),واژه‌ی جدید,REMOVE
انحلال,120,64,action,جداسازی (0.64),واژه‌ی جدید,action
بر طبق,74,64,principle,طبق قانون (0.83),واژه‌ی جدید,principle
به ماده,65,64,action,طی ماده قانونی (0.67),واژه‌ی جدید,action
برادر,93,64,role,جد (0.59),واژه‌ی جدید,role
که عقد,81,64,concept,عقد (0.76),واژه‌ی جدید,concept
وی می,66,64,object,موصى به (0.61),واژه‌ی جدید,REMOVE
خصوصاً,68,64,concept,طی شرایط خاص (0.67),واژه‌ی جدید,concept
دادنامه معترضٌ,71,64,action,اعتراض (0.75),واژه‌ی جدید,action
تولد,166,64,role,کودک (0.67),واژه‌ی جدید,role
به خلع,110,64,action,خلع ید (0.69),واژه‌ی جدید,action
عدول,82,64,concept,عدوان (0.81),واژه‌ی جدید,concept
بابت نفقه,98,64,concept,نفقه (0.83),واژه‌ی جدید,concept
دانگ مشاع,128,64,object,مشاع (0.78),واژه‌ی جدید,object
آمادگی,86,64,object,هزینه‌های آماده‌سازی (0.68),واژه‌ی جدید,object
رای شعبه,70,63,object,رای مشورتی (0.80),واژه‌ی جدید,object
نمودم,83,63,action,تصرف (0.60),واژه‌ی جدید,action
نمایم,87,63,object,نام (0.63),واژه‌ی جدید,object
البین,70,63,object,عین (0.63),واژه‌ی جدید,object
ثبت طلاق,95,63,concept,طلاق (0.85),واژه‌ی جدید,concept
بنابراین دادنامه,63,63,concept,دادرسی (0.66),واژه‌ی جدید,concept
انان,112,63,object,اعیان (0.61),واژه‌ی جدید,object
زیرا اولا,66,63,concept,علت (0.63),واژه‌ی جدید,concept
نمی رسد,68,63,concept,بی‌کفایتی (0.68),واژه‌ی جدید,concept
مطلق,89,63,role,مطلقه (0.83),واژه‌ی جدید,role
از خواسته,76,63,object,طلب (0.75),واژه‌ی جدید,object
به دستور,88,63,object,دستور (0.74),واژه‌ی جدید,object
ابلاغ به,74,63,action,استعلام (0.70),واژه‌ی جدید,action
خواهان اصلی,135,63,role,اصحاب دعوی (0.72),واژه‌ی جدید,role
حسب اظهارات,67,63,principle,طبق قانون (0.69),واژه‌ی جدید,principle
قرارداد به,73,63,object,قرارداد (0.87),alias پیشنهادی برای «قرارداد»,object
به بانک,104,63,object,بانک (0.78),واژه‌ی جدید,object
دادگاه حضوری,64,63,action,ورود به دادگاه (0.75),واژه‌ی جدید,action
آن نمی,65,63,concept,غیرمستقل (0.59),واژه‌ی جدید,REMOVE
دفتر ازدواج,70,63,object,دفتر اسناد رسمی (0.77),واژه‌ی جدید,object
به اداره,98,63,principle,طبق قانون (0.72),واژه‌ی جدید,principle
قرار گرفت,70,63,action,وضع (0.73),واژه‌ی جدید,action
ایرانی,160,63,role,نویسنده (0.63),واژه‌ی جدید,role
فصل,85,63,concept,فصل مشترک (0.79),واژه‌ی جدید,REMOVE
که طرفین,71,63,action,طی تفاهم (0.66),واژه‌ی جدید,action
خیابان,100,63,object,شوارع (0.80),واژه‌ی جدید,object
صادره نسبت,65,63,object,نسبت‌نامه (0.69),واژه‌ی جدید,object
قانون یاد,68,63,object,قانون (0.67),واژه‌ی جدید,object
تعهد به,78,63,concept,تعهد (0.93),alias پیشنهادی برای «تعهد»,concept
هایی,78,63,role,اهل (0.62),واژه‌ی جدید,REMOVE
هذا دادگاه,65,63,action,ورود به دادگاه (0.76),واژه‌ی جدید,action
بتواند,73,63,concept,مظنه (0.63),واژه‌ی جدید,concept
نظر گرفتن,68,63,concept,تصمیم‌گیری (0.74),واژه‌ی جدید,concept
الذکر قطعی,63,63,concept,احکام قطعی (0.73),واژه‌ی جدید,concept
معرفی کرده,70,63,action,پیشنهاد (0.74),واژه‌ی جدید,action
به تهیه,86,63,action,گرفتن (0.68),واژه‌ی جدید,action
وکیل ایشان,70,63,role,وکیل (0.74),واژه‌ی جدید,role
نزاع,103,63,concept,تنازع (0.80),واژه‌ی جدید,concept
آنان در,67,63,role,اهل (0.59),واژه‌ی جدید,role
مشاع از,115,63,object,مشاع (0.86),واژه‌ی جدید,object
بلا,83,63,object,بلاک (0.73),واژه‌ی جدید,REMOVE
پرداخت مهریه,103,63,action,پرداخت (0.69),واژه‌ی جدید,action
مخالفتی,65,63,concept,مخالف (0.86),واژه‌ی جدید,concept
مندرجات آن,65,63,concept,واجد شرایط (0.51),واژه‌ی جدید,concept
باکره,184,63,object,بیعانه (0.57),واژه‌ی جدید,object
نکاحیه شماره,68,63,concept,نکاح (0.75),واژه‌ی جدید,concept
ازدواج با,82,63,concept,ازدواج (0.84),واژه‌ی جدید,concept
می‌باشد،,85,63,principle,طبق قانون (0.64),واژه‌ی جدید,principle
هفتاد,87,63,object,هفتگی (0.68),واژه‌ی جدید,object
از دفتر,68,63,object,دفترخانه (0.76),واژه‌ی جدید,object
زوج می,73,63,concept,ازدواج (0.63),واژه‌ی جدید,concept
العقد,147,63,concept,عقد (0.84),واژه‌ی جدید,concept
سجلی,172,63,action,ثبت (0.74),واژه‌ی جدید,action
دستمزد,97,62,concept,اجرت (0.79),واژه‌ی جدید,concept
ایام عده,145,62,concept,عده (0.81),واژه‌ی جدید,concept
اصلاح ذات,69,62,action,اصلاح ذات‌البین (0.86),واژه‌ی جدید,action
زوج بوده,67,62,concept,ازدواج (0.69),واژه‌ی جدید,concept
مرحله بدوی,68,62,concept,روند دادرسی (0.55),واژه‌ی جدید,concept
که بدون,67,62,concept,غیرمستقل (0.62),واژه‌ی جدید,concept
دادنامه فرجامخواسته,90,62,object,دادخواست (0.69),واژه‌ی جدید,object
مابه,94,62,object,موهوبه (0.71),واژه‌ی جدید,object
التفاوت,103,62,concept,تمایز (0.78),واژه‌ی جدید,concept
اعلامی از,70,62,object,اعلامیه حراج (0.71),واژه‌ی جدید,object
نماید در,67,62,principle,لحاظ (0.64),واژه‌ی جدید,REMOVE
ومواد,66,62,object,عقار (0.66),واژه‌ی جدید,object
اول از,72,62,concept,خارج از موضوع (0.57),واژه‌ی جدید,REMOVE
اینکه طبق,64,62,principle,طبق قانون (0.85),واژه‌ی جدید,principle
بدان,75,62,concept,عرف (0.59),واژه‌ی جدید,concept
بدوی اعاده,65,62,action,اعاده حیثیت (0.71),واژه‌ی جدید,action
الله,71,62,concept,دین (0.61),واژه‌ی جدید,concept
اختلاف به,70,62,concept,اختلاف (0.93),alias پیشنهادی برای «اختلاف»,concept
را مسترد,69,62,action,انکار (0.76),واژه‌ی جدید,action
مدرک قانع,62,62,object,مدرک (0.75),واژه‌ی جدید,object
نکرده اند,74,62,concept,غیرمستند (0.64),واژه‌ی جدید,concept
اند،,88,62,role,اهل (0.60),واژه‌ی جدید,role
قانونی خود,73,62,principle,قانونی (0.84),واژه‌ی جدید,principle
اعطای,76,62,action,حصول (0.78),واژه‌ی جدید,action
در حدود,81,62,action,تعیین حدود (0.72),واژه‌ی جدید,action
پرونده حاضر,72,62,object,پرونده (0.82),واژه‌ی جدید,object
معاونت,157,62,action,پشتیبانی (0.66),واژه‌ی جدید,action
مشروع,86,62,concept,مشروعیت (0.72),واژه‌ی جدید,concept
دولتی,104,62,role,دولت (0.84),واژه‌ی جدید,role
موضوع رسیدگی,73,62,action,رسیدگی (0.91),alias پیشنهادی برای «رسیدگی»,action
پرداخت کرده,75,62,action,پرداخت (0.85),واژه‌ی جدید,action
دادنامه غیابی,86,62,concept,غیابی (0.76),واژه‌ی جدید,concept
دعوا صادر,76,62,object,دادخواست (0.73),واژه‌ی جدید,object
استان می,65,62,role,شهرداری (0.56),واژه‌ی جدید,role
قابل طرح,73,62,concept,قابل اجرا بودن (0.76),واژه‌ی جدید,concept
مال غیر,95,62,action,فروش مال غیر (0.84),واژه‌ی جدید,action
دیده,102,62,role,بزه‌دیده (0.71),واژه‌ی جدید,role
که دادنامه,68,62,concept,دادرسی (0.68),واژه‌ی جدید,concept
در محتویات,65,62,role,مضمون (0.66),واژه‌ی جدید,role
در موعد,83,62,principle,طبق قانون (0.68),واژه‌ی جدید,principle
اظهار می,116,62,object,اظهارنامه (0.79),واژه‌ی جدید,object
دانگ از,111,62,role,ديان (0.53),واژه‌ی جدید,role
اشاره به,70,62,action,ارجاع (0.74),واژه‌ی جدید,action
مسموع,71,62,action,گوش به زنگ بودن (0.69),واژه‌ی جدید,action
الزام زوج,88,62,action,الزام (0.74),واژه‌ی جدید,action
مخالف قانون,65,62,concept,خلاف قانونی (0.87),alias پیشنهادی برای «خلاف قانونی»,concept
دادند,81,62,action,پرداخت (0.69),واژه‌ی جدید,action
خواهان مدعی,70,62,role,مدعی (0.85),واژه‌ی جدید,role
شعبه هفتم,113,62,object,شعبه دادگاه (0.70),واژه‌ی جدید,object
ماشین,146,62,object,وسائل نقلیه (0.74),واژه‌ی جدید,object
کارهایی,93,62,object,شغل (0.65),واژه‌ی جدید,object
از شهود,82,62,object,شواهد (0.75),واژه‌ی جدید,object
دانستن اعتراض,62,62,action,اعتراض (0.78),واژه‌ی جدید,action
الزام زوجه,79,62,role,متهم (0.63),واژه‌ی جدید,role
پایه یک,77,62,object,واحد پول (0.61),واژه‌ی جدید,object
قانونی را,72,62,principle,قانونی (0.85),واژه‌ی جدید,principle
دلائل موجود,62,62,object,دلایل توجیهی (0.83),واژه‌ی جدید,object
عمومی جزایی,92,61,principle,حقوق عمومی (0.66),واژه‌ی جدید,principle
جهت تعیین,71,61,concept,حق تعیین (0.70),واژه‌ی جدید,concept
درخواست اعاده,134,61,action,استرداد (0.79),واژه‌ی جدید,action
همسرش خانم,62,61,concept,شخص (0.63),واژه‌ی جدید,concept
رسیدگی مورخ,69,61,action,رسیدگی (0.85),واژه‌ی جدید,action
می کنم,86,61,action,پیشنهاد (0.66),واژه‌ی جدید,action
دفاتر رسمی,69,61,object,دفتر اسناد رسمی (0.79),واژه‌ی جدید,object
پرداخت حق,78,61,action,پرداخت (0.84),واژه‌ی جدید,action
در ان,92,61,principle,طبق قانون (0.62),واژه‌ی جدید,principle
طرفیت اقای,71,61,action,پشتیبانی (0.65),واژه‌ی جدید,action
بین خواهان,69,61,role,اصحاب دعوی (0.65),واژه‌ی جدید,role
تحقیق از,77,61,action,پژوهش (0.69),واژه‌ی جدید,action
از استماع,74,61,action,گوش به زنگ بودن (0.74),واژه‌ی جدید,action
در برگ,123,61,object,یادداشت (0.60),واژه‌ی جدید,object
تأکید,69,61,action,تأیید (0.68),واژه‌ی جدید,action
بلاوجه,68,61,concept,بلاعوض (0.70),واژه‌ی جدید,concept
ابرازی صحیحاً,61,61,action,خوداظهاری (0.70),واژه‌ی جدید,action
گردد لذا,64,61,concept,سبب (0.59),واژه‌ی جدید,REMOVE
ثانی,70,61,role,ثالث (0.61),واژه‌ی جدید,role
مالکیت خواهان,87,61,concept,مالکیت (0.77),واژه‌ی جدید,concept
دعوی تقابل,170,61,action,اقامه دعوی (0.76),واژه‌ی جدید,action
موکل از,75,61,role,متهم (0.71),واژه‌ی جدید,role
پیرو,65,61,role,پیک (0.54),واژه‌ی جدید,role
دادنامه مزبور,66,61,role,متهم (0.67),واژه‌ی جدید,role
دادسرا,91,61,concept,دادرسی (0.82),واژه‌ی جدید,concept
شرحی,68,61,action,گزارش‌گیری (0.62),واژه‌ی جدید,action
خطاب به,107,61,action,طی نامه (0.66),واژه‌ی جدید,action
معامله در,81,61,object,معامله (0.88),alias پیشنهادی برای «معامله»,object
صادق,66,61,concept,صادق بودن (0.76),واژه‌ی جدید,concept
برابر مقررات,71,61,action,وضع مقررات (0.69),واژه‌ی جدید,action
ترافع,90,61,concept,ترصيف (0.71),واژه‌ی جدید,concept
خوانده بوده,66,61,action,گوش به زنگ بودن (0.66),واژه‌ی جدید,action
دعوی اصلی,135,61,concept,دعوی (0.81),واژه‌ی جدید,concept
اجاره نامه,120,61,object,عقد اجاره (0.83),واژه‌ی جدید,object
در تبصره,79,61,object,تبصره (0.91),alias پیشنهادی برای «تبصره»,object
باشم,77,61,concept,ذمه (0.58),واژه‌ی جدید,concept
واقعه,113,61,object,قضیه (0.75),واژه‌ی جدید,object
دارا,68,61,concept,زنا (0.56),واژه‌ی جدید,concept
از ملک,97,61,object,فرع ملک (0.69),واژه‌ی جدید,object
جزء پلاک,91,61,object,پلاک (0.81),واژه‌ی جدید,object
منعقده,77,61,object,موقوفه (0.64),واژه‌ی جدید,object
ریال وجه,87,61,object,وجه (0.69),واژه‌ی جدید,object
اقامه شده,75,61,action,اقامه دعوی (0.75),واژه‌ی جدید,action
دادگاه می,66,61,role,رئیس دادگاه (0.66),واژه‌ی جدید,role
داور زوجه,72,61,action,داوری (0.65),واژه‌ی جدید,action
دادگاه دادنامه,64,61,concept,دادرسی (0.75),واژه‌ی جدید,concept
ملک موصوف,74,61,role,موصی (0.65),واژه‌ی جدید,role
رد تجدیدنظر,62,61,concept,تجدیدنظر (0.86),واژه‌ی جدید,concept
سه میلیون,97,61,concept,ثلث (0.65),واژه‌ی جدید,concept
مدلول دادنامه,61,61,object,وکالت‌نامه (0.66),واژه‌ی جدید,object
در مجموع,68,61,principle,طبق قانون (0.64),واژه‌ی جدید,principle
حالت,90,61,action,وضع (0.70),واژه‌ی جدید,action
طرفیت همسرش,62,61,concept,نفقه (0.59),واژه‌ی جدید,concept
مذکور ضمن,62,61,action,طی آگهی (0.68),واژه‌ی جدید,action
شرعاً,87,61,principle,طبق قانون (0.79),واژه‌ی جدید,principle
منزل را,82,60,action,ورود به ملک (0.63),واژه‌ی جدید,action
ذات البین,67,60,action,اصلاح ذات‌البین (0.75),واژه‌ی جدید,action
در یکی,73,60,concept,طی شرایط خاص (0.64),واژه‌ی جدید,concept
قانونی تشخیص,61,60,principle,قانونی (0.77),واژه‌ی جدید,principle
تکذیب,68,60,action,نشر اکاذیب (0.77),واژه‌ی جدید,action
دقیق,71,60,action,جدیت (0.65),واژه‌ی جدید,action
حضور نیافته,64,60,action,عدم حضور (0.83),واژه‌ی جدید,action
سررسید,123,60,object,قبض رسید (0.71),واژه‌ی جدید,object
خور,66,60,role,مالک (0.60),واژه‌ی جدید,REMOVE
در مطالبه,72,60,object,طلب (0.72),واژه‌ی جدید,object
احتساب هزینه,68,60,object,هزینه (0.82),واژه‌ی جدید,object
حق تجدیدنظرخوانده,60,60,concept,تجدیدنظر (0.81),واژه‌ی جدید,concept
به تجدیدنظرخوانده,67,60,concept,تجدیدنظر (0.85),واژه‌ی جدید,concept
فعلاً,76,60,concept,صادق بودن (0.65),واژه‌ی جدید,concept
برابر دادنامه,83,60,action,طی روند دادرسی (0.71),واژه‌ی جدید,action
به شخص,71,60,concept,شخص (0.90),alias پیشنهادی برای «شخص»,concept
سوی دیگر,67,60,role,بی‌طرف (0.60),واژه‌ی جدید,role
به صلاحیت,87,60,concept,صلاحیت (0.88),alias پیشنهادی برای «صلاحیت»,concept
رعایت تشریفات,61,60,principle,رعایت قانون (0.78),واژه‌ی جدید,principle
دادرس شعبه,65,60,object,شعبه دادگاه (0.74),واژه‌ی جدید,object
آتی,66,60,object,اعیانی (0.64),واژه‌ی جدید,REMOVE
مجری,69,60,role,مجری حکم (0.73),واژه‌ی جدید,role
خواسته که,70,60,object,طلب (0.70),واژه‌ی جدید,object
با پرداخت,68,60,action,پرداخت (0.86),واژه‌ی جدید,action
با ارسال,63,60,action,طی نامه (0.69),واژه‌ی جدید,action
تخریب,119,60,concept,خسارت (0.79),واژه‌ی جدید,concept
شلاق,121,60,concept,خشونت (0.68),واژه‌ی جدید,concept
مستقر,79,60,principle,ثبات (0.76),واژه‌ی جدید,principle
ملک مذکور,70,60,concept,شخص (0.62),واژه‌ی جدید,concept
ان در,78,60,principle,طبق قانون (0.59),واژه‌ی جدید,principle
دادگاه قطعی,61,60,concept,احکام قطعی (0.84),واژه‌ی جدید,concept
واز,66,60,concept,زور (0.63),واژه‌ی جدید,REMOVE
ازابلاغ قابل,61,60,action,استعلام (0.63),واژه‌ی جدید,action
به بررسی,60,60,action,بررسی (0.88),alias پیشنهادی برای «بررسی»,action
هـ,97,60,concept,هبه (0.79),واژه‌ی جدید,REMOVE
که دعوی,63,60,concept,دعوی (0.79),واژه‌ی جدید,concept
مشتمل,67,60,role,مضمون (0.62),واژه‌ی جدید,role
مستنداٌ,79,60,object,مستندات (0.74),واژه‌ی جدید,object
اجرای آن,68,60,concept,قابل اجرا بودن (0.73),واژه‌ی جدید,concept
قبال طلاق,99,60,concept,طلاق (0.76),واژه‌ی جدید,concept
سوی وکیل,77,60,role,وکیل (0.83),واژه‌ی جدید,role
مذکور که,68,60,principle,لحاظ (0.63),واژه‌ی جدید,principle
تهران خواهد,64,60,concept,تمایل (0.59),واژه‌ی جدید,concept
محکومیت به,71,60,concept,به‌محکومیت (0.94),alias پیشنهادی برای «به‌محکومیت»,concept
مدارکی,69,60,object,مدرک (0.73),واژه‌ی جدید,object
مدعی شده,66,60,role,مدعی (0.86),واژه‌ی جدید,role
پیش گفته,72,60,action,پیش‌گویی (0.77),واژه‌ی جدید,action
پنجم دادگاه,107,60,concept,خمس (0.66),واژه‌ی جدید,concept
اینکه اولاً,61,60,principle,پیش‌فرض (0.61),واژه‌ی جدید,principle
کرده ام,73,60,object,یادداشت (0.57),واژه‌ی جدید,object
نخواهد داشت,69,60,action,عدم حضور (0.66),واژه‌ی جدید,action
فک,176,60,action,فک رهن (0.78),واژه‌ی جدید,REMOVE
خوانده که,64,60,role,موصی له (0.61),واژه‌ی جدید,role
متوفی,175,60,concept,موقوف (0.69),واژه‌ی جدید,concept
امام,83,60,object,وام (0.64),واژه‌ی جدید,object
ملک در,73,60,action,ورود به ملک (0.77),واژه‌ی جدید,action
اشکال صادر,60,60,concept,نقص (0.66),واژه‌ی جدید,concept
برگشت,117,60,action,بازیابی (0.69),واژه‌ی جدید,action
رأی ظرف,61,60,object,رأی (0.81),واژه‌ی جدید,object
مسئله,93,60,object,قضیه (0.79),واژه‌ی جدید,object
مخدر,200,60,object,عقار (0.75),واژه‌ی جدید,object
منزلی,68,60,concept,شخص (0.55),واژه‌ی جدید,concept
خسارات وارده,81,59,concept,خسارت وارده (0.91),alias پیشنهادی برای «خسارت وارده»,concept
توجها به,66,59,principle,احتیاط (0.72),واژه‌ی جدید,principle
شناسایی,77,59,action,احراز هویت (0.78),واژه‌ی جدید,action
پرداخت می,69,59,action,پرداخت (0.87),واژه‌ی جدید,action
اند در,69,59,role,اهل (0.61),واژه‌ی جدید,REMOVE
که نامبرده,62,59,role,موقوف علیه (0.66),واژه‌ی جدید,role
وی بوده,68,59,concept,شخص (0.64),واژه‌ی جدید,REMOVE
رسیدگی نموده,68,59,action,رسیدگی (0.88),alias پیشنهادی برای «رسیدگی»,action
رسیدگی می,63,59,action,رسیدگی (0.89),alias پیشنهادی برای «رسیدگی»,action
گواهی گواهان,80,59,object,گواهی (0.89),alias پیشنهادی برای «گواهی»,object
فراهم سازد,60,59,concept,ایجاد تعهد (0.71),واژه‌ی جدید,concept
انضمام کلیه,66,59,object,کلیه (0.69),واژه‌ی جدید,object
یوسف,66,59,action,عید (0.51),واژه‌ی جدید,action
طرح در,75,59,action,پیشنهاد (0.63),واژه‌ی جدید,action
درخواست تجدیدنظر,63,59,concept,تجدیدنظر (0.90),alias پیشنهادی برای «تجدیدنظر»,concept
موجب ان,64,59,concept,سبب (0.78),واژه‌ی جدید,concept
متفاوت,70,59,concept,اختلاف (0.71),واژه‌ی جدید,concept
درحق خواهان,64,59,role,صاحب‌حق (0.74),واژه‌ی جدید,role
که حکم,66,59,object,حکم (0.78),واژه‌ی جدید,object
را دریافت,69,59,action,وصول (0.74),واژه‌ی جدید,action
نمیباشد,76,59,action,نفی (0.67),واژه‌ی جدید,action
ضمنی,61,59,concept,غیرمستقیم (0.71),واژه‌ی جدید,concept
لیکن در,70,59,role,ولی (0.63),واژه‌ی جدید,role
صوری,179,59,object,تصویر (0.67),واژه‌ی جدید,object
هردو,67,59,object,هفتگی (0.55),واژه‌ی جدید,object
رضایی,61,59,role,قضائیه (0.57),واژه‌ی جدید,role
مشتمل بر,65,59,role,مضمون (0.68),واژه‌ی جدید,role
معنای,78,59,concept,تعریف (0.79),واژه‌ی جدید,concept
تمسک,69,59,concept,تملیک (0.74),واژه‌ی جدید,concept
نمی نماید,65,59,concept,غیرمنتفع (0.65),واژه‌ی جدید,REMOVE
مجتبی,63,59,role,قاضی (0.57),واژه‌ی جدید,role
استمرار,80,59,principle,ثبات (0.67),واژه‌ی جدید,principle
اظهارات وکلای,61,59,concept,نظر کارشناسان حقوقی (0.76),واژه‌ی جدید,concept
کیفیت مطروحه,60,59,action,ارزیابی (0.59),واژه‌ی جدید,action
اصولاً,70,59,principle,پیش‌فرض (0.66),واژه‌ی جدید,principle
وسایل,78,59,object,لوازم (0.88),alias پیشنهادی برای «لوازم»,object
خوانده محترم,76,59,role,مخاطب (0.67),واژه‌ی جدید,role
باطل است,81,59,concept,باطل (0.90),alias پیشنهادی برای «باطل»,concept
رسمی ملک,80,59,action,ورود به ملک (0.66),واژه‌ی جدید,action
صورت مجلس,90,59,object,صورت‌مجلس تفکیکی (0.75),واژه‌ی جدید,object
نیز ایراد,59,59,concept,هم‌راهی (0.60),واژه‌ی جدید,concept
خارجی,117,59,concept,خارج از قلمرو (0.70),واژه‌ی جدید,concept
با عدم,76,59,action,عدم حضور (0.71),واژه‌ی جدید,action
نامه مذکور,74,59,action,طی نامه (0.75),واژه‌ی جدید,action
الوصف,62,59,action,ارزیابی (0.66),واژه‌ی جدید,action
در قانون,77,59,principle,طبق قانون (0.84),واژه‌ی جدید,principle
دو ماه,78,59,concept,بلاتکلیفی (0.55),واژه‌ی جدید,concept
درصورتی,68,59,principle,فقط در صورت (0.79),واژه‌ی جدید,principle
فرع,73,59,object,فرع ملک (0.83),واژه‌ی جدید,REMOVE
خلاف آن,64,59,concept,خلاف (0.83),واژه‌ی جدید,concept
اقتضاء,65,59,object,طلب (0.69),واژه‌ی جدید,object
مواد مخدر,198,59,object,عقار (0.71),واژه‌ی جدید,object
شعبه ششم,87,59,object,شعبه دادگاه (0.71),واژه‌ی جدید,object
رسا,60,59,role,راشی (0.59),واژه‌ی جدید,REMOVE
نجفی رسا,60,59,role,شفیع (0.49),واژه‌ی جدید,role
به کار,88,58,object,شغل (0.68),واژه‌ی جدید,object
پلیس,117,58,action,گشت پلیس (0.73),واژه‌ی جدید,action
از طی,67,58,action,طی نامه (0.76),واژه‌ی جدید,action
مطالبی,77,58,role,مضمون (0.64),واژه‌ی جدید,role
مغایرتی,65,58,concept,مغایرت (0.92),alias پیشنهادی برای «مغایرت»,concept
رای به,72,58,object,رأی (0.83),واژه‌ی جدید,object
باشد دادگاه,63,58,action,ورود به دادگاه (0.73),واژه‌ی جدید,action
حاصل از,77,58,action,حصول (0.68),واژه‌ی جدید,action
ورشکستگی,317,58,action,اعلام ورشکستگی (0.81),واژه‌ی جدید,action
خوانده،,67,58,action,گذراندن (0.63),واژه‌ی جدید,action
معموله,79,58,concept,لازمه (0.61),واژه‌ی جدید,concept
عدم ارائه,62,58,action,عدم حضور (0.82),واژه‌ی جدید,action
تجدیدنظرخوانده صادر,60,58,object,رای تجدیدنظر (0.77),واژه‌ی جدید,object
مازاد بر,84,58,concept,زیادتی هزینه‌ها (0.66),واژه‌ی جدید,concept
بگیرد,61,58,action,گرفتن (0.82),واژه‌ی جدید,action
اند لذا,60,58,concept,سبب (0.61),واژه‌ی جدید,REMOVE
مشارکت در,130,58,concept,مشارکت (0.93),alias پیشنهادی برای «مشارکت»,concept
موکل خود,72,58,concept,شخص (0.71),واژه‌ی جدید,concept
دفاعیات وکیل,61,58,object,دفاعیات (0.88),alias پیشنهادی برای «دفاعیات»,object
مادرش,95,58,role,والدین (0.69),واژه‌ی جدید,role
مالی زوجه,86,58,concept,وضعیت مالی (0.69),واژه‌ی جدید,concept
با زوج,73,58,concept,ازدواج (0.67),واژه‌ی جدید,concept
جملگی,69,58,object,هفتگی (0.66),واژه‌ی جدید,object
در حین,72,58,action,طی روند دادرسی (0.81),واژه‌ی جدید,action
بوده به,58,58,principle,لحاظ (0.59),واژه‌ی جدید,principle
دادگاه اعتراض,61,58,concept,حق اعتراض (0.83),واژه‌ی جدید,concept
مستأجر,186,58,object,عقد اجاره (0.71),واژه‌ی جدید,object
راضی,72,58,action,رد (0.63),واژه‌ی جدید,action
عرصه,136,58,principle,محیط (0.65),واژه‌ی جدید,principle
به گواهی,63,58,object,گواهی (0.80),واژه‌ی جدید,object
از گذشت,65,58,action,گذراندن (0.69),واژه‌ی جدید,action
قانونی که,63,58,principle,قانونی (0.75),واژه‌ی جدید,principle
زمره,76,58,concept,زمره جرایم (0.78),واژه‌ی جدید,concept
در تصرف,77,58,action,تصرف (0.80),واژه‌ی جدید,action
تبع,73,58,role,تبعه (0.80),واژه‌ی جدید,REMOVE
در غیر,62,58,concept,غیرازموارد (0.72),واژه‌ی جدید,concept
قدر,64,58,concept,قدر متقین (0.74),واژه‌ی جدید,REMOVE
اجراء,70,58,concept,اطلاق (0.76),واژه‌ی جدید,concept
در ایام,100,58,concept,طی شرایط خاص (0.71),واژه‌ی جدید,concept
پدری,84,58,role,والدین (0.63),واژه‌ی جدید,role
علل,60,58,concept,علت (0.87),واژه‌ی جدید,REMOVE
انطباق ندارد,59,58,concept,اختلاف (0.68),واژه‌ی جدید,concept
شما,154,58,concept,شخص (0.55),واژه‌ی جدید,REMOVE
ای بر,60,58,object,برات (0.61),واژه‌ی جدید,object
دیگران,72,58,role,اشخاص حقیقی (0.68),واژه‌ی جدید,role
ید از,115,58,action,خلع ید (0.74),واژه‌ی جدید,action
همین قانون,60,58,principle,طبق قانون (0.72),واژه‌ی جدید,principle
پرونده می,64,58,object,پرونده (0.75),واژه‌ی جدید,object
قبول ندارم,114,58,action,انکار (0.76),واژه‌ی جدید,action
بر وجود,62,58,principle,طبق قانون (0.62),واژه‌ی جدید,principle
لذا اعتراض,58,58,action,اعتراض (0.81),واژه‌ی جدید,action
نماید لذا,59,58,concept,سبب (0.62),واژه‌ی جدید,REMOVE
فوری,89,58,role,مباشر (0.66),واژه‌ی جدید,role
خواسته فسخ,70,58,action,فسخ (0.84),واژه‌ی جدید,action
نکاح را,81,58,concept,نکاح (0.85),واژه‌ی جدید,concept
قرار ردّ,80,58,action,قرار (0.72),واژه‌ی جدید,action
لغایت صدور,82,58,action,صادر کردن حکم (0.68),واژه‌ی جدید,action
خسارت به,76,57,concept,خسارت (0.95),alias پیشنهادی برای «خسارت»,concept
دادگاه اعلام,73,57,concept,نظر دادگاه (0.73),واژه‌ی جدید,concept
تکرار مطالب,66,57,action,یادآوری (0.68),واژه‌ی جدید,action
ناحیه زوجه,64,57,object,محل (0.59),واژه‌ی جدید,object
موصوف در,66,57,role,موصی له (0.73),واژه‌ی جدید,role
صالح به,71,57,concept,صالح بودن (0.77),واژه‌ی جدید,concept
اختلاف می,57,57,concept,اختلاف (0.91),alias پیشنهادی برای «اختلاف»,concept
بقاء,68,57,action,حفظ (0.69),واژه‌ی جدید,action
بوکالت از,91,57,action,احاله (0.56),واژه‌ی جدید,action
تأدیه از,79,57,action,تقیید (0.63),واژه‌ی جدید,action
دفتر دادگاه,75,57,object,دفتر روزنامه (0.77),واژه‌ی جدید,object
این حکم,70,57,action,صادر کردن حکم (0.72),واژه‌ی جدید,action
صادرواعلام می,62,57,action,صادر کردن گواهی (0.70),واژه‌ی جدید,action
دخالت,79,57,concept,مداخله (0.85),واژه‌ی جدید,concept
دعوی الزام,67,57,concept,دعوی (0.89),alias پیشنهادی برای «دعوی»,concept
هریک از,68,57,principle,طبق قانون (0.56),واژه‌ی جدید,principle
منتخب دادگاه,71,57,role,رئیس دادگاه (0.64),واژه‌ی جدید,role
درجه,88,57,concept,حد (0.70),واژه‌ی جدید,concept
انتسابی,85,57,concept,صحت انتساب (0.75),واژه‌ی جدید,concept
مرکز استان,62,57,object,محل (0.60),واژه‌ی جدید,object
آزاد,82,57,concept,حریت (0.75),واژه‌ی جدید,concept
مصرف,103,57,action,استعمال (0.81),واژه‌ی جدید,action
پرداخت دیه,93,57,action,پرداخت (0.76),واژه‌ی جدید,action
خواهان وارد,63,57,action,ورود به دادگاه (0.76),واژه‌ی جدید,action
دریافتی,86,57,action,وصول (0.78),واژه‌ی جدید,action
طرفین ابلاغ,75,57,role,مخاطب (0.69),واژه‌ی جدید,role
هم عرض,79,57,concept,هم‌راهی (0.75),واژه‌ی جدید,concept
همدیگر,64,57,action,همکاری (0.68),واژه‌ی جدید,action
زمان عقد,85,57,object,عقد ازدواج (0.79),واژه‌ی جدید,object
هیچ وجه,73,57,concept,غیرقابل اعمال (0.64),واژه‌ی جدید,concept
مستنداٌ به,76,57,principle,طبق قانون (0.74),واژه‌ی جدید,principle
وعدم,61,57,concept,نبود صلاحیت (0.67),واژه‌ی جدید,concept
انضمام خسارت,69,57,action,جبران خسارت (0.76),واژه‌ی جدید,action
مدت اعتبار,61,57,action,اعاده اعتبار (0.66),واژه‌ی جدید,action
مطالبه مهریه,103,57,action,اقامه دعوی (0.69),واژه‌ی جدید,action
مورد ترافع,86,57,concept,ترصيف (0.64),واژه‌ی جدید,concept
قرارداد مذکور,74,57,object,قرارداد (0.79),واژه‌ی جدید,object
جدایی,75,57,action,جداسازی (0.79),واژه‌ی جدید,action
به ادامه,69,57,object,موصى به (0.69),واژه‌ی جدید,object
جری تشریفات,59,57,concept,صدمات جانی (0.54),واژه‌ی جدید,concept
که نسبت,61,57,concept,نسبت (0.83),واژه‌ی جدید,concept
در فرجه,60,57,action,فرجام (0.64),واژه‌ی جدید,action
دادنامه اعتراض,58,57,action,اعتراض (0.77),واژه‌ی جدید,action
خوانده مبنی,60,57,principle,لحاظ (0.61),واژه‌ی جدید,principle
این شرط,91,57,concept,شرط (0.79),واژه‌ی جدید,concept
موضوع مبایعه,74,57,object,مبایعه‌نامه (0.75),واژه‌ی جدید,object
چگونه,68,57,action,نحوه رسیدگی (0.67),واژه‌ی جدید,action
که وی,68,57,role,موصی له (0.59),واژه‌ی جدید,role
حاضرم,83,57,object,رسید (0.66),واژه‌ی جدید,object
ناحیه زوج,76,57,object,محل (0.56),واژه‌ی جدید,object
به مستندات,60,57,object,مستندات (0.81),واژه‌ی جدید,object
اعتراض وارد,58,57,action,اعتراض (0.90),alias پیشنهادی برای «اعتراض»,action
تحقق شرط,90,57,concept,شرط (0.81),واژه‌ی جدید,concept
رأی موضوع,60,57,object,رأی (0.86),واژه‌ی جدید,object
بدوی بر,57,57,object,برات (0.60),واژه‌ی جدید,object
ایحال,58,56,action,ایقاع (0.68),واژه‌ی جدید,action
فعالیت,115,56,action,تصرف (0.73),واژه‌ی جدید,action
اعلام نظر,68,56,action,پیشنهاد (0.76),واژه‌ی جدید,action
علی ایحال,58,56,action,ایفاء (0.60),واژه‌ی جدید,action
از اعتراض,61,56,action,اعتراض (0.92),alias پیشنهادی برای «اعتراض»,action
عدم وجود,70,56,action,عدم حضور (0.87),واژه‌ی جدید,action
عبارت دیگر,62,56,object,یادداشت (0.62),واژه‌ی جدید,object
انطباق با,57,56,concept,ارتفاق (0.67),واژه‌ی جدید,concept
ازدواج دائم,75,56,concept,ازدواج (0.76),واژه‌ی جدید,concept
موجه نمی,58,56,concept,غیرقابل اثبات (0.67),واژه‌ی جدید,concept
او در,71,56,role,موصی له (0.63),واژه‌ی جدید,REMOVE
در فوق,65,56,concept,خارج از موضوع (0.70),واژه‌ی جدید,concept
صحت ادعای,64,56,concept,ادعا (0.79),واژه‌ی جدید,concept
رسیدگی های,58,56,action,رسیدگی (0.91),alias پیشنهادی برای «رسیدگی»,action
قدرت,86,56,principle,حاکمیت (0.69),واژه‌ی جدید,principle
در مالکیت,72,56,concept,مالکیت (0.85),واژه‌ی جدید,concept
اظهارات شهود,86,56,object,شهادت کتبی (0.76),واژه‌ی جدید,object
که مقرر,57,56,action,برآورد (0.65),واژه‌ی جدید,action
با ردّ,61,56,action,رد (0.81),واژه‌ی جدید,action
ثبت در,71,56,action,ثبت (0.90),alias پیشنهادی برای «ثبت»,action
مصرح,62,56,object,یادداشت (0.68),واژه‌ی جدید,object
احصاء,63,56,concept,وضعیت اقتصادی (0.67),واژه‌ی جدید,concept
نپذیرفته,59,56,action,نفی (0.71),واژه‌ی جدید,action
اشتغال ذمه,65,56,concept,ذمه (0.82),واژه‌ی جدید,concept
تشکیل شده,83,56,action,تأسیس (0.67),واژه‌ی جدید,action
رای وحدت,84,56,object,رای مشورتی (0.77),واژه‌ی جدید,object
اصداری از,59,56,concept,اصیل (0.62),واژه‌ی جدید,concept
دادنامه قطعی,64,56,concept,احکام قطعی (0.78),واژه‌ی جدید,concept
بنای,95,56,action,تأسیس (0.60),واژه‌ی جدید,action
اداره کل,88,56,object,دفتر کل (0.84),واژه‌ی جدید,object
را مطابق,59,56,principle,طبق قانون (0.78),واژه‌ی جدید,principle
ضمنا,63,56,concept,غیرمستقیم (0.67),واژه‌ی جدید,concept
درجلسه,66,56,object,جلسه (0.85),واژه‌ی جدید,object
بدنی,105,56,concept,جزای بدنی (0.73),واژه‌ی جدید,concept
در نقض,58,56,action,نقض (0.88),alias پیشنهادی برای «نقض»,action
داوری را,60,56,action,داوری (0.86),واژه‌ی جدید,action
عینا تایید,56,56,action,تأیید (0.81),واژه‌ی جدید,action
ماحصل,60,56,concept,علت (0.63),واژه‌ی جدید,concept
غیر موجه,57,56,concept,غیرقابل اثبات (0.80),واژه‌ی جدید,concept
تهران صادر,61,56,role,صادرکننده (0.60),واژه‌ی جدید,role
بابت خسارت,86,56,concept,خسارت (0.85),واژه‌ی جدید,concept
نقض رای,67,56,action,نقض (0.79),واژه‌ی جدید,action
قانونی از,59,56,principle,قانونی (0.86),واژه‌ی جدید,principle
مابین طرفین,61,56,action,طی تفاهم (0.72),واژه‌ی جدید,action
دادگستری به,64,56,role,واحد دادگستری (0.75),واژه‌ی جدید,role
کما,68,56,concept,منقص (0.55),واژه‌ی جدید,REMOVE
متصرف,94,56,action,تصرف (0.81),واژه‌ی جدید,action
وی نیز,58,56,concept,هم‌راهی (0.63),واژه‌ی جدید,concept
درب,106,56,concept,حجب (0.62),واژه‌ی جدید,REMOVE
نفقه فرزند,110,56,concept,نفقه (0.77),واژه‌ی جدید,concept
به ترتیب,69,56,principle,طبق قانون (0.67),واژه‌ی جدید,principle
از ایراد,59,56,concept,خارج از موضوع (0.63),واژه‌ی جدید,concept
شهریار,143,56,concept,خیار (0.69),واژه‌ی جدید,concept
هفتم دادگاه,96,56,action,ورود به دادگاه (0.60),واژه‌ی جدید,action
دادگاه بنا,56,56,role,رئیس دادگاه (0.65),واژه‌ی جدید,role
زوجه که,70,56,concept,نفقه (0.60),واژه‌ی جدید,concept
تفهیم,113,56,action,تسهیم (0.72),واژه‌ی جدید,action
انصاری,62,56,object,اعیانی (0.52),واژه‌ی جدید,object
شقوق مندرج,56,56,concept,منقطع (0.62),واژه‌ی جدید,concept
فرزندش,82,56,role,کودک (0.70),واژه‌ی جدید,role
از من,79,56,concept,خارج از موضوع (0.67),واژه‌ی جدید,concept
رفت,92,56,object,رسید (0.67),واژه‌ی جدید,REMOVE
متخصص,76,56,role,مشاور (0.67),واژه‌ی جدید,role
رأی می‌دهد,58,56,object,رأی (0.77),واژه‌ی جدید,object
قصد تبرع,132,56,concept,تبرع (0.90),alias پیشنهادی برای «تبرع»,concept
مهریه خود,86,56,object,ارثیه (0.62),واژه‌ی جدید,object
مستندات رأی,56,56,object,مستندات (0.75),واژه‌ی جدید,object
تنصیف,162,55,action,تنفیذ (0.70),واژه‌ی جدید,action
اعلام اینکه,75,55,action,اعلام ورشکستگی (0.71),واژه‌ی جدید,action
داوران در,65,55,action,داوری (0.79),واژه‌ی جدید,action
ان به,71,55,object,موصى به (0.58),واژه‌ی جدید,object
وکیل به,71,55,role,وکیل (0.86),واژه‌ی جدید,role
دائم بین,59,55,concept,عقد معلق (0.61),واژه‌ی جدید,concept
مبالغ,70,55,object,هزینه (0.75),واژه‌ی جدید,object
از قرارداد,68,55,object,قرارداد (0.85),واژه‌ی جدید,object
رد فرجام,57,55,action,فرجام (0.75),واژه‌ی جدید,action
در مواد,71,55,principle,طبق قانون (0.64),واژه‌ی جدید,principle
تادیه از,84,55,action,تقیید (0.60),واژه‌ی جدید,action
فنی,81,55,concept,فنی بودن دعوی (0.68),واژه‌ی جدید,REMOVE
نسخه,68,55,object,نمونه (0.66),واژه‌ی جدید,object
به ذکر,64,55,action,ذکر (0.84),واژه‌ی جدید,action
انجام دهد,58,55,concept,ایجاد تعهد (0.72),واژه‌ی جدید,concept
مقررات مربوط,68,55,action,وضع مقررات (0.77),واژه‌ی جدید,action
نیازی,74,55,concept,نیاز (0.86),واژه‌ی جدید,concept
با ارجاع,69,55,action,ارجاع (0.87),واژه‌ی جدید,action
اعتراض وکیل,68,55,action,اعتراض (0.83),واژه‌ی جدید,action
ساری,79,55,concept,سب (0.56),واژه‌ی جدید,concept
مانع از,59,55,concept,مانع (0.91),alias پیشنهادی برای «مانع»,concept
بخواسته الزام,59,55,action,الزام (0.79),واژه‌ی جدید,action
نحوی که,60,55,principle,لحاظ (0.62),واژه‌ی جدید,principle
رسیدگی تعیین,65,55,action,رسیدگی (0.89),alias پیشنهادی برای «رسیدگی»,action
طرف دعوی,61,55,action,اقامه دعوی (0.83),واژه‌ی جدید,action
به احراز,59,55,principle,طبق قانون (0.74),واژه‌ی جدید,principle
که زوجین,64,55,concept,ازدواج (0.63),واژه‌ی جدید,concept
از صحت,58,55,concept,صحت (0.76),واژه‌ی جدید,concept
راستا,56,55,concept,جهت‌گیری (0.64),واژه‌ی جدید,concept
عروسی,121,55,concept,ازدواج (0.80),واژه‌ی جدید,concept
اعسار از,94,55,concept,اعسار (0.78),واژه‌ی جدید,concept
صحبت,75,55,action,مذاکره (0.73),واژه‌ی جدید,action
مجبور,60,55,concept,ملزم بودن (0.74),واژه‌ی جدید,concept
نظر این,56,55,role,صاحب‌نظر (0.72),واژه‌ی جدید,REMOVE
موضوع شکایت,66,55,object,شکایت (0.93),alias پیشنهادی برای «شکایت»,object
را فسخ,64,55,action,فسخ (0.90),alias پیشنهادی برای «فسخ»,action
وکالت الف,63,55,concept,وکالت (0.81),واژه‌ی جدید,concept
ردیف سوم,102,55,role,ثالث (0.68),واژه‌ی جدید,REMOVE
از فوت,82,55,concept,موت (0.68),واژه‌ی جدید,concept
چهارصد,89,55,object,ماده 147 (0.53),واژه‌ی جدید,object
دلالت دارد,59,55,concept,صراحت (0.73),واژه‌ی جدید,concept
پرداخته,65,55,action,پرداخت (0.76),واژه‌ی جدید,action
جواب,130,55,action,رد (0.80),واژه‌ی جدید,action
تحریر,69,55,action,تحریر ترکه (0.76),واژه‌ی جدید,action
لیست,110,55,action,جمع‌بندی (0.61),واژه‌ی جدید,action
که جهت,61,55,concept,جهت‌گیری (0.69),واژه‌ی جدید,concept
تجدیدنظرخواسته تأیید,56,55,action,تأیید (0.81),واژه‌ی جدید,action
را تکرار,70,55,action,یادآوری (0.69),واژه‌ی جدید,action
نیا,61,55,role,نایب (0.62),واژه‌ی جدید,REMOVE
به اسامی,63,55,object,نام (0.74),واژه‌ی جدید,object
رفتم,104,55,object,رسید (0.66),واژه‌ی جدید,object
لوایح دفاعیه,55,55,action,لایحه دفاعیه (0.84),واژه‌ی جدید,action
حکم تمکین,86,55,action,تمکین (0.83),واژه‌ی جدید,action
تجدیدنظرخواسته مطابق,55,55,object,رای تجدیدنظر (0.77),واژه‌ی جدید,object
فرهبد,59,55,object,موهوبه (0.50),واژه‌ی جدید,object
فوق را,58,54,concept,تجاوز (0.60),واژه‌ی جدید,concept
با وارد,60,54,action,ورود اطلاعات (0.71),واژه‌ی جدید,action
مساعی,57,54,object,حق‌السعی (0.66),واژه‌ی جدید,object
مذکور نیز,57,54,object,تبصره (0.64),واژه‌ی جدید,object
مثل,66,54,object,نمونه (0.67),واژه‌ی جدید,REMOVE
سوی تجدیدنظرخواه,55,54,concept,تجدیدنظر (0.80),واژه‌ی جدید,concept
کشور می,56,54,object,مایملک (0.57),واژه‌ی جدید,object
دادگاه نموده,64,54,role,محکوم‌علیه (0.70),واژه‌ی جدید,role
ماهیتی,63,54,concept,ماهیت (0.89),alias پیشنهادی برای «ماهیت»,concept
مفاد قرارداد,70,54,object,قرارداد (0.78),واژه‌ی جدید,object
وکیل خواندگان,124,54,role,وکیل (0.69),واژه‌ی جدید,role
تأخیر در,100,54,concept,تأخیر (0.96),alias پیشنهادی برای «تأخیر»,concept
دنبال,65,54,action,تعقیب (0.85),واژه‌ی جدید,action
اتمام,70,54,action,ایفای تعهد (0.66),واژه‌ی جدید,action
طبق نظر,63,54,principle,طبق قانون (0.82),واژه‌ی جدید,principle
این مرجع,59,54,action,ارجاع (0.64),واژه‌ی جدید,action
حادث,61,54,concept,خسارت وارده (0.78),واژه‌ی جدید,concept
ارسالی,61,54,concept,اطلاق (0.67),واژه‌ی جدید,concept
صورتمجلس,79,54,object,گزارش مالی (0.69),واژه‌ی جدید,object
مفید,68,54,role,جد (0.64),واژه‌ی جدید,role
بازپرسی,91,54,role,بازپرس (0.92),alias پیشنهادی برای «بازپرس»,role
کذب,69,54,action,نفی (0.69),واژه‌ی جدید,REMOVE
قضات,63,54,principle,قضائی (0.77),واژه‌ی جدید,principle
خواسته نقض,56,54,action,نقض (0.81),واژه‌ی جدید,action
نامه های,85,54,object,وصیت‌نامه (0.72),واژه‌ی جدید,object
همین دادگاه,57,54,object,شعبه دادگاه (0.69),واژه‌ی جدید,object
رد واخواهی,64,54,action,رد (0.69),واژه‌ی جدید,action
که مصون,56,54,concept,معافیت (0.66),واژه‌ی جدید,concept
نقض است,58,54,action,نقض (0.89),alias پیشنهادی برای «نقض»,action
های دادرسی,65,54,concept,دادرسی (0.86),واژه‌ی جدید,concept
تاریخ صدور,77,54,concept,زمان اجرا (0.60),واژه‌ی جدید,concept
خواهان طی,58,54,object,طلب (0.74),واژه‌ی جدید,object
مالکیتی,61,54,concept,مالکیت (0.95),alias پیشنهادی برای «مالکیت»,concept
بطلان معامله,131,54,concept,بطلان (0.78),واژه‌ی جدید,concept
موجب مبایعه,68,54,object,مبایعه‌نامه (0.65),واژه‌ی جدید,object
دهد که,63,54,action,بذل (0.68),واژه‌ی جدید,action
از زوجه,75,54,concept,شخص (0.62),واژه‌ی جدید,concept
موکلش,75,54,role,مکره (0.56),واژه‌ی جدید,role
قانون با,55,54,object,قانون (0.82),واژه‌ی جدید,object
قابل انطباق,54,54,concept,قابل اجرا بودن (0.75),واژه‌ی جدید,concept
نقض یا,54,54,action,نقض (0.83),واژه‌ی جدید,action
به تبع,68,54,action,تبعیت (0.71),واژه‌ی جدید,action
آگاهی,88,54,concept,خودآگاهی (0.67),واژه‌ی جدید,concept
انجام معامله,79,54,object,معامله (0.88),alias پیشنهادی برای «معامله»,object
بنابه,59,54,action,استنابه (0.67),واژه‌ی جدید,action
متناسب با,67,54,principle,طبق قانون (0.72),واژه‌ی جدید,principle
مع الوصف,57,54,principle,طبق قانون (0.70),واژه‌ی جدید,principle
زندگی را,70,54,concept,حق زندگی (0.64),واژه‌ی جدید,concept
آمده از,58,54,action,مأخوذ (0.68),واژه‌ی جدید,action
ابتدای,65,54,object,یادداشت (0.64),واژه‌ی جدید,object
گفتم,119,54,concept,ادعا (0.66),واژه‌ی جدید,concept
هویت,100,54,concept,هویت حقوقی (0.85),واژه‌ی جدید,concept
در رهن,116,54,concept,رهن (0.87),alias پیشنهادی برای «رهن»,concept
ای در,57,54,principle,طبق قانون (0.64),واژه‌ی جدید,principle
نسبی,69,54,concept,نسب (0.88),alias پیشنهادی برای «نسب»,concept
قاعده فقهی,62,54,concept,قانون عرفی (0.63),واژه‌ی جدید,concept
بازگشت به,66,54,action,اعاده وضع به حالت سابق (0.74),واژه‌ی جدید,action
کند،,64,54,object,کمک (0.61),واژه‌ی جدید,object
رأی تجدیدنظرخواسته,73,54,object,رای تجدیدنظر (0.93),alias پیشنهادی برای «رای تجدیدنظر»,object
است مگر,59,54,principle,فقط در صورت (0.70),واژه‌ی جدید,principle
می‌نماید رأی,58,54,object,رأی (0.80),واژه‌ی جدید,object
زوجه بوده,54,54,concept,نفقه (0.64),واژه‌ی جدید,concept
سوء رفتار,112,54,concept,سوءاستفاده (0.75),واژه‌ی جدید,concept
اینکه این,54,53,concept,قانونی بودن (0.60),واژه‌ی جدید,REMOVE
در جلسات,61,53,object,جلسه (0.84),واژه‌ی جدید,object
غیرموجه,58,53,concept,غیرمجاز (0.80),واژه‌ی جدید,concept
مالی خود,71,53,concept,وضعیت مالی (0.78),واژه‌ی جدید,concept
عدم حصول,62,53,concept,نبود صلاحیت (0.79),واژه‌ی جدید,concept
طرفین بوده,54,53,action,طی تفاهم (0.68),واژه‌ی جدید,action
قطعیت یافته,55,53,concept,احکام قطعی (0.71),واژه‌ی جدید,concept
زوجه پرداخت,66,53,action,پرداخت (0.72),واژه‌ی جدید,action
زوج فرجام,99,53,action,فرجام (0.71),واژه‌ی جدید,action
ریال تعیین,69,53,concept,حق تعیین (0.66),واژه‌ی جدید,concept
ادعای زوجه,69,53,concept,ادعا (0.72),واژه‌ی جدید,concept
سوی دادگاه,53,53,concept,نظر دادگاه (0.76),واژه‌ی جدید,concept
اساس دادنامه,59,53,object,اساسنامه (0.72),واژه‌ی جدید,object
وحق,60,53,concept,حق (0.83),واژه‌ی جدید,REMOVE
خصوص خواسته,60,53,object,طلب (0.75),واژه‌ی جدید,object
در خور,57,53,role,اهل (0.58),واژه‌ی جدید,role
عنوان شده,60,53,object,یادداشت (0.68),واژه‌ی جدید,object
خواسته از,59,53,object,طلب (0.78),واژه‌ی جدید,object
مرتبط,67,53,action,پیوست (0.70),واژه‌ی جدید,action
به شرکت,80,53,concept,شرکت (0.80),واژه‌ی جدید,concept
تواند به,55,53,object,موصى به (0.61),واژه‌ی جدید,object
به شایستگی,77,53,concept,کفایت (0.67),واژه‌ی جدید,concept
حذف,69,53,action,لغو (0.78),واژه‌ی جدید,REMOVE
اشخاص ثالث,88,53,role,شخص ثالث (0.89),alias پیشنهادی برای «شخص ثالث»,role
جزائی,94,53,concept,جزيه (0.81),واژه‌ی جدید,concept
به تقدیم,60,53,concept,تبرع (0.69),واژه‌ی جدید,concept
با شرایط,59,53,concept,طی شرایط خاص (0.83),واژه‌ی جدید,concept
همان دادگاه,58,53,action,ورود به دادگاه (0.70),واژه‌ی جدید,action
کشور به,59,53,role,دولت (0.62),واژه‌ی جدید,role
برای خواهان,59,53,object,طلب (0.72),واژه‌ی جدید,object
خواهد داشت,54,53,concept,مظنه (0.62),واژه‌ی جدید,concept
بایگانی,97,53,action,ذخیره (0.61),واژه‌ی جدید,action
شرطی,63,53,concept,شرط (0.84),واژه‌ی جدید,concept
ماه حبس,82,53,concept,حبس (0.82),واژه‌ی جدید,concept
تشکیل است,60,53,action,تأسیس (0.65),واژه‌ی جدید,action
حکم محکومیت,56,53,concept,محکومیت (0.91),alias پیشنهادی برای «محکومیت»,concept
در موارد,58,53,concept,طی شرایط خاص (0.79),واژه‌ی جدید,concept
متعاقدین,74,53,object,قرارداد (0.66),واژه‌ی جدید,object
آقای علی,67,53,role,صاحب‌حق (0.62),واژه‌ی جدید,role
موافق قانون,57,53,principle,رعایت قانون (0.78),واژه‌ی جدید,principle
نشده باشد,63,53,action,عدم حضور (0.69),واژه‌ی جدید,REMOVE
با بند,54,53,action,وضع قید (0.68),واژه‌ی جدید,action
انصراف,65,53,action,استعفا (0.74),واژه‌ی جدید,action
قانونی صادرشده,53,53,principle,قانونی (0.79),واژه‌ی جدید,principle
دریافت نموده,61,53,action,وصول (0.77),واژه‌ی جدید,action
متراژ,113,53,principle,معیار (0.63),واژه‌ی جدید,principle
است تقاضای,59,53,object,طلب (0.75),واژه‌ی جدید,object
این دادنامه,58,53,object,دادخواست (0.68),واژه‌ی جدید,object
بسیار,64,53,concept,عده (0.61),واژه‌ی جدید,concept
هدف,68,53,concept,مقصود (0.65),واژه‌ی جدید,REMOVE
من در,69,53,concept,شخص (0.64),واژه‌ی جدید,concept
سپس به,58,53,concept,به‌محکومیت (0.57),واژه‌ی جدید,concept
اجبار,89,53,action,الزام (0.79),واژه‌ی جدید,action
شق,62,53,concept,شفعه (0.62),واژه‌ی جدید,REMOVE
عدم استحقاق,60,53,concept,عدم صلاحیت (0.85),واژه‌ی جدید,concept
قیصری,54,53,concept,قهری (0.60),واژه‌ی جدید,concept
تجدیدنظرخوانده در,55,53,concept,قابل تجدیدنظر (0.80),واژه‌ی جدید,concept
صورتیکه,60,53,principle,فقط در صورت (0.69),واژه‌ی جدید,principle
در صورتیکه,60,53,principle,فقط در صورتی که (0.81),واژه‌ی جدید,principle
از بند,61,53,action,خروج از زندان (0.75),واژه‌ی جدید,action
اعمال حق,85,53,concept,حق (0.75),واژه‌ی جدید,concept
تجدیدنظر تهران,58,53,concept,تجدیدنظر (0.81),واژه‌ی جدید,concept
خود باقی,57,53,concept,خودآگاهی (0.66),واژه‌ی جدید,concept
از بین,71,53,concept,معدوم (0.64),واژه‌ی جدید,concept
درخواست رسیدگی,67,53,action,رسیدگی (0.86),واژه‌ی جدید,action
در برابر,63,53,concept,لامقابل (0.70),واژه‌ی جدید,concept
صادرکننده رأی,59,53,role,صادرکننده (0.75),واژه‌ی جدید,role
موضوع در,56,53,concept,خارج از موضوع (0.74),واژه‌ی جدید,concept
سنوات,65,53,concept,عده (0.63),واژه‌ی جدید,concept
دستور زوج,91,53,object,دستور (0.77),واژه‌ی جدید,object
را بذل,90,53,action,بذل (0.82),واژه‌ی جدید,action
در حضور,65,53,action,عدم حضور (0.70),واژه‌ی جدید,action
آن‌ها,111,53,role,اهل (0.61),واژه‌ی جدید,role
استوار می‌نماید,54,53,principle,ثبات (0.65),واژه‌ی جدید,principle
نود,68,53,role,جد (0.59),واژه‌ی جدید,REMOVE
تنظیم گردیده,63,53,action,تنظیم (0.75),واژه‌ی جدید,action
نمی‌باشد زیرا,54,53,action,عدم حضور (0.63),واژه‌ی جدید,action
بیمارستان,111,53,concept,شرکت (0.69),واژه‌ی جدید,concept
ماه پس,54,53,action,زیر پا گذاشتن (0.53),واژه‌ی جدید,action
ششم دادگاه,76,53,action,ورود به دادگاه (0.60),واژه‌ی جدید,action
شهرری,104,53,concept,قهری (0.61),واژه‌ی جدید,concept
محدوده,79,52,action,تعیین حدود (0.70),واژه‌ی جدید,action
برداری,93,52,action,گرفتن (0.62),واژه‌ی جدید,action
دعوی از,56,52,concept,دعوی (0.85),واژه‌ی جدید,concept
اساسا,73,52,concept,فرض (0.63),واژه‌ی جدید,concept
اشکال قانونی,53,52,concept,خلاف قانونی (0.75),واژه‌ی جدید,concept
پنج سال,80,52,concept,خمس (0.69),واژه‌ی جدید,concept
موکول,63,52,action,نکول (0.72),واژه‌ی جدید,action
مابه التفاوت,82,52,concept,تمایز (0.74),واژه‌ی جدید,concept
خواهی به,54,52,object,طلب (0.69),واژه‌ی جدید,object
را قابل,53,52,concept,قابل اجرا بودن (0.65),واژه‌ی جدید,REMOVE
مطروح,59,52,object,ماترک (0.53),واژه‌ی جدید,object
توصیف,69,52,action,ارزیابی (0.73),واژه‌ی جدید,action
که خانم,61,52,concept,شخص (0.60),واژه‌ی جدید,concept
اوصاف,62,52,concept,احوال (0.65),واژه‌ی جدید,concept
استرداد ثمن,117,52,action,استرداد (0.84),واژه‌ی جدید,action
به مازاد,70,52,object,تبصره (0.67),واژه‌ی جدید,object
صادر گردید,58,52,action,صادر کردن گواهی (0.72),واژه‌ی جدید,action
حقوق خود,61,52,concept,حقوق (0.84),واژه‌ی جدید,concept
وارد می,55,52,action,ورود اطلاعات (0.74),واژه‌ی جدید,action
نیازی به,69,52,concept,نیاز (0.74),واژه‌ی جدید,concept
زندگی با,63,52,concept,حق زندگی (0.60),واژه‌ی جدید,concept
به کلیه,53,52,object,کلیه (0.81),واژه‌ی جدید,object
های مذکور,60,52,role,اشخاص حقیقی (0.65),واژه‌ی جدید,role
مدرکیه,68,52,object,مدرک (0.74),واژه‌ی جدید,object
دردادگاه,52,52,action,طی روند دادرسی (0.78),واژه‌ی جدید,action
موضوعه بوده,54,52,role,موصی له (0.66),واژه‌ی جدید,role
واخواسته,82,52,action,واخواست (0.89),alias پیشنهادی برای «واخواست»,action
اینکه برابر,63,52,principle,طبق قانون (0.66),واژه‌ی جدید,principle
نظم,84,52,concept,نظم عمومی (0.74),واژه‌ی جدید,concept
ابلاغ رای,69,52,object,رای مشورتی (0.78),واژه‌ی جدید,object
استدلال به,64,52,action,استدلال (0.90),alias پیشنهادی برای «استدلال»,action
متعهد به,62,52,concept,وفاء به عهد (0.82),واژه‌ی جدید,concept
ویا,63,52,action,واخواست (0.59),واژه‌ی جدید,REMOVE
به محل,64,52,object,محل (0.84),واژه‌ی جدید,object
قرارداد را,71,52,object,قرارداد (0.83),واژه‌ی جدید,object
جهت انجام,56,52,principle,طبق قانون (0.68),واژه‌ی جدید,principle
بناء,60,52,action,تأسیس (0.68),واژه‌ی جدید,action
طبق دادنامه,66,52,principle,طبق قانون (0.80),واژه‌ی جدید,principle
را پذیرفته,56,52,action,پذیرش (0.77),واژه‌ی جدید,action
دقت در,55,52,principle,احتیاط (0.78),واژه‌ی جدید,principle
از طرح,58,52,action,پیشنهاد (0.65),واژه‌ی جدید,action
متعاقب آن,52,52,action,مرافقه (0.63),واژه‌ی جدید,action
کس,58,52,role,کمیته (0.59),واژه‌ی جدید,REMOVE
قرار استماع,56,52,object,جلسه (0.71),واژه‌ی جدید,object
اضافه نموده,60,52,object,تبصره (0.72),واژه‌ی جدید,object
پرونده استنادی,86,52,object,پرونده (0.81),واژه‌ی جدید,object
در باب,71,52,concept,خارج از موضوع (0.67),واژه‌ی جدید,concept
شوهرم,95,52,concept,ازدواج (0.67),واژه‌ی جدید,concept
جسمانی,75,52,concept,جزای بدنی (0.67),واژه‌ی جدید,concept
توسط زوجه,64,52,principle,طبق قانون (0.64),واژه‌ی جدید,principle
تجدیدنظرخواهی تجدیدنظرخواه,57,52,concept,تجدیدنظر (0.79),واژه‌ی جدید,concept
نداشتن,68,52,action,عدم حضور (0.75),واژه‌ی جدید,action
واخوانده,108,52,action,واخواست (0.63),واژه‌ی جدید,action
تا زمانی,63,52,concept,مؤجل (0.63),واژه‌ی جدید,concept
قمری,65,52,concept,قهری (0.57),واژه‌ی جدید,concept
به سه,70,52,concept,ثلث (0.67),واژه‌ی جدید,concept
سالگی,73,52,role,کودک (0.58),واژه‌ی جدید,role
صفت,128,52,concept,صفت حقوقی (0.81),واژه‌ی جدید,REMOVE
از آنان,57,52,role,اهل (0.60),واژه‌ی جدید,role
تهران از,55,52,concept,خارج از موضوع (0.55),واژه‌ی جدید,concept
خواهان دلیلی,56,52,object,طلب (0.75),واژه‌ی جدید,object
تشخیص به,54,52,action,کشف جرم (0.65),واژه‌ی جدید,action
خوف,77,52,concept,خطر (0.70),واژه‌ی جدید,REMOVE
معوقه از,75,52,concept,منقطع (0.74),واژه‌ی جدید,concept
سند سجلی,113,52,object,سند وقفی (0.78),واژه‌ی جدید,object
دایر به,61,51,role,مباشر (0.67),واژه‌ی جدید,role
طول زندگی,59,51,concept,حق زندگی (0.63),واژه‌ی جدید,concept
ان با,66,51,principle,طبق قانون (0.57),واژه‌ی جدید,principle
وکیل خود,57,51,role,وکیل (0.82),واژه‌ی جدید,role
در مراحل,56,51,action,طی مراحل قانونی (0.72),واژه‌ی جدید,action
به نمایندگی,54,51,role,نماینده (0.78),واژه‌ی جدید,role
حالی است,58,51,concept,احوال (0.65),واژه‌ی جدید,REMOVE
حسب دادنامه,65,51,principle,طبق قانون (0.77),واژه‌ی جدید,principle
ما بین,74,51,action,طی تفاهم (0.61),واژه‌ی جدید,action
ارسال نموده,59,51,action,طی نامه (0.67),واژه‌ی جدید,action
عامل,95,51,role,معامل (0.68),واژه‌ی جدید,role
اعتقاد,58,51,concept,ایمان (0.79),واژه‌ی جدید,concept
موجب قرارداد,53,51,object,قرارداد (0.76),واژه‌ی جدید,object
نامه به,60,51,action,طی نامه (0.77),واژه‌ی جدید,action
به قرارداد,56,51,object,قرارداد (0.85),واژه‌ی جدید,object
حقیقی,83,51,concept,شخصیت حقیقی (0.69),واژه‌ی جدید,concept
کتاب,93,51,object,کتاب قانون (0.77),واژه‌ی جدید,object
صندوق,79,51,object,صندوق بیمه (0.80),واژه‌ی جدید,object
وفق موازین,52,51,principle,طبق قانون (0.74),واژه‌ی جدید,principle
متهم در,103,51,role,متهم (0.91),alias پیشنهادی برای «متهم»,role
حمیدرضا,59,51,concept,دادرسی (0.48),واژه‌ی جدید,concept
می شوند,57,51,action,حصول (0.62),واژه‌ی جدید,REMOVE
ازدادنامه,58,51,object,اظهارنامه (0.66),واژه‌ی جدید,object
دعوای تجدیدنظرخواه,54,51,concept,تجدیدنظر (0.76),واژه‌ی جدید,concept
به دیگری,65,51,object,موصى به (0.69),واژه‌ی جدید,object
شرح متن,54,51,role,مضمون (0.70),واژه‌ی جدید,role
پارکینگ,137,51,object,شوارع (0.68),واژه‌ی جدید,object
در دستور,57,51,object,دستور (0.81),واژه‌ی جدید,object
به موارد,55,51,object,موصى به (0.67),واژه‌ی جدید,object
لازم است,58,51,concept,لازمه (0.80),واژه‌ی جدید,concept
صادر نگردیده,52,51,concept,مؤجل (0.67),واژه‌ی جدید,concept
موعد مقرر,71,51,concept,زمان اجرا (0.71),واژه‌ی جدید,concept
تاخیر در,91,51,concept,تأخیر (0.92),alias پیشنهادی برای «تأخیر»,concept
توجیه قانونی,54,51,object,دلایل توجیهی (0.83),واژه‌ی جدید,object
خواهر,99,51,object,پروانه (0.59),واژه‌ی جدید,object
کنار,64,51,concept,عطف (0.57),واژه‌ی جدید,concept
آن بوده,52,51,role,صاحب‌حق (0.60),واژه‌ی جدید,REMOVE
رأی مذکور,52,51,object,رأی (0.78),واژه‌ی جدید,object
سردفتر,87,51,object,دفترخانه (0.69),واژه‌ی جدید,object
قانونی با,55,51,principle,قانونی (0.90),alias پیشنهادی برای «قانونی»,principle
مرجوع,61,51,action,رجوع (0.64),واژه‌ی جدید,action
تشکیلات,90,51,action,تنظیم (0.67),واژه‌ی جدید,action
سال قبل,61,51,concept,شخص (0.60),واژه‌ی جدید,concept
پذیر,60,51,action,پذیرش (0.73),واژه‌ی جدید,action
طرفین پرونده,56,51,role,اصحاب دعوی (0.74),واژه‌ی جدید,role
حدی نیست,52,51,concept,حد (0.72),واژه‌ی جدید,concept
فرع بر,63,51,object,فرع ملک (0.72),واژه‌ی جدید,object
حیات,68,51,concept,حق زندگی (0.65),واژه‌ی جدید,concept
معترض‌عنه را,58,51,action,اعتراض (0.75),واژه‌ی جدید,action
ثابت شود,65,51,concept,ثبوت (0.80),واژه‌ی جدید,concept
نزدیک,61,51,concept,قرابت (0.75),واژه‌ی جدید,concept
عبارت است,54,51,concept,صراحت (0.67),واژه‌ی جدید,concept
جسمی,93,51,concept,جزای بدنی (0.70),واژه‌ی جدید,concept
بر نقض,51,51,action,نقض (0.88),alias پیشنهادی برای «نقض»,action
درگیری,96,51,concept,خشونت (0.77),واژه‌ی جدید,concept
ضمن احراز,52,51,principle,طبق قانون (0.74),واژه‌ی جدید,principle
ردّ اعتراض,56,51,concept,حق اعتراض (0.83),واژه‌ی جدید,concept
بابت اجرت,66,51,concept,اجرت (0.84),واژه‌ی جدید,concept
انجام تعهدات,79,50,concept,ایجاد تعهد (0.89),alias پیشنهادی برای «ایجاد تعهد»,concept
دادخواستی بخواسته,52,50,object,دادخواست (0.83),واژه‌ی جدید,object
طی تشریفات,58,50,action,طی آگهی (0.74),واژه‌ی جدید,action
تعیین میزان,54,50,action,تعیین حدود (0.77),واژه‌ی جدید,action
بعمل نیاورده,53,50,concept,غیرقابل اعمال (0.69),واژه‌ی جدید,concept
اعتراض نموده,56,50,action,اعتراض (0.88),alias پیشنهادی برای «اعتراض»,action
با مهریه,67,50,object,ارثیه (0.66),واژه‌ی جدید,object
فرجامخواهی نموده,56,50,action,فرجام (0.64),واژه‌ی جدید,action
دیگری به,58,50,concept,خارج از موضوع (0.67),واژه‌ی جدید,concept
بنابر این,59,50,principle,طبق قانون (0.67),واژه‌ی جدید,principle
تسهیلات,182,50,concept,قرض (0.76),واژه‌ی جدید,concept
از شرکت,77,50,concept,شرکت (0.81),واژه‌ی جدید,concept
انعقاد قرارداد,73,50,object,قرارداد (0.85),واژه‌ی جدید,object
آن دادگاه,56,50,concept,نظر دادگاه (0.72),واژه‌ی جدید,concept
در ماده,59,50,principle,طبق قانون (0.70),واژه‌ی جدید,principle
کنون,58,50,object,پروانه (0.55),واژه‌ی جدید,REMOVE
تا کنون,58,50,concept,پیشرفت (0.57),واژه‌ی جدید,concept
انتقال ملک,80,50,action,فروش ملک ورثه‌ای (0.72),واژه‌ی جدید,action
به پنجاه,62,50,concept,خمس (0.73),واژه‌ی جدید,concept
بوده در,50,50,role,موقوف علیه (0.60),واژه‌ی جدید,REMOVE
بیحقی خواهان,56,50,concept,بی‌تکلیفی (0.69),واژه‌ی جدید,concept
داری,67,50,action,داوری (0.62),واژه‌ی جدید,action
نظر قرار,59,50,action,قرار (0.83),واژه‌ی جدید,action
موفق,59,50,concept,توافق (0.64),واژه‌ی جدید,concept
وپرداخت,66,50,action,پرداخت (0.76),واژه‌ی جدید,action
کننده رأی,58,50,object,رأی (0.82),واژه‌ی جدید,object
نشدن,71,50,concept,ناتوانی (0.66),واژه‌ی جدید,concept
اول در,61,50,role,مباشر (0.58),واژه‌ی جدید,REMOVE
این ماده,62,50,concept,شخص (0.62),واژه‌ی جدید,concept
پرونده برای,58,50,object,پرونده (0.83),واژه‌ی جدید,object
ضربه شلاق,94,50,concept,خشونت (0.67),واژه‌ی جدید,concept
از رای,65,50,object,رأی (0.79),واژه‌ی جدید,object
کارشناسی در,58,50,concept,نظریه کارشناسی (0.73),واژه‌ی جدید,concept
شرکت در,76,50,action,شرکت در مزایده (0.82),واژه‌ی جدید,action
عباس,62,50,object,اعیان (0.53),واژه‌ی جدید,object
کیفری یک,148,50,concept,گروه کیفری (0.71),واژه‌ی جدید,concept
پی,59,50,role,پیک (0.74),واژه‌ی جدید,REMOVE
ارتباطی به,57,50,concept,رابطه حقوقی (0.69),واژه‌ی جدید,concept
با علم,65,50,principle,طبق قانون (0.64),واژه‌ی جدید,principle
حق تجدیدنظرخواه,54,50,concept,تجدیدنظر (0.85),واژه‌ی جدید,concept
تجدیدنظرخواه صادر,52,50,concept,تجدیدنظر (0.80),واژه‌ی جدید,concept
ازدواج کرده,71,50,concept,ازدواج (0.82),واژه‌ی جدید,concept
دو فرزند,74,50,role,اولاد (0.74),واژه‌ی جدید,role
هم زندگی,64,50,concept,هم‌راهی (0.76),واژه‌ی جدید,concept
بها,75,50,concept,هبه (0.63),واژه‌ی جدید,REMOVE
که ایشان,60,50,role,اصحاب دعوی (0.57),واژه‌ی جدید,role
دستور کار,54,50,object,دستور (0.83),واژه‌ی جدید,object
ایم,72,50,object,وام (0.68),واژه‌ی جدید,REMOVE
رها,70,50,concept,رهن (0.63),واژه‌ی جدید,REMOVE
تفاوت,62,50,concept,اختلاف (0.77),واژه‌ی جدید,concept
مبلغ مذکور,57,50,action,برآورد (0.68),واژه‌ی جدید,action
با آقای,75,50,role,موصی له (0.70),واژه‌ی جدید,role
به استدلال,51,50,action,استدلال (0.91),alias پیشنهادی برای «استدلال»,action
صادره مطابق,70,50,principle,طبق قانون (0.73),واژه‌ی جدید,principle
تهران را,55,50,action,رد (0.58),واژه‌ی جدید,action
که حق,61,50,concept,حق (0.77),واژه‌ی جدید,concept
سهامی,93,50,concept,سهم (0.71),واژه‌ی جدید,concept
حاجی,75,50,role,حاجب (0.77),واژه‌ی جدید,role
بینی شده,57,50,role,زیان‌دیده (0.66),واژه‌ی جدید,role
مورد قبول,56,50,action,پذیرش (0.78),واژه‌ی جدید,action
تقدیم می,52,50,action,پیشنهاد (0.74),واژه‌ی جدید,action
ندارد که,51,50,action,عدم حضور (0.61),واژه‌ی جدید,action
نظریه خود,62,50,action,خوداظهاری (0.70),واژه‌ی جدید,action
را مخدوش,50,50,concept,تلف (0.66),واژه‌ی جدید,concept
از سند,70,50,object,سند (0.84),واژه‌ی جدید,object
به ملک,72,50,action,ورود به ملک (0.69),واژه‌ی جدید,action
محال,90,50,role,محال عليه (0.74),واژه‌ی جدید,role
درمورد,67,50,role,مضمون (0.65),واژه‌ی جدید,role
بدون اذن,58,50,concept,غیرمجاز (0.73),واژه‌ی جدید,concept
بابت حق,60,50,concept,حق (0.76),واژه‌ی جدید,concept
قانون تشکیلات,89,50,object,قانون اراضی (0.63),واژه‌ی جدید,object
درصورتی که,59,50,principle,فقط در صورتی که (0.83),واژه‌ی جدید,principle
اثاث,79,50,object,لوازم (0.69),واژه‌ی جدید,object
مبیع به,59,50,role,بایع (0.71),واژه‌ی جدید,role
است خواهان,55,50,object,طلب (0.71),واژه‌ی جدید,object
پرونده آقای,52,50,object,پرونده (0.81),واژه‌ی جدید,object
به امضاء,64,50,action,امضاء (0.92),alias پیشنهادی برای «امضاء»,action
یک صد,85,50,object,واحد پول (0.66),واژه‌ی جدید,object
ضمن العقد,115,50,action,طی تفاهم (0.75),واژه‌ی جدید,action
بارداری,74,50,concept,ازدواج (0.63),واژه‌ی جدید,concept